Theme Id,Theme Name,Defination,Keywords,Status,Objective Count,Original Statements
550e8400-e29b-41d4-a716-446655440005,Parental Attitudes and Socio-Cultural Barriers,"This theme captures responses where parental beliefs, family mindsets, and cultural norms discourage girls from attending school. It includes attitudes such as prioritizing domestic roles for girls, believing education is unnecessary for them, concerns about dowry increasing with higher education, or long-standing traditions that limit girls' mobility and learning opportunities. These socio-cultural factors collectively shape decisions that keep girls out of school.","Discrimination,cultural beliefs,social pressure,not allowed,marriage,dowry,take care of siblings,girls do not need to study,girls run away,speak foul language,purdah,burkha,ghoonghat,caste,Dalit,SC ST,gender discrimination,religious restriction,much dowry,self esteem,lack role model,where will,after studying,villagers here,girls not allowed to go out,boys prioritized,gender inequality,girls restricted,girls kept at home,community norms,village tradition,conservative family,religious restrictions for girls,girls no need to study,girls should stay home,family honor at stake,girls not permitted,purdah system,women seclusion,girls education waste,cook food,become officer,role models,educational aspirations,urdu medium,what will she do,housework,no son,daughter burden,speech weak,mother tongue",Approved,437,22 | To empower girls through education and create awareness about its importance | 0.6264
,,,,,,40509 | To educate girls and provide them with equal opportunities for education | 0.6284
,,,,,,17101 | To educate parents about the importance of girls' education | 0.6462
,,,,,,28517 | To educate girls till 12th standard | 0.6972
,,,,,,28655 | To improve education for teenage girls by encouraging them to complete their studies till class 12 | 0.6014
,,,,,,28519 | To educate girls and empower them through education | 0.6108
,,,,,,22035 | To encourage teenage girls to continue their education beyond 10th class | 0.6437
,,,,,,28634 | To empower girls through education and make them independent | 0.6081
,,,,,,4282 | To educate girls at least till 12th standard and marry them after 18 years of age | 0.7244
,,,,,,14939 | To empower girls through education and make them independent | 0.6081
,,,,,,6689 | To encourage parents to educate their daughters and help them overcome hesitation in speaking in front of others | 0.6092
,,,,,,28635 | To empower girls through education and encourage them to pursue higher studies | 0.6403
,,,,,,28679 | To help Chandni Kumari get her Aadhar Card corrected so she can attend school | 0.7047
,,,,,,20737 | To improve education accessibility for girls by addressing transportation and Aadhaar card issues | 0.789
,,,,,,28697 | To help Bharti Kumari attend school daily by correcting her parents' Aadhaar cards | 0.704
,,,,,,15379 | To enroll Ruby Kumari in school by obtaining her Aadhaar card | 0.7133
,,,,,,7321 | To encourage teenage girls to pursue education and empower them for a better future | 0.6649
,,,,,,28536 | To empower girls and women in the community by highlighting the importance of education and encouraging them to pursue their studies beyond the 9th standard | 0.6519
,,,,,,4027 | To raise awareness about the importance of education in underprivileged communities and empower girls to pursue their educational goals | 0.6509
,,,,,,28603 | To empower girls through education and create awareness about its importance in the community | 0.6961
,,,,,,28680 | To help Chandni get her Aadhar card corrected so she can attend school | 0.6997
,,,,,,3907 | To educate girls and improve their socio-economic status | 0.6391
,,,,,,28604 | To empower girls through education and make them self-reliant | 0.6153
,,,,,,3880 | To improve girls education in the community | 0.7166
,,,,,,3881 | To empower girls through education and raise awareness about their rights | 0.6453
,,,,,,"6804 | To educate girls in Bakri village by informing their parents about government schemes and facilities, and encouraging them to send their children to school | 0.6021"
,,,,,,15408 | To solve the problem of girls not going to school and guardians not paying attention to it | 0.6374
,,,,,,3761 | To empower girls through education and raise awareness about its importance in the community | 0.694
,,,,,,4046 | To educate girls and make them aware of the importance of education | 0.6047
,,,,,,28546 | To empower girls through education and support their continued learning | 0.6492
,,,,,,15449 | To empower girls to become self-reliant through education | 0.6444
,,,,,,"28691 | To help teenage girls who have never attended school get enrolled and receive an education, by assisting them in obtaining necessary documents such as a date of birth and Aadhaar card | 0.7813"
,,,,,,28455 | To educate parents about the importance of equality and not allowing discrimination between boys and girls | 0.6889
,,,,,,40469 | To empower girls through education by providing them with opportunities to study beyond the 5th standard | 0.6551
,,,,,,28612 | To empower girls through education and help them overcome obstacles | 0.6628
,,,,,,28615 | To empower girls through education and make them self-reliant | 0.6153
,,,,,,41559 | To empower girls through education and make them aware of the importance of education | 0.6348
,,,,,,40564 | To educate girls and make them aware of the importance of education | 0.6047
,,,,,,40571 | To empower girls through education and create awareness about its importance | 0.6264
,,,,,,40576 | To increase awareness about the importance of education among girls in the community | 0.6685
,,,,,,41593 | To promote girl education and create awareness about the importance of education in the community | 0.648
,,,,,,"41602 | To solve the problem of lack of Aadhaar card and birth certificate, which was preventing the girls from getting admission in school. | 0.8768"
,,,,,,41605 | To educate girls and make them understand the importance of education | 0.6084
,,,,,,40596 | To enroll Chanda Kumari in school by obtaining her Aadhaar card and motivating her parents | 0.7006
,,,,,,40598 | To encourage parents to educate their girls by telling inspirational stories and discussing the children's right to education | 0.6081
,,,,,,40604 | To educate girls and empower them through education | 0.6108
,,,,,,41628 | To help Poonam Kumari get admitted to school by correcting errors in her Aadhar card | 0.6498
,,,,,,41631 | To help Seema Kumari get admission in school by making her Aadhar card | 0.7099
,,,,,,41633 | To encourage girls to continue their education and empower them to succeed in life | 0.6634
,,,,,,40629 | To empower girls through education and make them aware of its importance | 0.6224
,,,,,,41655 | To promote girl education and empower them to pursue their dreams | 0.6462
,,,,,,41657 | To promote girl child education and empower them through education | 0.6301
,,,,,,40639 | To empower adolescent girls by raising awareness about the importance of education and motivating them to pursue further studies | 0.6278
,,,,,,40640 | The objective of the project was to increase awareness about the importance of girls education in the community and to motivate the girls to pursue their studies. The project aimed to empower the girls to take control of their own education and to promote the importance of education in the community. | 0.6523
,,,,,,40641 | To provide education to underprivileged children | 0.6512
,,,,,,5854 | To improve access to education for underprivileged children in rural areas | 0.6434
,,,,,,28567 | To educate girls and encourage them to pursue higher education | 0.6038
,,,,,,41682 | To increase interest in education among girls in the community | 0.6516
,,,,,,40671 | To increase awareness and importance of education among deprived groups | 0.6966
,,,,,,40675 | To educate girls and create awareness about the importance of education among parents | 0.6377
,,,,,,40689 | To educate girls and make them aware of the importance of education in their lives | 0.6371
,,,,,,40712 | To increase girls' education in the community | 0.6949
,,,,,,40715 | To empower girls through education and help them understand its importance | 0.6361
,,,,,,40721 | To correct the Aadhaar card of Puja Kumari to enable her enrollment | 0.6661
,,,,,,40728 | To re-enroll Aradhana in school and ensure she continues her education | 0.6121
,,,,,,40815 | To empower girls through education and raise awareness about its importance | 0.6244
,,,,,,40816 | To empower girls in Majhi Tola to pursue education and overcome discrimination | 0.6253
,,,,,,40823 | To empower girls through education and encourage them to pursue their studies | 0.6699
,,,,,,4821 | To educate girls in the community by re-enrolling them in school and raising awareness about the importance of education | 0.6262
,,,,,,40777 | To help Puja Kumari get enrolled in school by correcting her Aadhaar card | 0.7345
,,,,,,40840 | To educate and empower girls in the community | 0.6639
,,,,,,40798 | To empower girls through education and encourage them to pursue higher studies | 0.6403
,,,,,,40849 | To connect children from deprived communities with mainstream education and raise awareness about its importance | 0.6349
,,,,,,40854 | To empower girls through education and provide them with opportunities for higher education | 0.6135
,,,,,,40871 | To promote education and empowerment of women in the community | 0.709
,,,,,,"40884 | To improve the education of girls in Rohtas, Bihar, by increasing awareness among parents and encouraging them to send their daughters to school. | 0.6082"
,,,,,,40888 | To get Sandhya Kumari enrolled in school by helping her parents make her Aadhar card | 0.6655
,,,,,,40897 | To promote girl education in Graam Mirjapur by addressing the issue of girls not being sent to school after the fifth grade | 0.617
,,,,,,29298 | To empower girls through education and help them become self-reliant | 0.6299
,,,,,,40914 | To empower girls through education and raise awareness about its importance | 0.6244
,,,,,,40917 | To empower girls through education and provide them with opportunities for a better future | 0.6188
,,,,,,40929 | To empower girls through education and help them achieve their goals | 0.6364
,,,,,,40934 | To provide girls with access to education and empower them to take control of their lives | 0.6376
,,,,,,40986 | To help Suman Kumari get her Aadhar card made and enroll her in school | 0.7167
,,,,,,41004 | To enroll Sonali Kumari in school by obtaining her birth certificate and Aadhar card | 0.6192
,,,,,,41015 | To empower girls through education and provide them with opportunities for a better future | 0.6188
,,,,,,15037 | To empower girls through education and help them become independent and confident individuals | 0.6312
,,,,,,"41033 | To help Rani get her Aadhar card and enroll in school, ensuring she has access to education and a better future | 0.63"
,,,,,,"41035 | To educate and empower girls in the community, ensuring they have access to quality education and a better future | 0.6555"
,,,,,,41044 | To increase awareness about higher education in the community and encourage girls to pursue it | 0.6071
,,,,,,16397 | To educate women and promote their development in the community | 0.612
,,,,,,28622 | To improve girls education by convincing guardians to send them to school | 0.6016
,,,,,,16548 | To empower girls through education by ensuring their safety on the way to school | 0.6114
,,,,,,41060 | The objective was to empower girls through education and address the issue of girls dropping out of school due to poverty. | 0.6819
,,,,,,41066 | To empower girls through education and raise awareness about its importance in the community | 0.694
,,,,,,41067 | To enroll Supriya Kumari in school by correcting errors in her Aadhaar card | 0.7116
,,,,,,41072 | To empower girls through education and encourage them to pursue their studies beyond the 8th grade | 0.6351
,,,,,,"41073 | To improve school attendance among teenage girls in Andapur, Bihar by addressing the challenges they face | 0.6294"
,,,,,,41080 | To improve education and awareness among women and children in the community | 0.6362
,,,,,,28471 | To enroll Soni Kumari in school despite the loss of her Aadhar card | 0.7054
,,,,,,28649 | To encourage girls to study and emphasize the importance of education | 0.6169
,,,,,,41124 | To educate girls and make them aware of the importance of education | 0.6047
,,,,,,41131 | To address the issue of depriving girls of education in the community | 0.7601
,,,,,,41133 | To improve education in Bihar by helping a girl get admission in class 9 despite a wrong date of birth in her Aadhar card | 0.7227
,,,,,,41143 | To improve education for underprivileged children by convincing their parents and helping them get admitted to school | 0.6093
,,,,,,41149 | To empower girls through education and improve their socio-economic status | 0.6667
,,,,,,41193 | To promote girl education in the village | 0.6241
,,,,,,41195 | To promote girl education and empower girls in the community | 0.7005
,,,,,,41220 | To help a girl get admitted to school by assisting with her Aadhar card issue | 0.8151
,,,,,,41222 | To help Munni Kumari get admitted to school by correcting her Aadhar card | 0.6827
,,,,,,41226 | To enroll Srishti Rani in school by obtaining her Aadhaar card | 0.7051
,,,,,,41249 | To create awareness about the importance of girls' education | 0.639
,,,,,,41256 | To educate girls in the community | 0.6133
,,,,,,41259 | To empower girls through education and make them independent | 0.6081
,,,,,,41261 | To empower girls through education by enrolling them in schools | 0.6263
,,,,,,28581 | To promote education among girls in Govindpur village and encourage them to continue their studies beyond primary level | 0.605
,,,,,,41265 | To enroll Sonali Kumari in school by correcting her Aadhaar | 0.6591
,,,,,,16483 | To empower girls through education and help them shape their future | 0.6316
,,,,,,29300 | To educate and empower girls from disadvantaged backgrounds | 0.6647
,,,,,,3968 | To empower girls through education and make them aware of its importance | 0.6224
,,,,,,40512 | To promote girl education and empower women through education | 0.6737
,,,,,,40515 | To increase girls' participation in education and empower them to take control of their future | 0.6566
,,,,,,28625 | To create awareness about the importance of education for girls and encourage them to pursue their studies beyond 12th class | 0.6566
,,,,,,41285 | To empower girls through education and make them aware of its importance | 0.6224
,,,,,,40527 | To empower girls through education by addressing the issue of unfair practices in schools | 0.6854
,,,,,,40531 | To promote girls' education and empower them through knowledge | 0.6249
,,,,,,40533 | To empower girls through education by resolving issues related to their educational pursuits | 0.6681
,,,,,,41298 | To empower girls through education and improve their socio-economic status | 0.6667
,,,,,,40540 | To empower girls through education and create a positive impact in their lives | 0.6258
,,,,,,"41309 | To help Chandni Kumari get an Aadhaar card and enroll in school, ensuring she can access government benefits and education | 0.6681"
,,,,,,28585 | To encourage girls to continue their education beyond 5th standard | 0.6477
,,,,,,41378 | To enroll Priyanshu Kumari in school by obtaining her Aadhar card | 0.6742
,,,,,,41419 | To empower girls through education and ensure they complete their schooling | 0.667
,,,,,,41442 | To help Pushpa Kumari get enrolled in class 9th by obtaining her Aadhaar card | 0.6719
,,,,,,41451 | To improve girls' education in the Mahadalit community | 0.6011
,,,,,,41460 | To empower girls through education and create awareness about its importance | 0.6264
,,,,,,41500 | To educate the girl child and take her forward | 0.6471
,,,,,,41502 | To empower girls through education and encourage them to attend school regularly | 0.6324
,,,,,,41521 | To make an Aadhar card for a girl who was unable to go to school due to lack of Aadhar card | 0.8577
,,,,,,41525 | To improve education for girls by addressing the lack of education and fear that prevents them from attending school | 0.7072
,,,,,,41536 | To get Manvi Kumari enrolled in school by correcting her Aadhaar card | 0.7176
,,,,,,41550 | To enhance girls education and encourage them to study | 0.6036
,,,,,,41551 | To promote girl education and encourage parents to enroll their daughters in school | 0.6873
,,,,,,28588 | To empower girls through education and make them self-reliant | 0.6153
,,,,,,48917 | To empower girls from deprived groups through education and motivate them to pursue their studies regularly | 0.6461
,,,,,,48919 | To empower girls in the community by raising awareness about the importance of education and encouraging them to pursue their studies | 0.6467
,,,,,,48947 | To help Anita Kumari get admission in school despite mistakes in her Aadhar card | 0.7049
,,,,,,48955 | To empower girls through education and make them aware of its importance | 0.6224
,,,,,,48958 | To promote girls' education | 0.6065
,,,,,,48978 | To promote girl education and empower girls in the village | 0.647
,,,,,,"48980 | To ensure Rani Kumari gets enrolled in school by obtaining an Aadhar card, which was the primary hindrance to her education | 0.7418"
,,,,,,49011 | To empower girls through education and create awareness about its importance | 0.6264
,,,,,,49013 | To empower girls through education and encourage them to enroll in school | 0.6549
,,,,,,5970 | To empower girls through education and help them stand on their own feet | 0.6113
,,,,,,28704 | To empower girls through education and make them aware of its importance | 0.6224
,,,,,,14966 | To educate girls till 12th class | 0.6383
,,,,,,3886 | To empower girls through education and reduce poverty in the community | 0.7208
,,,,,,6719 | To ensure girls can attend school without being teased by boys on the way | 0.7043
,,,,,,7153 | To empower girls through education and reduce poverty | 0.6612
,,,,,,6399 | To empower girls through education and improve their socio-economic status | 0.6667
,,,,,,29403 | To encourage girls to attend school and pursue their education | 0.6565
,,,,,,4234 | To empower a community by providing education and promoting the importance of education for girls. | 0.6291
,,,,,,4245 | To encourage girls to attend school and participate in educational activities | 0.614
,,,,,,3972 | To educate adolescent girls and empower them through education | 0.6385
,,,,,,7304 | To promote education among adolescent girls and empower them to attend school | 0.65
,,,,,,4945 | To empower rural children through education by addressing the issue of child labor and lack of access to quality education | 0.6116
,,,,,,4252 | To raise the issue of education and connect girls with teachers | 0.6212
,,,,,,7331 | To educate girls and empower them through education | 0.6108
,,,,,,7284 | To promote girls' education | 0.6065
,,,,,,4065 | To improve girls' education in the community | 0.7136
,,,,,,4086 | To empower girls through education and promote gender equality | 0.7386
,,,,,,"5015 | To provide equal access to education for girls and boys, addressing the issue of discrimination and social norms that prevent girls from attending school | 0.7342"
,,,,,,4280 | To empower girls through education and help them understand their rights and responsibilities | 0.6366
,,,,,,16448 | To empower girls through education and encourage them to continue their studies despite challenges. | 0.6633
,,,,,,7791 | To educate girls and make them aware of their rights and importance of education | 0.6034
,,,,,,"16452 | To enroll girls in school who were not attending due to lack of Aadhaar cards, by educating parents on the importance of education and providing support for Aadhaar card creation. | 0.8625"
,,,,,,5447 | To educate girls and raise awareness about the importance of education in the community | 0.6715
,,,,,,8316 | To encourage adolescent girls to attend school | 0.6571
,,,,,,19678 | To improve girls' education in the community | 0.7136
,,,,,,3961 | To educate girls and empower them through education | 0.6108
,,,,,,3924 | To educate girls at least till 12th standard and delay their marriage till 18 years | 0.7123
,,,,,,3982 | To provide educational opportunities to underprivileged children and improve their overall well-being | 0.613
,,,,,,10775 | To educate girls at least till 12th standard and encourage them to continue their studies while doing household chores | 0.6748
,,,,,,4020 | To empower girls through education and make them independent | 0.6081
,,,,,,3977 | To empower girls through education and reduce poverty in the village | 0.6701
,,,,,,9552 | To educate women about the importance of education and its role in the world | 0.6005
,,,,,,3987 | To ensure all girls in the village receive education up to 12th standard | 0.6484
,,,,,,29070 | To empower girls through education and create a supportive community | 0.6663
,,,,,,3934 | To educate children from poor communities and encourage them to continue their studies beyond class 5 | 0.6049
,,,,,,3936 | To educate girls and empower them through education | 0.6108
,,,,,,9557 | To empower girls through education | 0.6422
,,,,,,4094 | To empower girls through education and raise awareness about poverty | 0.6509
,,,,,,28959 | To help Shivani Kumari get her Aadhar card made so she can be enrolled in school | 0.6872
,,,,,,5315 | To educate girls in rural areas for their development and empowerment | 0.6107
,,,,,,4150 | To empower girls through education and help them become independent | 0.6117
,,,,,,4162 | To empower girls through education and create awareness about its importance | 0.6264
,,,,,,16512 | To educate children in a deprived society by involving parents and the community | 0.6807
,,,,,,6450 | To provide education to deprived teenagers and empower them through learning | 0.6835
,,,,,,14964 | To educate girls and empower them through education | 0.6108
,,,,,,28749 | To educate girls and empower them through education | 0.6108
,,,,,,6971 | To empower girls through education by discussing the importance of education and available schemes with parents and community members | 0.664
,,,,,,28758 | To empower girls through education by addressing the issue of lack of date of birth and Aadhaar card | 0.7991
,,,,,,6914 | To improve education for underprivileged children by providing them with resources and support | 0.639
,,,,,,4048 | To educate girls and make them self-dependent by continuing their studies | 0.6036
,,,,,,7148 | To empower women and girls in the community through education and awareness | 0.7024
,,,,,,7735 | To educate women about the importance of education and its impact on their lives | 0.6082
,,,,,,8034 | To educate girls at least till Intermediate level to improve their socio-economic status | 0.6578
,,,,,,29226 | To provide girls with access to education and empower them to pursue their goals | 0.6711
,,,,,,16446 | To empower girls to overcome their hesitation and take an interest in their studies | 0.6036
,,,,,,7871 | To encourage adolescent girls to pursue higher education and create a brighter future for themselves | 0.6124
,,,,,,16456 | To improve girls education by ensuring their safety on the way to school | 0.6125
,,,,,,29180 | To empower girls through education and make them independent | 0.6081
,,,,,,14999 | To educate girls in the village and empower them through education | 0.6066
,,,,,,8495 | To empower girls through education and improve their social status | 0.6728
,,,,,,16589 | To help Riya Kumari get an Aadhar card and enroll in school | 0.6431
,,,,,,"16595 | To improve education by ensuring all girls have an Aadhar card, which is necessary for school admission | 0.836"
,,,,,,9371 | To educate girls at least till 12th class and provide full support to overcome any shortcomings | 0.6749
,,,,,,28776 | To help Pinky Kumari continue her education despite household chores and financial hardship | 0.6044
,,,,,,29227 | To empower girls through education and help them achieve their goals | 0.6364
,,,,,,8944 | To educate girls and create awareness about the importance of education in the community | 0.6734
,,,,,,15155 | To empower girls to pursue education and overcome obstacles | 0.7088
,,,,,,15034 | To empower girls through education and make them self-reliant | 0.6153
,,,,,,10171 | To improve access to education for underprivileged children | 0.6381
,,,,,,"29216 | To promote education for girls and women in the community, highlighting its importance for personal and societal development. | 0.621"
,,,,,,15036 | To ensure girls' education is not disrupted due to lack of Aadhaar card | 0.9191
,,,,,,15052 | To educate girls and make them understand the importance of education | 0.6084
,,,,,,28786 | To help a teenage girl get admission in Class 9 by correcting her Aadhaar card | 0.7828
,,,,,,15236 | To empower girls through education and improve their socio-economic status | 0.6667
,,,,,,28987 | To educate girls and empower them through education | 0.6108
,,,,,,15146 | To empower girls through education and reduce the number of school-deprived teenagers | 0.6469
,,,,,,15148 | To educate girls and empower them through education | 0.6108
,,,,,,15145 | To educate adolescent girls and empower them through education | 0.6385
,,,,,,15143 | To educate girls and empower them through education | 0.6108
,,,,,,11476 | To improve girls' education in the village by paying more attention to them | 0.6348
,,,,,,15186 | To empower girls through education and raise awareness about its importance in the community | 0.694
,,,,,,15208 | To educate girls and make them aware of the importance of education | 0.6047
,,,,,,15216 | To empower girls through education | 0.6422
,,,,,,15217 | To empower girls through education and make them self-reliant | 0.6153
,,,,,,"15229 | To empower girls in the community by providing them with access to education and training, and to help them become leaders and role models for others | 0.6098"
,,,,,,15239 | To empower girls through education and encourage them to pursue their studies beyond matriculation | 0.6205
,,,,,,4173 | To ensure girls are educated till 12th standard and not married at a young age | 0.7327
,,,,,,15244 | To educate girls and empower them through education | 0.6108
,,,,,,28805 | To improve girls' education in rural Bihar by raising awareness and motivating parents to send their daughters to school | 0.608
,,,,,,15246 | To empower girls through education and make them independent | 0.6081
,,,,,,15026 | To educate girls and make them aware of the importance of education | 0.6047
,,,,,,15038 | To empower adolescent girls in the community by providing them with access to higher education and making them aware of the importance of education. | 0.6022
,,,,,,"15051 | To enroll a girl in school by obtaining an Aadhar card, as lack of Aadhar card was a barrier to her education | 0.8804"
,,,,,,15488 | To empower teenage girls through education and make them aware of its importance | 0.6002
,,,,,,15058 | To help Komal Kumari continue her education by obtaining an Aadhar card | 0.6688
,,,,,,3995 | To empower girls through education and make them aware of its importance | 0.6224
,,,,,,"4078 | To empower girls in the community through education and awareness, addressing the challenge of poverty and lack of access to opportunities | 0.7162"
,,,,,,15242 | To ensure equal rights to education for boys and girls | 0.627
,,,,,,15250 | To increase girls participation in education by addressing the root cause of poverty and engaging the community | 0.6784
,,,,,,25421 | To empower girls by educating them and making their parents aware of the importance of education | 0.6193
,,,,,,4050 | To empower girls through education and make them self-reliant | 0.6153
,,,,,,4072 | To change the social thinking and promote education for girls in the community | 0.6499
,,,,,,6021 | To promote girls education and empower them to participate enthusiastically in studies | 0.6118
,,,,,,6907 | To educate children till the age of 12th | 0.6044
,,,,,,15366 | To empower girls through education and improve their overall well-being | 0.6001
,,,,,,16568 | To empower girls through education by making parents aware of its importance | 0.6
,,,,,,"5039 | The objective of the project was to increase girls enrollment and attendance in school, and to change parental attitudes towards girls education. | 0.6003"
,,,,,,15846 | To advance the lives of girls through education | 0.6273
,,,,,,15116 | To help Samta Kumari obtain an Aadhar card and enroll in school despite her family's financial struggles | 0.7135
,,,,,,21045 | To provide education to underprivileged children and empower them to create a better future for themselves | 0.6204
,,,,,,16029 | To empower girls to pursue higher education despite financial constraints | 0.6473
,,,,,,3994 | To empower girls through education and improve their socio-economic status | 0.6667
,,,,,,16405 | To empower girls through education and increase awareness about the importance of education for girls | 0.6632
,,,,,,16328 | To empower girls through education and raise awareness about its importance | 0.6244
,,,,,,21541 | To provide equal education to girls and boys | 0.6019
,,,,,,4204 | To promote girls education and empower them to become strong women | 0.6154
,,,,,,15501 | To encourage girls to continue their education beyond 8th class and promote gender equality in the community | 0.72
,,,,,,4100 | To improve education for adolescent girls in Jai Prakash Nagar by addressing financial constraints and distance from school | 0.6261
,,,,,,3856 | To empower women in the village through awareness programs and education | 0.6159
,,,,,,16142 | To promote education for daughters and empower them to achieve their goals | 0.6149
,,,,,,5072 | To empower girls by providing them with the opportunity to attend school and receive an education | 0.6504
,,,,,,"4298 | To educate and empower girls through Kishori Manch meetings and discussions, addressing patriarchal issues and promoting gender equality | 0.6063"
,,,,,,5013 | To empower girls through education and reduce the gender gap | 0.7159
,,,,,,"4288 | To help women obtain birth certificates and Aadhaar cards, enabling them to enroll their children in school | 0.7639"
,,,,,,"5255 | To provide equal educational opportunities to underprivileged children, especially girls, and empower them through education | 0.6149"
,,,,,,4983 | To empower girls through education and change the mindset of parents | 0.6151
,,,,,,"4260 | To educate girls and convince their parents to send them to school, highlighting the importance of education in solving problems and living a better life | 0.6176"
,,,,,,5657 | To send boys and girls to school every day and marry them only after they pass 12th standard | 0.612
,,,,,,9754 | To encourage girls to continue their studies despite obstacles | 0.6943
,,,,,,16603 | To improve girls' education in the community by making them understand the importance of education and making their parents aware of it | 0.6332
,,,,,,15061 | To empower girls through education | 0.6422
,,,,,,10420 | To address the issue of drop-out children by creating awareness about education and its importance | 0.6222
,,,,,,3971 | To empower girls through education by raising awareness about the importance of education and providing support for enrollment | 0.6209
,,,,,,3963 | To ensure girls can attend school safely and confidently | 0.6405
,,,,,,15260 | To encourage girls to pursue further studies despite the distance to school | 0.6276
,,,,,,15504 | To promote girls' education and equality | 0.6682
,,,,,,29320 | To promote girl education and empower women in the community | 0.7228
,,,,,,15361 | To help Gudiya Kumari get her Aadhar card made and enroll in school | 0.6924
,,,,,,4164 | To empower girls through education and overcome societal barriers | 0.6701
,,,,,,15264 | To help a girl get her Aadhaar card made so she can be enrolled in school | 0.8392
,,,,,,15279 | To help Mala Kumari get admission in school by correcting her Aadhar card | 0.6756
,,,,,,4194 | To empower girls through education and raise awareness about its importance | 0.6244
,,,,,,4103 | To empower girls through education and address the problem of lack of education in the community | 0.7275
,,,,,,15313 | To help Radha Kumari get admitted to school by correcting her date of birth on her Aadhaar card and birth certificate | 0.6402
,,,,,,28839 | To help Manisha rejoin school after her studies were interrupted due to an incorrect Aadhaar card | 0.7073
,,,,,,"15337 | To enroll a girl in school by obtaining an Aadhar card, which was a requirement for admission | 0.854"
,,,,,,4139 | To empower girls through education and increase their participation in schools | 0.6491
,,,,,,15370 | To get Aarti Kumari admitted to the ninth class by correcting her name in the Aadhar card | 0.6261
,,,,,,4054 | To empower girls through education and increase their enrollment in schools | 0.6346
,,,,,,"28845 | To create awareness about the importance of education among community members, especially for girls | 0.6522"
,,,,,,3930 | To empower girls through education and ensure they complete their studies | 0.645
,,,,,,5391 | To help girls obtain Aadhaar cards and encourage their education | 0.8112
,,,,,,3887 | To empower girls through education and make them aware of its importance | 0.6224
,,,,,,4095 | To empower girls through education and increase awareness about its importance | 0.6235
,,,,,,3884 | To educate girls and increase awareness about the importance of education | 0.6075
,,,,,,6679 | To empower girls through education and raise awareness about its importance | 0.6244
,,,,,,19202 | To educate girls and empower them through education | 0.6108
,,,,,,29103 | To increase awareness about the importance of education among girls in the community and encourage them to attend school | 0.6237
,,,,,,15435 | To encourage girls to pursue education and continue their studies | 0.6487
,,,,,,15438 | To encourage girls to pursue higher education and promote equality in educational opportunities | 0.6633
,,,,,,15442 | To educate girls and make them aware of the importance of education in their lives | 0.6371
,,,,,,4102 | To empower girls in the community by encouraging them to pursue higher education and overcome financial and household constraints | 0.6578
,,,,,,15480 | To empower adolescent girls in the community to pursue higher education and make informed decisions about their lives | 0.6081
,,,,,,15286 | To help Radha Kumari get admission in Class 6 by correcting her Aadhaar card | 0.6491
,,,,,,15492 | To promote education for daughters in the community and empower them through knowledge | 0.6415
,,,,,,"5342 | To support and encourage girls to pursue their education, despite financial constraints and societal pressures | 0.7239"
,,,,,,15505 | To empower girls through education by providing them with the necessary resources and support | 0.6554
,,,,,,"13847 | To address the issue of girls dropping out of school due to gender discrimination, distance, and safety concerns, and to promote girls' education | 0.6897"
,,,,,,15606 | To empower girls through education and help them stand on their own feet | 0.6113
,,,,,,15682 | To educate girls about the importance of education and motivate them to pursue higher education | 0.6073
,,,,,,15700 | To empower women through education and improve their role in the community | 0.6908
,,,,,,15722 | To provide education to underprivileged children | 0.6512
,,,,,,7823 | To delay the marriage of children until they are 18 years old | 0.6218
,,,,,,16450 | To educate adolescent girls and make them aware of the importance of education | 0.6012
,,,,,,15828 | To empower girls through education and help them achieve their full potential | 0.6287
,,,,,,16457 | To educate parents about the importance of girls education and encourage them to support their daughters in completing their studies | 0.6375
,,,,,,29025 | To empower girls through education and help them achieve their goals | 0.6364
,,,,,,29026 | To help girls get government benefits in school by obtaining Aadhar cards | 0.7622
,,,,,,29110 | To empower girls through education and make them aware of its importance | 0.6224
,,,,,,15977 | To empower girls through education and prevent sexual harassment in schools and colleges | 0.6005
,,,,,,16041 | To educate girls at least till 12th standard | 0.7127
,,,,,,4134 | To empower girls through education and improve their overall well-being | 0.6001
,,,,,,16206 | To empower women through education and increase awareness about the importance of education | 0.6014
,,,,,,18916 | To promote girls' education | 0.6065
,,,,,,16257 | To encourage girls to continue their education and empower them through knowledge | 0.6619
,,,,,,16318 | To educate girls till 12th standard and make them aware of the benefits of education | 0.7082
,,,,,,16402 | To promote girls' education | 0.6065
,,,,,,15144 | To educate girls in the community about the importance of education and encourage them to pursue their studies beyond 10th class | 0.6143
,,,,,,3912 | To empower girls through education and make them aware of its importance | 0.6224
,,,,,,16884 | To empower girls through education and help them become independent | 0.6117
,,,,,,4197 | To eliminate discrimination between boys and girls in schools | 0.7082
,,,,,,28891 | To educate girls and make them aware of the importance of education | 0.6047
,,,,,,28892 | To help a girl enroll in school by getting her Aadhaar card updated | 0.8545
,,,,,,11611 | To empower women leaders in the community through education and motivation | 0.6224
,,,,,,15245 | To empower girls through education and make them aware of their rights | 0.6141
,,,,,,15221 | To empower girls in the village to complete their education and improve their socio-economic status | 0.6359
,,,,,,12619 | To empower girls through education and create a better future for them | 0.6216
,,,,,,4160 | To empower girls through education | 0.6422
,,,,,,4104 | To empower girls through education and raise awareness about its importance | 0.6244
,,,,,,15317 | To promote girls education and empower them through knowledge | 0.6195
,,,,,,15320 | To promote girls' education and empower them through community engagement | 0.6195
,,,,,,15381 | To empower girls in the community by providing them with access to education | 0.6832
,,,,,,3973 | To promote equal opportunities for girls in education and challenge discriminatory attitudes | 0.7631
,,,,,,4029 | To educate girls and make them aware of the importance of education | 0.6047
,,,,,,4013 | To address the problem of patriarchal thinking and lack of awareness about the importance of girls' education | 0.6507
,,,,,,19229 | To empower girls through education | 0.6422
,,,,,,19217 | To empower women in the village to educate their children by explaining the importance of education | 0.6066
,,,,,,"19878 | To help a girl who had dropped out of school due to her mother's absence and lack of Aadhaar card, by organizing an education chaupal and facilitating her admission back into school | 0.7357"
,,,,,,4237 | To empower girls through education and raise awareness about its importance | 0.6244
,,,,,,4269 | To empower girls through education and create a brighter future for them | 0.6053
,,,,,,4241 | To educate girls and empower them through education | 0.6108
,,,,,,4279 | To educate girls about their rights and roles in society | 0.6199
,,,,,,5012 | To empower girls through education by changing parental attitudes and enrolling children in school | 0.636
,,,,,,4283 | To educate girls till 12th standard and stop child marriage | 0.7465
,,,,,,5349 | To empower girls in the community by providing them with access to education and job opportunities | 0.6823
,,,,,,14888 | To address the gender-based challenges in education by conducting awareness campaigns for parents | 0.6172
,,,,,,4596 | To connect girls to school for education and empower them | 0.6226
,,,,,,15296 | To educate village girls and increase awareness among them | 0.6165
,,,,,,15338 | To empower girls through education by encouraging their parents to send them to school | 0.6284
,,,,,,4080 | To educate girls and empower them through education | 0.6108
,,,,,,4017 | To promote education and empowerment of girls in rural areas | 0.6485
,,,,,,19232 | To empower girls through education and make them independent | 0.6081
,,,,,,15458 | To increase awareness among parents about the importance of education for girls and to encourage them to send their daughters to school | 0.6767
,,,,,,13880 | To educate women and children about gender sensitivity and promote awareness in the community | 0.7055
,,,,,,15702 | To improve education in rural Bihar by addressing the issue of children dropping out of school due to poverty and lack of understanding of education's importance | 0.6967
,,,,,,15757 | To encourage girls to attend school | 0.6381
,,,,,,15838 | To raise awareness among the community about the importance of girls education and to encourage all children to join schools and study | 0.6365
,,,,,,"16140 | To empower girls through education and make them aware of their goals, strategies, and life | 0.6174"
,,,,,,16703 | To empower girls through education and improve their future prospects | 0.6392
,,,,,,4202 | To improve girls education in Bahuara Ram Tola by encouraging them to study till 12th standard | 0.6201
,,,,,,15237 | To educate the community about the importance of education for girls | 0.6787
,,,,,,15196 | To enroll Durga Kumari in school by making her Aadhar card | 0.7332
,,,,,,15376 | To empower girls through education and encourage them to pursue their studies | 0.6699
,,,,,,4007 | To promote girls' education and challenge traditional mindsets that hinder their academic pursuits | 0.6806
,,,,,,4033 | To empower girls through education and help them overcome obstacles that prevent them from pursuing their studies | 0.6986
,,,,,,21510 | To empower adolescent girls through education and make them self-reliant | 0.637
,,,,,,4604 | To empower women through education and improve their socio-economic status | 0.6099
,,,,,,5056 | To empower girls through education by addressing the issue of gender discrimination and household responsibilities | 0.8158
,,,,,,28431 | To improve education for girls in the community by encouraging parents to enroll their children in school | 0.6503
,,,,,,16475 | To empower girls through education and make them self-reliant | 0.6153
,,,,,,29124 | To empower girls through education and encourage them to pursue their studies beyond the 8th grade | 0.6351
,,,,,,28459 | To empower girls through education and help them overcome poverty | 0.621
,,,,,,28467 | To empower girls through education and create a brighter future for them | 0.6053
,,,,,,28472 | To provide education to children in rural areas where schools are not available | 0.6583
,,,,,,29057 | To promote girls' education and provide equal opportunities for all | 0.6407
,,,,,,28476 | To educate girls and make them aware of the importance of education | 0.6047
,,,,,,29059 | To empower women in education | 0.6316
,,,,,,28478 | To empower girls through education and make them aware of its importance | 0.6224
,,,,,,28483 | To educate girls at least till 12th class to provide them better opportunities in life | 0.688
,,,,,,29275 | To educate girls about the importance of education and encourage them to attend school regularly | 0.6062
,,,,,,29395 | To enroll Kavita Kumari in school by obtaining her birth certificate and Aadhar card | 0.6385
,,,,,,29410 | To empower girls through education and encourage them to pursue further studies | 0.6654
,,,,,,"29412 | To solve the problem of Shilpi Kumari, a 9th-grade student, who was unable to continue her studies due to the lack of an Aadhar card | 0.7019"
,,,,,,29411 | To help Shobha Kumari correct her Aadhaar card and enroll in school for further education | 0.7441
,,,,,,"29413 | To help Suman, a student who dropped out of school due to not having an Aadhar card, by facilitating the creation of her Aadhar card and encouraging her to return to school | 0.6757"
,,,,,,29444 | To help Ranju Kumari get her Aadhaar card made and continue her education | 0.6933
,,,,,,29441 | To help the girl get enrolled in school by correcting her father's name in the Aadhaar card | 0.736
,,,,,,29417 | To encourage girls to pursue education and create a supportive community | 0.6549
,,,,,,29420 | To ensure all girls in the community receive an education up to the 12th standard | 0.6592
,,,,,,29443 | To enroll Ranju Kumari in class 6 by addressing the issue of her missing Aadhaar card | 0.6925
,,,,,,29462 | To empower girls through education and create a supportive community | 0.6663
,,,,,,4031 | To provide education to girls in the community and empower them | 0.6727
,,,,,,4110 | To educate girls and empower them to make a positive impact in their communities | 0.6079
,,,,,,15502 | To empower girls through education | 0.6422
,,,,,,40390 | To educate girls and make them aware of the importance of education | 0.6047
,,,,,,40441 | To empower girls to take an interest in their studies and complete their education | 0.6105
,,,,,,30811 | To empower girls through education by helping them obtain necessary documents and enrolling them in school | 0.6296
,,,,,,40409 | To empower girls through education and make them aware of its importance | 0.6224
,,,,,,40444 | To educate girls and empower them through education | 0.6108
,,,,,,40478 | To educate girls and empower them through education | 0.6108
,,,,,,31172 | To empower women through education and help them understand the importance of education | 0.6065
,,,,,,40481 | To empower girls through education and encourage them to pursue their studies | 0.6699
,,,,,,40386 | To empower girls through education and motivate them to pursue their dreams | 0.6202
,,,,,,32594 | To help two teenage girls get admission in school by correcting their Aadhar card names | 0.7877
,,,,,,40405 | To create awareness about the importance of education for girls in the community | 0.6945
,,,,,,40465 | To provide educational opportunities to underprivileged children and keep them away from begging and agricultural activities | 0.6175
,,,,,,40483 | To empower girls through education and convince parents to enroll them in school | 0.6451
,,,,,,34181 | To educate girls in Sira village and reduce poverty | 0.6203
,,,,,,33618 | To empower teenage girls through education and provide them with opportunities for a better future | 0.6014
,,,,,,40208 | To empower girls through education and increase their enrollment in schools | 0.6346
,,,,,,40276 | To educate girls and empower them through education | 0.6108
,,,,,,38360 | To help Sudha Kumari get enrolled in school by obtaining her Aadhar card | 0.7056
,,,,,,40448 | To empower girls through education and improve their socio-economic status | 0.6667
550e8400-e29b-41d4-a716-446655440006,School Infrastructure and Facility Issues,"This theme captures responses highlighting gaps in school facilities and infrastructure gaps. It includes issues such as inadequate classrooms, lack of basic amenities, insufficient learning resources, as well as delays, inconsistencies, or limited access to government schemes. Together, these systemic gaps reduce the attractiveness and effectiveness of schooling for children and families.","No clean water,toilets,mid day meal,scholarships,playgrounds,classrooms,pads,hygiene,books,uniforms,government schemes,sanitation,infrastructure,clean,cleanliness,no library,shortage of books,basic facilities,no electricity,no fan,PM Poshan,MDM,scholarship not received,hot meals,drinking water,reading corner,environment around school,conducive learning,well being,no toilet for girls,broken toilet,no drinking water in school,no separate toilet,no library,school building broken,no electricity in school,no blackboard,books not given on time,uniform not distributed,mid-day meal stopped,bad quality food,MDM irregularly provided,no playground,no boundary wall school,school not child friendly,compound system,play materials,water tank,coaching centre,special needs,anganwadi center,kasturba vidyalaya,upper primary school,disabled child,seating arrangement,menstruation facilities,reading interest,extracurricular",Approved,321,11 | Improve school toilet conditions | 0.8149
,,,,,,10 | Improve school toilets | 0.8533
,,,,,,17 | To improve parental involvement in government schools | 0.6007
,,,,,,39 | Make the school greener and encourage students to take responsibility for their environment | 0.7239
,,,,,,"36 | To enhance hygiene and sanitation in the school by ensuring well-maintained restrooms, installing additional handwashing stations, and promoting hygiene awareness among students and staff. | 0.6242"
,,,,,,56 | To improve the sanitation facilities in schools | 0.718
,,,,,,"121 | To reduce dropout rates and improve student attendance in government schools by addressing poverty, child labor, and lack of parental support | 0.6489"
,,,,,,123 | To improve educational outcomes by addressing the challenges faced by government schools. | 0.6236
,,,,,,195 | To address the challenges faced by the school due to lack of funding and resources | 0.6123
,,,,,,"208 | To address the challenges faced by the school, including lack of infrastructure, inadequate teacher-student ratio, limited access to digital resources, high dropout rates, safety and mental health concerns, and an outdated curriculum, by bringing them to the administration's attention | 0.6111"
,,,,,,28516 | To increase girls' attendance in school by addressing the challenges they face in accessing education | 0.6969
,,,,,,5017 | To change parents' perception of government schools | 0.6151
,,,,,,4192 | To increase enrollment in government schools by addressing parental misconceptions and improving school quality | 0.6197
,,,,,,3186 | To provide clean drinking water to students and teachers | 0.6369
,,,,,,28601 | To enhance girls' education | 0.6297
,,,,,,28533 | To improve education for girls in the village by motivating them to attend school and providing remedial classes | 0.608
,,,,,,28538 | To educate girls in rural areas | 0.6127
,,,,,,3291 | To provide well-maintained toilets for girls in school | 0.7735
,,,,,,"3294 | To address the challenges faced by students in schools, including study pressure, discrimination, and lack of facilities, and to create a more inclusive and supportive learning environment | 0.6029"
,,,,,,28544 | To improve girls education in Barahi village by identifying and supporting girls who are not attending school regularly | 0.6531
,,,,,,3687 | To provide pure drinking water for students in school | 0.744
,,,,,,"29245 | To provide separate toilets for boys and girls in schools and colleges, promoting hygiene and equality | 0.6978"
,,,,,,5437 | Empowering girls in rural areas through education | 0.6537
,,,,,,"29248 | To improve sanitation facilities in schools, especially for girls, by constructing and maintaining separate toilets | 0.7379"
,,,,,,3195 | To improve cleanliness in school by addressing inadequate facilities | 0.7234
,,,,,,28643 | To educate girls in rural areas and empower them through education | 0.6235
,,,,,,28664 | To improve girls' education | 0.6544
,,,,,,4191 | To change the mindset of parents that government schools are better than private schools | 0.6425
,,,,,,4743 | To improve the overall cleanliness and infrastructure of the village and school | 0.6281
,,,,,,40560 | To improve access to education for children in rural areas | 0.6051
,,,,,,41560 | To make children aware of the importance of cleanliness and its impact on their health and well-being | 0.6317
,,,,,,40566 | To educate children about the importance of cleanliness and its impact on their health and well-being | 0.679
,,,,,,40574 | To help Anushka get enrolled in Kasturba and ensure her education | 0.6263
,,,,,,5885 | To improve girls' education | 0.6544
,,,,,,40600 | To improve girls' education | 0.6544
,,,,,,"41613 | To ensure children have access to drinking water in school, thereby preventing disruptions in their education | 0.796"
,,,,,,3805 | To provide a drinking water facility in the school by informing the school management | 0.6978
,,,,,,3920 | To help children who are not attending school to reach school and receive an education | 0.6538
,,,,,,15753 | To help a poor girl get education by admitting her to Kasturba school | 0.7093
,,,,,,28669 | To increase enrollment in schools by addressing the issue of not being enrolled | 0.6107
,,,,,,40636 | To enhance girls' education | 0.6297
,,,,,,41677 | To improve girls education in rural areas by addressing the issue of distance from schools | 0.6977
,,,,,,41680 | To empower education by informing parents about government schemes and ensuring children attend school | 0.7125
,,,,,,16460 | To create awareness about health among school children | 0.61
,,,,,,40729 | To ensure all children in the community have access to education by addressing enrollment barriers | 0.6131
,,,,,,40737 | To improve school attendance and cleanliness among children by creating awareness about education and its importance | 0.6499
,,,,,,40772 | To provide a library for children to read and learn | 0.6286
,,,,,,40852 | To empower girls through education by addressing the issue of girls being prohibited from going to school due to distance and safety concerns | 0.6376
,,,,,,40896 | To improve girl education | 0.639
,,,,,,40898 | To increase girls education beyond eighth grade | 0.605
,,,,,,18968 | To make parents aware of the importance of education and encourage them to take advantage of government facilities to secure a better future for their children | 0.6267
,,,,,,16631 | To educate school children about health and its importance | 0.6121
,,,,,,4189 | To change the mindset of parents towards government schools | 0.6155
,,,,,,40962 | To improve the educational system in government schools by breaking the myth that there is no education in these schools and strengthening the system | 0.627
,,,,,,40998 | To enroll girls in school and provide them with access to education | 0.6582
,,,,,,41008 | To help the community understand the importance of education and encourage girls to continue their studies | 0.603
,,,,,,15054 | To educate girls and make them aware of the importance of education despite poverty | 0.6736
,,,,,,"29252 | To provide separate and well-maintained toilets in schools and colleges, ensuring a healthy and dignified environment for students. | 0.7197"
,,,,,,41106 | To empower children through education by raising awareness about the importance of education and the benefits of government schemes available in schools | 0.6768
,,,,,,41113 | To improve girls' education by engaging parents and community members | 0.6507
,,,,,,41116 | To improve education for underprivileged girls by increasing awareness about government schemes and encouraging parents to send their children to school | 0.6717
,,,,,,41154 | To enroll girls in school and improve their education | 0.6292
,,,,,,41164 | To create awareness about cleanliness among children and educate them on its importance for their health and well-being | 0.6327
,,,,,,29253 | To construct and maintain separate toilets in schools and colleges | 0.7242
,,,,,,29254 | To improve educational facilities by constructing and maintaining separate toilets in schools and colleges | 0.7258
,,,,,,41241 | To improve access to education for girls in Sitamarhi by addressing the problem of lack of access to education | 0.6913
,,,,,,28673 | To encourage girls to pursue further education and overcome poverty | 0.704
,,,,,,41263 | To provide access to clean drinking water for students in schools | 0.6867
,,,,,,4026 | To improve education by making parents aware of its importance and the benefits of government schemes | 0.6853
,,,,,,40517 | To provide educational opportunities to underprivileged girls and empower them through knowledge | 0.6203
,,,,,,"40518 | To address the challenge of distance between school and village, affecting girls | 0.703"
,,,,,,41337 | To improve restroom facilities in schools by addressing water problems and ensuring proper maintenance | 0.7608
,,,,,,"41361 | To improve the health and well-being of students, especially girls, by ensuring clean and functional toilets in Middle School, Telari | 0.6606"
,,,,,,41457 | To improve girls' education | 0.6544
,,,,,,41514 | To arrange drinking water for children in a school | 0.7986
,,,,,,41518 | To improve education and awareness among children and their parents about the importance of education and cleanliness | 0.6223
,,,,,,41532 | To improve access to education for children in the community by addressing the issue of lack of water in schools | 0.7351
,,,,,,41538 | To improve school attendance and facilities by addressing the issue of no water arrangement | 0.6766
,,,,,,28587 | To ensure girls who are deprived of education are made literate | 0.6436
,,,,,,16055 | To create awareness among students about the importance of water and its proper usage | 0.61
,,,,,,16143 | To educate students on the importance of water conservation and how to save water | 0.6002
,,,,,,16221 | To educate students on how to use water in a useful manner to save it for the upcoming generation | 0.6202
,,,,,,48920 | To ensure all children in the community have access to education and enroll them in school | 0.6058
,,,,,,16294 | To improve the infrastructure of the school | 0.6194
,,,,,,49010 | To reduce the number of children dropping out of school due to poor financial conditions by engaging with parents and informing them about government schemes | 0.7589
,,,,,,16314 | To improve the infrastructure of government schools and provide a conducive learning environment for students | 0.6251
,,,,,,49014 | To increase enrollment in government schools by addressing parents | 0.6007
,,,,,,49017 | To increase enrollment in government schools by addressing parental concerns and promoting education outreach | 0.6207
,,,,,,"49023 | To ensure children have access to drinking water in school, thereby preventing disruptions to their education | 0.7949"
,,,,,,16324 | To improve the school infrastructure and provide a better learning environment for students | 0.6378
,,,,,,29251 | To improve school sanitation by constructing and maintaining separate toilets for boys and girls | 0.7533
,,,,,,21975 | To improve the infrastructure of government schools | 0.6119
,,,,,,21995 | To provide clean drinking water to school children by repairing the damaged drinking water unit | 0.6063
,,,,,,29131 | To provide separate and well-maintained toilets in schools and colleges | 0.7426
,,,,,,6694 | To improve access to education for girls in rural areas by providing online education opportunities and addressing the challenges faced by them | 0.6847
,,,,,,4301 | To send deprived teenage girls to school for education | 0.6798
,,,,,,4553 | To increase enrollment and reduce dropout rates in government schools by addressing the concerns of parents and improving school facilities | 0.6269
,,,,,,29063 | To create awareness about the importance of education for girls and provide them with the necessary resources to succeed | 0.6298
,,,,,,29132 | To improve the sanitation facilities in schools and colleges by constructing and maintaining separate toilets | 0.7116
,,,,,,7771 | To improve girls' education | 0.6544
,,,,,,4702 | To create a clean and healthy environment around the school by properly disposing of garbage | 0.6963
,,,,,,5035 | To provide equal opportunities to girls in education by removing paperwork and fee barriers | 0.6666
,,,,,,8591 | To ensure library books are available on time for students | 0.6306
,,,,,,"4386 | To improve school infrastructure and increase enrollment in Vanaganahalli Village by addressing the challenges of low attendance, poor maintenance of toilets, and insufficient teachers | 0.6252"
,,,,,,28718 | To improve the physical condition of the school and provide a better learning environment for the children | 0.6819
,,,,,,3760 | To create awareness about waste management and cleanliness in the school community | 0.6262
,,,,,,3328 | To provide clean drinking water facilities for kids in school | 0.6897
,,,,,,"29133 | To provide separate and well-maintained toilets in schools and colleges, addressing the long-standing issue of inadequate sanitation facilities for students. | 0.7779"
,,,,,,29134 | To provide separate toilets for schools and colleges to improve hygiene and sanitation | 0.7093
,,,,,,3798 | To address the lack of a playground in our school due to insufficient funds | 0.6064
,,,,,,29069 | To create awareness about the importance of education for girls in rural areas | 0.639
,,,,,,5164 | To improve education for adolescent girls in rural areas | 0.6577
,,,,,,5489 | To educate girls from rural areas till 12th class and prevent them from dropping out of school | 0.6756
,,,,,,6394 | To improve girls' education | 0.6544
,,,,,,29255 | To provide separate and well-maintained toilets in schools and colleges | 0.7426
,,,,,,6532 | To improve girls education | 0.6412
,,,,,,"28748 | To address the lack of knowledge and skills in volleyball among children and to promote sports in schools, despite the challenges with the school's playground | 0.6328"
,,,,,,7318 | To improve girls' education by providing better sanitation facilities in the school | 0.6286
,,,,,,18949 | To enhance girls' education | 0.6297
,,,,,,"7961 | To empower underprivileged children by providing them with access to government schemes and benefits, thereby improving their educational outcomes and breaking the cycle of poverty. | 0.6902"
,,,,,,9290 | To improve girls' education | 0.6544
,,,,,,8517 | To educate children about the importance of cleanliness and hygiene | 0.6081
,,,,,,"28772 | To improve education in Mahua, Bihar by encouraging girls to attend school | 0.6109"
,,,,,,9379 | To improve access to education for girls in rural areas by establishing a school up to class 10 and providing scholarships and grants | 0.6593
,,,,,,8912 | To improve girls' education | 0.6544
,,,,,,29309 | To provide sanitary napkins to girls in government and aided schools | 0.6336
,,,,,,"16613 | To educate parents about the importance of education and available government schemes, thereby increasing their involvement in their children | 0.6878"
,,,,,,29310 | To provide sanitary napkins to female students in government and aided schools | 0.631
,,,,,,18118 | To improve school attendance and ensure children receive government benefits by educating parents on the importance of regular school attendance | 0.6854
,,,,,,15045 | To ensure every girl child in our community has access to education and can pursue higher education | 0.6429
,,,,,,15088 | To improve access to education for girls in rural areas by addressing the challenges they face in attending school | 0.7698
,,,,,,15127 | To empower disadvantaged children through education and make them aware of government schemes and organizational support that can help them | 0.6494
,,,,,,8746 | To improve education for girls in the community by addressing financial constraints | 0.7277
,,,,,,29316 | To provide sanitary napkins to girls in government and aided schools | 0.6336
,,,,,,28800 | To provide sanitary napkins to girls in government and aided schools | 0.6336
,,,,,,29090 | To ensure all female teachers have access to sanitary pads | 0.7107
,,,,,,4185 | To increase enrollment in government schools by addressing the lack of interest among parents and children | 0.6916
,,,,,,"4181 | To improve girls education in Muzaffarpur, Bihar by addressing the challenges they face in accessing high school education | 0.6726"
,,,,,,15254 | To empower Geetanjali and other girls in the community to pursue education despite financial constraints | 0.604
,,,,,,"29091 | To ensure girls in government and aided schools have access to sanitary napkins, promoting health, hygiene, and education | 0.6145"
,,,,,,13846 | To reduce school dropout rates by raising awareness about government schemes and community engagement | 0.6552
,,,,,,29186 | To improve the educational outcomes of girls in the community by addressing the lack of interest in studies and providing support through Pragati Ek Prayas organization | 0.6298
,,,,,,4996 | To clean the environment around the school and promote a healthy and safe space for students | 0.732
,,,,,,22670 | To improve education for poor girls by providing them with proper food and clothes | 0.6421
,,,,,,22853 | To improve girls' education | 0.6544
,,,,,,14498 | To create a playground for children in the village to promote physical activity and happiness | 0.6744
,,,,,,7753 | To improve girls' education | 0.6544
,,,,,,29094 | To provide sanitary napkins to girls in government and aided schools | 0.6336
,,,,,,9584 | To improve access to education for girls from poor financial backgrounds | 0.7581
,,,,,,19024 | To improve access to education for girls by reducing the distance barrier | 0.7517
,,,,,,16201 | To provide sanitary napkins to girls in government and aided schools | 0.6336
,,,,,,15342 | To improve girls' education | 0.6544
,,,,,,4212 | To create a playground for students to play and exercise | 0.6862
,,,,,,29095 | To provide sanitary napkins to girls in government and aided schools | 0.6336
,,,,,,5045 | To improve girls' education | 0.6544
,,,,,,4003 | To increase girls' education | 0.673
,,,,,,3831 | To improve the cleanliness of the school by organizing a cleanliness drive | 0.6664
,,,,,,4995 | To provide educational support to underprivileged children and help them access government schemes and benefits | 0.7229
,,,,,,9555 | To improve access to education for adolescent girls in rural areas | 0.7307
,,,,,,29096 | To relaunch the Sanitary Napkin scheme in government and aided schools to improve menstrual hygiene and education for girls | 0.6097
,,,,,,3296 | To solve the problem of not being able to go to school due to floods | 0.6049
,,,,,,7437 | To keep the environment around the school clean by planting greenery | 0.6315
,,,,,,7440 | To improve environmental cleanliness around the school by discussing with women of the education center and planting trees | 0.6269
,,,,,,14998 | To empower girls through education by addressing the challenges they face in accessing education | 0.7141
,,,,,,"9302 | To improve the school infrastructure by constructing new toilets for girls, addressing the issue of damaged and non-functional toilets, and promoting a healthy and safe learning environment. | 0.7741"
,,,,,,15035 | To improve girls' education | 0.6544
,,,,,,4009 | To improve access to education for girls in Banahi Sherghati Gaya Bihar by addressing the issue of distance and transportation | 0.6541
,,,,,,15188 | To improve access to education for girls in rural Bihar by addressing the issue of distance to schools and lack of awareness about the importance of education | 0.6941
,,,,,,27592 | To ensure education isn't interrupted due to bad roads | 0.6587
,,,,,,3282 | To provide clean drinking water to school children by constructing a water treatment plant unit | 0.6186
,,,,,,"29097 | To provide sanitary napkins to girls in government and aided schools, promoting health and education | 0.6146"
,,,,,,28835 | To engage girls in education and prevent them from being deprived of further education | 0.703
,,,,,,29098 | To provide sanitary napkins to girls in government and aided schools | 0.6336
,,,,,,15322 | To empower girls from poor families by providing them access to government schools and educating them | 0.6402
,,,,,,15339 | To improve access to education for teenage girls in rural areas | 0.7283
,,,,,,15330 | To empower girls through education by providing them with access to free education and facilities | 0.677
,,,,,,4151 | To improve girls' education | 0.6544
,,,,,,29012 | To improve girls' education | 0.6544
,,,,,,9588 | To improve the cleanliness of the school environment by advising and involving the school community. | 0.6839
,,,,,,3909 | To improve education for girls in rural areas by increasing awareness and encouraging enrollment | 0.6363
,,,,,,3979 | To educate girls in the village at least till class 10 | 0.6417
,,,,,,3819 | To address the lack of staff for toilet cleaning in the school by discussing the issue with the school teachers | 0.7203
,,,,,,15452 | To increase girls education | 0.6596
,,,,,,4051 | To improve girls' education | 0.6544
,,,,,,"15451 | To ensure timely distribution of incentive amounts to children in school, thereby promoting education and reducing poverty | 0.6251"
,,,,,,29017 | To provide clean drinking water for children in the school | 0.7155
,,,,,,13889 | To educate children about the importance of cleanliness and help them develop good habits | 0.6237
,,,,,,29018 | To provide a functional toilet with a water system for the students | 0.6711
,,,,,,13935 | To improve the school infrastructure and provide better educational facilities for the students | 0.6437
,,,,,,29106 | To improve girls' education by providing access to sanitary napkins | 0.6431
,,,,,,14478 | To enhance the educational environment by addressing the lack of school infrastructure and promoting awareness about rainwater usage | 0.7189
,,,,,,29107 | To relaunch the Sanitary Napkin scheme in government and aided schools | 0.6181
,,,,,,14466 | To improve school infrastructure and provide a comfortable learning environment | 0.6372
,,,,,,15728 | To improve girls' education | 0.6544
,,,,,,15911 | To improve access to education for girls in the village | 0.7264
,,,,,,15975 | To promote menstrual hygiene and support girls education by relaunching the sanitary napkin scheme in government and aided schools | 0.6009
,,,,,,15979 | To provide clean drinking water in schools and colleges | 0.6617
,,,,,,16019 | To improve girls' education by addressing the issue of distance and lack of transportation facilities | 0.7709
,,,,,,19525 | To ensure every boy and girl in the village attends school and receives an education | 0.6151
,,,,,,16115 | To increase the number of children in government schools by improving learning outcomes | 0.6059
,,,,,,"3310 | To improve access to education for girls in Heggadapura, Mysore, Karnataka by addressing the lack of transportation | 0.6625"
,,,,,,16137 | To provide clean toilets for children in schools and colleges | 0.7544
,,,,,,18882 | To enroll children in Kasturba School and provide them with necessary facilities | 0.6991
,,,,,,16216 | To provide separate and well-maintained toilets in schools and colleges | 0.7426
,,,,,,16240 | To increase girls' attendance in school by addressing the issue of distance and lack of awareness about education | 0.6781
,,,,,,29112 | To establish clean drinking water units in schools and colleges to provide safe and healthy drinking water for students | 0.6184
,,,,,,21572 | To improve girls education | 0.6412
,,,,,,29338 | To improve education infrastructure by constructing and maintaining separate toilets in schools and colleges | 0.7294
,,,,,,29113 | To provide clean drinking water for students in schools and colleges | 0.6417
,,,,,,15248 | To increase girls' participation in education | 0.6771
,,,,,,13414 | To improve girls' education | 0.6544
,,,,,,29114 | To provide clean drinking water to students in schools and colleges | 0.6449
,,,,,,3975 | To improve education for girls in the village | 0.6517
,,,,,,3735 | To solve the problem of lack of cleanliness in the school by working together as a community | 0.657
,,,,,,29115 | To provide clean drinking water to students in schools and colleges | 0.6449
,,,,,,3816 | To create awareness about cleanliness and maintain it in the village and school premises | 0.6221
,,,,,,29116 | To provide clean drinking water to students in schools and colleges | 0.6449
,,,,,,15537 | To address the issue of water scarcity in schools by collaborating with SDMC and school staff | 0.6571
,,,,,,15681 | To help girls stay in school despite financial difficulties | 0.6614
,,,,,,14445 | To empower women through education and improve school infrastructure | 0.6518
,,,,,,18053 | To improve the school facilities in Lodipur by providing toilet and tap water facilities | 0.6008
,,,,,,29330 | To provide clean drinking water for students in schools and colleges | 0.6417
,,,,,,4217 | To provide a clean and healthy environment for students by addressing the issue of improper drinking water facilities in the school | 0.728
,,,,,,10209 | To keep the environment around the school clean and green | 0.6779
,,,,,,29118 | To improve the attendance and educational outcomes of girls in schools by providing them with access to sanitary facilities | 0.6666
,,,,,,14889 | To empower girls through education and overcome social and economic barriers | 0.6855
,,,,,,29119 | To provide sanitary napkins to girls in government and aided schools | 0.6336
,,,,,,"15290 | To encourage the community to educate their children, especially girls, by highlighting the importance of education and the benefits of government schemes. | 0.6332"
,,,,,,29256 | To construct and maintain separate toilets in schools and colleges | 0.7242
,,,,,,4041 | To increase awareness about education among village girls and provide them with access to computer classes | 0.6277
,,,,,,3797 | To address the lack of playgrounds in school due to financial constraints | 0.6151
,,,,,,15464 | To educate the community about government facilities and encourage them to send their children to school | 0.6051
,,,,,,14439 | To improve the infrastructure of the school | 0.6194
,,,,,,15613 | To improve education for girls in Gaighat by addressing the issue of schools being far from home and convincing parents to send their daughters to school | 0.676
,,,,,,14476 | To improve school infrastructure | 0.6446
,,,,,,15727 | To improve the educational outcomes of girls in the community by addressing the challenges they face in accessing education | 0.7401
,,,,,,29120 | To provide clean drinking water to students in schools and colleges | 0.6449
,,,,,,"15970 | To provide sanitary napkins to girls in government and aided schools, promoting menstrual hygiene and reducing school absenteeism | 0.6319"
,,,,,,15984 | To improve the sanitation facilities in schools and colleges by constructing and maintaining separate toilets | 0.7116
,,,,,,17855 | To enhance education among girls in lower-class and poverty-stricken areas by addressing the lack of education and promoting development | 0.7243
,,,,,,16202 | To provide sanitary napkins to students in government and aided schools | 0.64
,,,,,,16205 | To provide sanitary napkins to students in government and aided schools | 0.64
,,,,,,16705 | To address the issue of waterlogged schools disrupting children's education | 0.6988
,,,,,,16207 | To relaunch the Sanitary Napkin Scheme in government and aided schools | 0.6181
,,,,,,4105 | To improve the quality of education in rural areas by motivating parents to send their children to school and making them aware of government schemes | 0.6579
,,,,,,4153 | To improve girls education | 0.6412
,,,,,,3766 | To create awareness about the importance of cleanliness in the school and community | 0.6828
,,,,,,19836 | To address the shortage of classrooms and improve the learning environment for students | 0.6519
,,,,,,13850 | To improve the quality of government schools and increase parental trust | 0.6194
,,,,,,4221 | To provide drinking water facility in the school | 0.7302
,,,,,,29325 | To provide clean drinking water in schools and colleges | 0.6617
,,,,,,3372 | To address the lack of water facilities in schools | 0.7679
,,,,,,3859 | To improve school sanitation by addressing the lack of toilets and cleanliness due to staff shortage | 0.7621
,,,,,,4032 | To ensure every girl child has access to higher education | 0.6381
,,,,,,29122 | To provide separate and well-maintained toilets in schools and colleges | 0.7426
,,,,,,"29123 | To provide separate toilets for students in schools and colleges, improving hygiene and sanitation | 0.715"
,,,,,,"29125 | To construct and maintain separate toilets in schools and colleges, addressing the lack of proper sanitation facilities for students. | 0.7784"
,,,,,,29126 | To improve school facilities by constructing and maintaining separate toilets | 0.7676
,,,,,,29053 | To enhance girls' education | 0.6297
,,,,,,29128 | To provide separate toilets in schools and colleges to improve sanitation and hygiene | 0.7236
,,,,,,29334 | To provide separate toilets for students in schools and colleges | 0.7267
,,,,,,29259 | To provide clean drinking water to students in schools and colleges | 0.6449
,,,,,,29130 | To improve school sanitation by constructing and maintaining separate toilets in schools and colleges | 0.7461
,,,,,,28946 | To improve the attendance of girls in school by providing proper sanitation facilities | 0.6404
,,,,,,29246 | To improve the overall learning experience by providing separate toilets in schools and colleges | 0.7093
,,,,,,29249 | To improve school infrastructure by constructing and maintaining separate toilets | 0.7788
,,,,,,"29270 | To improve school cleanliness, discipline, and learning among children by engaging the community and parents | 0.6618"
,,,,,,29289 | To provide clean drinking water to students in schools and colleges | 0.6449
,,,,,,29301 | To relaunch the Sanitary Napkin scheme in government and aided schools | 0.6181
,,,,,,29305 | To relaunch the Sanitary Napkin scheme in government and aided schools to promote menstrual hygiene and education | 0.6024
,,,,,,29306 | To provide sanitary napkins to girls in government and aided schools | 0.6336
,,,,,,29311 | To improve menstrual hygiene and provide access to sanitary napkins for girls in government and aided schools | 0.6035
,,,,,,29312 | To relaunch the Sanitary Napkin scheme in government and aided schools to promote health and hygiene among female students | 0.6206
,,,,,,29313 | To relaunch the Sanitary Napkin Scheme in government and aided schools | 0.6181
,,,,,,29314 | To improve girls' education by providing access to sanitary napkins in government and aided schools | 0.6589
,,,,,,29315 | To provide sanitary napkins to girls in government and aided schools | 0.6336
,,,,,,29317 | To relaunch the sanitary napkin scheme in government and aided schools | 0.6181
,,,,,,29318 | To provide sanitary napkins to girls in government and aided schools | 0.6336
,,,,,,29321 | To provide sanitary napkins to government and aided school girls | 0.6138
,,,,,,29322 | To provide clean drinking water to students in schools and colleges | 0.6449
,,,,,,29323 | To provide clean drinking water to students in schools and colleges | 0.6449
,,,,,,29326 | To provide clean drinking water for students in schools and colleges | 0.6417
,,,,,,29327 | To provide clean drinking water to students in schools and colleges | 0.6449
,,,,,,29328 | To provide clean drinking water to students in schools and colleges | 0.6449
,,,,,,29329 | To provide clean drinking water to students in schools and colleges | 0.6449
,,,,,,29331 | To provide clean drinking water to students in schools and colleges | 0.6449
,,,,,,29333 | To provide separate toilets in schools and colleges for better sanitation and hygiene | 0.7249
,,,,,,29335 | To relaunch the Sanitary Napkin scheme in government and aided schools to promote hygiene and education for girls | 0.6099
,,,,,,"29336 | To address the lack of separate toilets in schools and colleges, ensuring a healthier environment for students. | 0.7574"
,,,,,,29337 | To improve education infrastructure by addressing the lack of separate toilets in schools and colleges | 0.7787
,,,,,,29339 | To provide separate toilets for students in colleges | 0.651
,,,,,,29340 | To address the issue of lack of separate toilets in schools and colleges | 0.7913
,,,,,,29342 | To improve sanitation facilities in schools and colleges by constructing and maintaining separate toilets | 0.7066
,,,,,,29343 | To provide sanitary napkins to girls in government and aided schools | 0.6336
,,,,,,29344 | To improve school sanitation by constructing and maintaining separate toilets in schools and colleges | 0.7461
,,,,,,29345 | To construct and maintain separate toilets in schools and colleges | 0.7242
,,,,,,29346 | To address the issue of separate toilets in schools and colleges | 0.7579
,,,,,,29392 | To improve the education of girls in the village by addressing the economic constraints and lack of awareness | 0.7027
,,,,,,40402 | To help a girl from a poor family get admitted to Kasturba Residential School | 0.6743
,,,,,,40485 | To increase the enrollment of women in schools by addressing the issue of schools being at a distance and community resistance | 0.6244
,,,,,,40450 | To ensure girls have access to education and overcome obstacles that prevent them from attending school | 0.698
,,,,,,30595 | To improve education in Kamalpura village by addressing the lack of toilets and drinking water in the school | 0.6356
,,,,,,30007 | To solve the toilet problem in school by encouraging villagers to take action | 0.6953
,,,,,,4111 | To improve girls' education | 0.6544
,,,,,,34128 | To improve education in rural Bihar by addressing the lack of toilets and hand pumps in schools | 0.6556
,,,,,,"33450 | To ensure teenage girls receive their scholarships and attend school regularly, addressing the issue of scholarship cuts and its impact on their education | 0.6186"
,,,,,,40401 | To increase girls' enrollment in schools and promote education in rural areas | 0.6431
,,,,,,40446 | To improve the quality of education in government schools by making people aware of the benefits of government schools over private schools | 0.6266
,,,,,,40447 | To improve the education system in government schools by raising awareness about the benefits of government schools over private schools | 0.6088
,,,,,,29899 | To improve education in Deurwa village by motivating girls to attend school and providing support to overcome poverty-related challenges | 0.6424
,,,,,,29625 | To improve the overall educational experience by addressing the issues with eating and drinking facilities in schools | 0.6058
,,,,,,32301 | To convince rural people to send their children to school and improve their financial condition through education | 0.6064
,,,,,,40443 | To improve the educational outcomes of Mahadalit girls by addressing the challenges they face in accessing education | 0.6358
,,,,,,29569 | To provide drinking water facilities to children in school | 0.7348
,,,,,,40499 | To empower girls through education by providing them with access to quality education and resources | 0.6613
,,,,,,40477 | To improve girls' education | 0.6544
,,,,,,29546 | To provide proper food facilities for school students | 0.6267
,,,,,,29624 | To improve cleanliness and hygiene in schools by educating children on the importance of cleanliness and providing them with good food and drink | 0.671
,,,,,,30151 | To improve access to education for boys and girls in rural areas | 0.7027
,,,,,,29553 | To provide proper books to schoolchildren | 0.623
,,,,,,32813 | To provide sanitary napkins to girls in government and aided schools | 0.6336
550e8400-e29b-41d4-a716-446655440002,Legal Document linked Barriers,"This theme includes responses where children are unable to enroll in school due to missing or incomplete legal documents such as Aadhaar cards, birth certificates, or identity proofs. It captures how lack of proper documentation creates administrative hurdles that keep children out of the education system.","No Aadhar card,no aadhaar,no adhar,aadhar card not made,no birth certificate,lack of Aadhar card,no ID,no id proof,no legal document,no identity proof,enrollment barriers,admission refused,adhar,aadhaar,certificate not made,document pending,lack aadhar,having aadhar,birth certificate,unable study,Aadhaar card errors,date of birth missing,name mismatch,no birth date,birth certificate pending,enrollment blocked,documents not accepted,UID not made,government ID,aadhar errors,aadhaar update,not enrolled due to document,admission refused without document,no documents for school,identity not proven,date of birth not recorded,certificate not available,proper documentation,caste certificate,residence certificate,child registration,non enrolment,wrong name",Approved,276,16282 | To get Ravindra Kumar enrolled in school by obtaining his Aadhar card | 0.6797
,,,,,,29294 | To help people get their Aadhar cards made | 0.7711
,,,,,,8627 | To educate villagers about the importance of education and help them obtain Aadhaar cards for their children | 0.7508
,,,,,,28659 | To solve the problem of absence of Aadhaar Card by creating awareness about the Darkari Yojana | 0.6566
,,,,,,"28545 | To correct the date of birth on a child's Aadhaar card, which was preventing them from receiving food and enrolling in school. | 0.7344"
,,,,,,28660 | To create awareness and facilitate the creation of Aadhar cards for children in the community | 0.787
,,,,,,"28661 | To improve access to education by creating Aadhaar cards for children, thereby simplifying the enrollment process and increasing participation in schools. | 0.7998"
,,,,,,"28550 | To address the issue of lack of birth certificates and Aadhar cards hindering school enrollment in Sirauli village, through Shiksha Chaupal and community engagement. | 0.6962"
,,,,,,28641 | To help children obtain Aadhaar cards and improve their access to education and other benefits | 0.8113
,,,,,,28642 | To improve access to education by facilitating the creation of birth certificates and Aadhaar cards for children | 0.7703
,,,,,,15482 | To solve the problem of Aadhar card not being made | 0.8351
,,,,,,28558 | To correct the mistake in Krish Kumar's Aadhar card and ensure he can attend school | 0.6993
,,,,,,28667 | To increase enrollment by helping people obtain Aadhaar cards | 0.7178
,,,,,,"41555 | To improve access to education for children by facilitating the creation of birth certificates and Aadhar cards, thereby addressing the issue of lack of identification documents hindering enrollment. | 0.8021"
,,,,,,"40562 | To facilitate the creation of Aadhaar cards for 20-30 Mahadalit children, enabling them to receive educational benefits | 0.793"
,,,,,,40567 | To help Dilkhush Kumar get an Aadhar card | 0.7151
,,,,,,"40569 | To help Anushka Kumari, who did not have an Aadhaar card, by convincing her father to get it made | 0.6789"
,,,,,,40570 | To enroll Anushka Kumari in school despite lack of Aadhar card | 0.7173
,,,,,,40590 | To enroll children in school by obtaining Aadhaar cards for their parents | 0.869
,,,,,,40593 | To help children get enrolled in 9th standard by obtaining Aadhaar cards | 0.7572
,,,,,,41604 | To increase school enrollment by encouraging parents to obtain Aadhaar cards for their children | 0.844
,,,,,,"41610 | To enroll children in school by obtaining Aadhar cards for them, addressing the issue of lack of admission due to missing Aadhar cards | 0.9042"
,,,,,,41614 | To facilitate school enrollment by obtaining Aadhar cards for children | 0.8964
,,,,,,41617 | To correct date of birth errors and facilitate Aadhar card issuance for children in the community | 0.6936
,,,,,,"40605 | To increase awareness about education and encourage children to attend school in Sitamarhi, Bihar | 0.6045"
,,,,,,41618 | To help children receive ration at the Aagin Vani Kendra by obtaining their Aadhaar cards and mobile numbers | 0.7073
,,,,,,40611 | To improve education in Bihar by making Aadhar cards for children | 0.8278
,,,,,,41626 | To help Kiran Kumari get admission to school by making her Aadhar card and resolving the issues related to her admission | 0.686
,,,,,,40619 | To help children get admitted to school by obtaining necessary documents like Aadhar cards and birth certificates | 0.8135
,,,,,,41635 | To improve access to education by facilitating the creation of birth certificates and Aadhar cards for children | 0.8084
,,,,,,"40622 | To ensure children can attend school by obtaining Aadhar cards, addressing the issue of lack of admission due to missing Aadhar cards | 0.8992"
,,,,,,41660 | To ensure children receive their rights by obtaining an Aadhar card | 0.7879
,,,,,,41662 | To enroll children in school by facilitating Aadhar card creation for their parents | 0.8726
,,,,,,"41663 | To ensure that all children can enroll in school without any obstacles, by providing them with the necessary documents like Aadhaar cards. | 0.8151"
,,,,,,41670 | To enroll Anshika in school by obtaining an Aadhar card | 0.6903
,,,,,,41672 | To generate Aadhaar cards for children by correcting their date of birth | 0.7471
,,,,,,40667 | To help Neha Kumari get her birth certificate and Aadhar card made so she can enroll in school | 0.7029
,,,,,,"41684 | To help children in Shankarpur village get Aadhar cards and enroll in school, addressing the issue of lack of identification and access to education | 0.8188"
,,,,,,40691 | To enroll children in school by obtaining Aadhar cards through community efforts | 0.9211
,,,,,,40692 | To enroll children in school who were unable to do so due to lack of Aadhaar cards | 0.9002
,,,,,,"40697 | To facilitate the creation of Aadhar cards and birth certificates for underprivileged children, enabling them to access essential government services and education | 0.7841"
,,,,,,40701 | To improve education in Bariyarpur Majhi Tola by providing Aadhar cards and residential addresses to children and enrolling them in school | 0.713
,,,,,,40722 | To enroll a child in school by creating awareness about the importance of education among parents and obtaining necessary documents such as date of birth and Aadhar card | 0.7978
,,,,,,40723 | To improve education in rural Bihar by enrolling all children in school and ensuring they attend regularly | 0.6061
,,,,,,40726 | To improve education in Musahari Tola by creating awareness about the importance of Aadhaar cards and providing remedial classes for children | 0.6478
,,,,,,40731 | To enroll children in school by registering them for Aadhaar cards and addressing the issue of non-enrollment due to lack of necessary documents | 0.8604
,,,,,,40802 | To enroll children in school by obtaining necessary documents such as birth certificates and Aadhar cards | 0.8352
,,,,,,40830 | To provide Aadhaar cards for children to enroll in school | 0.8724
,,,,,,"40783 | To correct errors in Aadhaar cards and enroll children in school, ensuring they receive necessary facilities and benefits | 0.8182"
,,,,,,"40786 | To increase school enrolment by assisting parents in obtaining Aadhaar cards for their children, thus addressing the issue of incomplete documents | 0.8278"
,,,,,,40787 | To enroll children in school by correcting their Aadhar cards | 0.869
,,,,,,40850 | To enroll Dilkhus in school by making Aadhaar and overcoming the lack of base | 0.627
,,,,,,40870 | To resolve the issue of children not having Aadhaar cards and facilitate their admission to government schools | 0.897
,,,,,,40872 | To facilitate the enrollment of children in school by obtaining Aadhaar cards for those without them | 0.8532
,,,,,,40874 | To correct the date of birth in the Aadhaar card and enroll children in government schools | 0.7338
,,,,,,40877 | To get an Aadhar card made and enroll in school | 0.8116
,,,,,,40883 | To improve education by enrolling students with Aadhaar cards | 0.8145
,,,,,,40887 | To enroll 22 children in school who did not have Aadhaar cards and were not enrolled in school due to various reasons | 0.8852
,,,,,,"40932 | To help Ranjani Kumari get her Aadhaar card made, which is essential for availing benefits and proving her identity | 0.6096"
,,,,,,40968 | To help children get enrolled in school by making their Aadhar cards | 0.8858
,,,,,,40974 | To ensure every student has an Aadhaar card for educational benefits | 0.792
,,,,,,"40992 | To enroll children in school by obtaining Aadhar cards for them, addressing the issue of parents being less educated and busy with labor work | 0.8671"
,,,,,,40995 | To help Shivani Kumari get enrolled in school by obtaining her birth certificate and Aadhaar card | 0.7062
,,,,,,40996 | To ensure all children have Aadhar cards for school enrollment | 0.8823
,,,,,,40997 | To enroll four children in Primary School Pandey Prasav by making their Aadhar cards | 0.8055
,,,,,,41000 | To help Khushbu Kumari get her Aadhar card corrected | 0.6559
,,,,,,41011 | To solve the problem of delay in enrollment due to lack of Aadhar card | 0.7409
,,,,,,41017 | To ensure Nasir's school enrollment by correcting his Aadhaar card | 0.7379
,,,,,,41022 | To improve education by enrolling children in school through Aadhaar card registration | 0.854
,,,,,,"41024 | To facilitate the creation of Aadhaar cards for children in Majhauliya Panchayat, ensuring they receive benefits and access to education | 0.7514"
,,,,,,41026 | To ensure all children in Dubaha village have Aadhaar cards to access education and government benefits | 0.7552
,,,,,,"28574 | To facilitate the registration of Aadhaar cards for children in the community, addressing the issue of many children lacking this essential document | 0.8288"
,,,,,,41036 | To improve education by facilitating Aadhar card enrollment for students | 0.8113
,,,,,,41040 | To create awareness about the importance of Aadhar Card and Birth Certificate in the community | 0.6979
,,,,,,41053 | To help a child get an Aadhar card and enroll in school | 0.8515
,,,,,,"41057 | To improve education by facilitating the creation of birth certificates and Aadhaar cards for underprivileged children, enabling their enrollment in schools. | 0.7742"
,,,,,,41075 | To ensure children receive government scheme benefits by correcting errors in their Aadhaar cards | 0.7274
,,,,,,41086 | To solve the problem of Aadhar card enrollment for school students | 0.8384
,,,,,,41087 | To enroll in school by obtaining an Aadhar card through block and district level efforts | 0.8339
,,,,,,41092 | To solve the problem of admission being denied in 6 colleges due to lack of Aadhaar card | 0.7942
,,,,,,"41125 | To improve education by obtaining birth certificates and Aadhar cards for children, enabling them to enroll in higher secondary school | 0.8322"
,,,,,,29378 | To correct Archana Kumaris date of birth on her Aadhar card so she can receive government benefits | 0.6902
,,,,,,"41129 | To improve education by ensuring children have birth certificates and Aadhar cards, enabling them to enroll in school | 0.8603"
,,,,,,41161 | To help children without birth certificates or Aadhaar cards enroll in school by assisting them in obtaining these essential documents | 0.7819
,,,,,,41174 | To create Aadhaar cards for children in Mohaniya village to enable their enrollment in school | 0.8213
,,,,,,"41180 | To improve access to government schemes for children in Kaimur, Bihar, by obtaining Aadhaar cards and birth certificates | 0.7053"
,,,,,,41186 | To get Soni Kumari enrolled in school by obtaining her Aadhar card | 0.682
,,,,,,41187 | To improve education in rural Bihar by addressing the issue of non-enrolment due to lack of Aadhaar cards | 0.8036
,,,,,,"41211 | To ensure children in Deoria village have Aadhaar cards, enabling them to enroll in school | 0.8206"
,,,,,,41216 | To help children in the village of Dehliya get admission in school by obtaining Aadhaar cards | 0.8015
,,,,,,41218 | To help children enroll in school by correcting their Aadhar cards | 0.8638
,,,,,,41221 | To enroll Ayush Kumar in school by getting his Aadhar card made | 0.6983
,,,,,,41231 | To organize a camp for Aadhar card creation and facilitate school admissions for underprivileged children | 0.8154
,,,,,,41236 | To create Aadhar cards for children to enroll them in school and increase the number of children attending school | 0.8747
,,,,,,41239 | To enroll Satvik Kumari in school by creating awareness about Aadhaar and its importance | 0.6197
,,,,,,"41240 | To solve the problem of children not having Aadhaar cards, which was hindering their school enrollment | 0.8905"
,,,,,,41243 | To help students enroll in school despite errors in their date of birth on Aadhar cards | 0.7692
,,,,,,41278 | To address the issue of parents not being aware of the importance of birth certificates and Aadhaar cards for their children | 0.756
,,,,,,"41282 | To spread awareness about the importance of birth certificates and Aadhaar cards in the community, ensuring timely enrollment of children in schools | 0.8142"
,,,,,,40529 | To get Khushi Kumari an Aadhar card | 0.7303
,,,,,,41291 | To correct Aadhar card details for better access to government schemes and education | 0.684
,,,,,,41292 | To solve the problem of dropping out of school after eighth grade due to issues with Aadhar cards | 0.8082
,,,,,,40535 | To help Sonu Kumar get enrolled in a government school by obtaining his birth certificate and Aadhaar card | 0.6724
,,,,,,40539 | To ensure Ankit Kumar's education is not disrupted due to lack of Aadhar card | 0.7876
,,,,,,41319 | To ensure children can attend school by correcting errors in their Aadhaar cards | 0.8207
,,,,,,41327 | To improve education in Katra Kalaa by addressing the issue of lack of Aadhaar cards for children | 0.7766
,,,,,,41340 | To improve school admission by addressing the issue of lack of Aadhar Card | 0.8647
,,,,,,"41341 | To help students who were expelled from school due to lack of Aadhar card registration, by guiding them through the registration process and providing necessary support. | 0.6877"
,,,,,,"41352 | To enroll children in school by obtaining Aadhar cards for their parents, addressing the issue of lack of education due to poverty and misunderstanding of its importance | 0.892"
,,,,,,41357 | To increase school enrollment by resolving Aadhar card issues | 0.8616
,,,,,,41358 | To increase school enrollment by facilitating Aadhar card creation for children | 0.8904
,,,,,,41359 | To resolve the issue of children not being able to enroll in school due to lack of Aadhar Card | 0.9186
,,,,,,29380 | To correct the date of birth in Archana Kumari's Aadhaar card | 0.6721
,,,,,,"41375 | To improve education in Mahidpur Daas Tolla, Bihar, by encouraging children to attend school daily and helping parents create date of birth records for their children. | 0.6001"
,,,,,,41386 | To correct the age in Aadhar card for education purposes | 0.6998
,,,,,,41432 | To enroll children in school by obtaining Aadhaar cards and understanding the importance of education | 0.8475
,,,,,,41435 | To get Chandan Kumar enrolled in school by making his Aadhar card | 0.6795
,,,,,,41436 | To enroll Kush Kumar in school despite lack of Aadhar card | 0.7054
,,,,,,41437 | To get Rimjhim Kumari an Aadhaar card and enrolled in school | 0.733
,,,,,,"41441 | To help parents obtain Aadhar cards and birth certificates for their children, enabling them to enroll in school and access ration | 0.8246"
,,,,,,41454 | To ensure children can get enrolled in school by correcting errors in their Aadhaar cards | 0.8271
,,,,,,41459 | To enroll children in school who were unable to do so due to lack of Aadhaar | 0.8568
,,,,,,41461 | To solve the problem of Poonam Kumari not having an Aadhar card and not being able to attend school | 0.7439
,,,,,,41462 | To correct the date of birth in Aadhar cards of children to enable their admission in school | 0.7776
,,,,,,41465 | To enroll children in government schools by obtaining Aadhar cards | 0.8773
,,,,,,"41470 | To enroll children in school by obtaining Aadhar cards, ensuring access to government schemes and benefits | 0.8731"
,,,,,,41487 | To enroll children in school by obtaining birth certificates and Aadhar cards | 0.8628
,,,,,,"41509 | To help children in the village get their Aadhar cards made, which was necessary for their school admission | 0.8571"
,,,,,,"41510 | To enroll children in school by creating Aadhaar cards for them, addressing the issue of non-enrollment due to lack of Aadhaar cards | 0.8802"
,,,,,,"41511 | To facilitate the creation of Aadhar cards and birth certificates for children in rural areas, enabling them to access education and government benefits | 0.8078"
,,,,,,"41512 | To generate Aadhar cards for school children who lacked them due to missing date of birth information, thereby enabling their school enrollment. | 0.7938"
,,,,,,"41517 | To assist parents in obtaining Aadhar cards and birth certificates for their children, enabling them to enroll in schools and receive rations. | 0.7046"
,,,,,,41519 | To arrange birth certificates and Aadhar cards for children in the community | 0.738
,,,,,,41520 | To create Aadhar cards for village residents who lacked birth certificates | 0.7022
,,,,,,"41534 | To improve school enrollment by correcting Aadhaar cards for children in Maha Dalit Tola, addressing the issue of lack of awareness and ensuring access to education | 0.8233"
,,,,,,41541 | To increase school enrolment by assisting parents in obtaining Aadhaar cards for their children | 0.8211
,,,,,,41546 | To create Aadhaar cards for children and enroll them in school | 0.8282
,,,,,,48900 | To enroll children in school who were deprived of education due to lack of Aadhaar and birth certificate | 0.8283
,,,,,,"48904 | To ensure Ruby Devi's children receive an education by obtaining necessary documents, specifically Aadhaar cards, and enrolling them in school. | 0.6714"
,,,,,,48891 | To help children get Aadhar cards so they can attend school | 0.8596
,,,,,,"48930 | To improve student enrollment by facilitating Aadhaar card registration, ensuring children can access their rights and be identified. | 0.7751"
,,,,,,48942 | To improve school attendance by facilitating Aadhar registration for school kids | 0.8398
,,,,,,48970 | To help a child get an Aadhar card and enroll in school | 0.8515
,,,,,,48983 | To resolve Aadhar card errors and increase school enrollment | 0.8125
,,,,,,48997 | To empower the community by providing access to education and essential documents like Aadhaar cards | 0.6601
,,,,,,"48999 | To enroll children in school by obtaining Aadhar cards for those who lacked them, addressing the issue of poverty and lack of awareness | 0.8986"
,,,,,,49006 | To help children in Sangapur village get admission in school by obtaining Aadhar cards and birth certificates | 0.7674
,,,,,,49012 | To help a child get an Aadhar card and enroll in school by providing necessary documentation and support | 0.8372
,,,,,,49015 | To help children get enrolled in school by obtaining birth certificates and Aadhar cards | 0.8617
,,,,,,"49016 | To facilitate school enrollment by obtaining Aadhar cards for children, addressing the issue of lack of identification and access to education | 0.8946"
,,,,,,49022 | To help children without birth certificates or Aadhar cards gain access to education by assisting their parents in obtaining these documents and enrolling them in school. | 0.7885
,,,,,,49042 | To correct Aadhar cards of children and enroll them in Anganwadi | 0.7505
,,,,,,16219 | To improve education in rural Bihar by encouraging children to attend school | 0.6272
,,,,,,3933 | To address the lack of information in education by enrolling children in school and providing Aadhaar cards | 0.8674
,,,,,,6471 | To improve education by creating awareness among women about its importance and making Aadhar cards for children | 0.7264
,,,,,,28709 | To raise awareness about the importance of Aadhaar cards for children and to encourage parents to register their children | 0.792
,,,,,,4284 | To enroll children in school and provide them with government facilities by obtaining Aadhaar cards | 0.8316
,,,,,,"4294 | To improve access to birth certificates and Aadhar cards for children in Musahar Colony, enabling them to receive benefits and services | 0.6418"
,,,,,,29136 | Aadhar card banane ke liye jaankaari dena | 0.6664
,,,,,,6115 | To ensure all children can enroll in school by obtaining Aadhaar cards with the help of ward number 8 | 0.8304
,,,,,,"7374 | To support and empower education in the community by addressing the issue of children not attending school due to work and ensuring they receive the necessary documentation, such as Aadhaar cards, to enroll in school. | 0.7316"
,,,,,,"28766 | To empower children by obtaining Aadhaar cards for them, thereby providing them with a legal identity and access to various benefits and services | 0.7585"
,,,,,,28967 | To help Rakhi Kumari get admission in class 9th despite discrepancy in her Aadhaar card | 0.6549
,,,,,,29442 | To help parents get their daughter's name corrected in the Aadhaar card so that she can be enrolled in school. | 0.6871
,,,,,,10087 | To improve education by enrolling children in school through Aadhar card registration | 0.8881
,,,,,,15041 | To get an Aadhar card for the child | 0.8597
,,,,,,18236 | To address the issue of wrong date of birth in Aadhar cards affecting children's access to higher education | 0.7524
,,,,,,29142 | To help a student get his school money by correcting his Aadhar card | 0.722
,,,,,,29181 | To create awareness about the importance of education and the need for Aadhar cards and birth certificates for school enrollment | 0.8174
,,,,,,15062 | To facilitate school enrollment by assisting parents in obtaining Aadhaar cards for their children | 0.8357
,,,,,,29182 | To help Nisha Kumari get her Aadhaar card made so she can avail the benefits of government schemes | 0.6373
,,,,,,10383 | To ensure all students have their Aadhaar cards made to access educational benefits | 0.8005
,,,,,,15128 | To help a child enroll in school by correcting the wrong age on their Aadhaar card | 0.8034
,,,,,,"11336 | To address the issue of admission being denied due to lack of birth certificates, we aimed to find a solution that would facilitate the process and ensure all children have access to education. | 0.6096"
,,,,,,19078 | To improve education in Taruha Gaon by correcting Aadhar card names | 0.6366
,,,,,,28990 | To help Abhijeet Kumar get his Aadhar card made so he can receive benefits in school | 0.7173
,,,,,,28991 | To help Aryan Kumar get an Aadhar card to benefit from government school | 0.7012
,,,,,,29457 | To educate children about the importance of having an Aadhar card and to help them obtain one | 0.8285
,,,,,,"28807 | To improve access to education for children in Badee Chaapi, Gaya, Bihar, by convincing parents to send their children to school | 0.635"
,,,,,,18199 | To address the issue of children being unable to access higher education due to poverty and errors in important documents like Aadhar cards | 0.8155
,,,,,,15311 | To help Aarti Kumari get enrolled in school by obtaining a birth certificate | 0.6647
,,,,,,"29184 | To help a 3-year-old girl get her Aadhaar card made, which was previously not possible due to her age. | 0.7605"
,,,,,,4135 | To empower the Musahar Colony community through education by providing access to Aadhar cards and birth certificates | 0.6303
,,,,,,4090 | To motivate parents to get Aadhar cards made for their children | 0.7528
,,,,,,15090 | To address the issue of Anish not getting enrolled in class six due to the lack of an Aadhar card by facilitating the creation of the necessary documentation | 0.7288
,,,,,,5720 | To solve the problem of Aadhar Card among all people | 0.7792
,,,,,,16788 | To improve access to Aadhar cards for children without birth certificates | 0.787
,,,,,,15123 | To help underprivileged children obtain necessary documents like Aadhar cards and birth certificates to enroll in school | 0.8008
,,,,,,15171 | To solve the problem of Aadhar card blockage due to non-production of birth certificate | 0.6794
,,,,,,"28997 | To improve access to education for children in rural Bihar by facilitating the creation of birth certificates and Aadhar cards, thereby enabling them to enroll in school. | 0.8"
,,,,,,15316 | To facilitate the admission of children into school by obtaining necessary documents such as birth certificates and Aadhar cards in a timely manner | 0.7937
,,,,,,11577 | To facilitate access to essential services by obtaining Aadhaar cards for community members | 0.6802
,,,,,,7653 | To enroll children in school by obtaining Aadhar cards for them | 0.8955
,,,,,,15332 | To get her father's name corrected for making Aadhar card | 0.6811
,,,,,,20389 | To correct the Aadhar card details of students | 0.6947
,,,,,,4251 | To enroll children in school by obtaining Aadhaar cards for them | 0.8765
,,,,,,12703 | To educate daughters and get Aadhar cards made | 0.7566
,,,,,,19715 | To solve the problem of children not having Aadhaar cards | 0.9171
,,,,,,29209 | To help children enroll in school by obtaining their Aadhar cards | 0.8891
,,,,,,12739 | To improve access to education for children in rural Bihar by addressing the challenges faced by their illiterate parents | 0.6257
,,,,,,29000 | To help Amrita Kumari get her Aadhar card and avail government benefits | 0.6649
,,,,,,15282 | To enroll Sandhya Kumari in school by obtaining an Aadhaar card | 0.7087
,,,,,,15274 | To help a child get an Aadhar card so they can attend school | 0.8479
,,,,,,15275 | To facilitate school admission by helping parents obtain Aadhar cards for their children | 0.8543
,,,,,,29001 | To educate the community about the importance of Aadhaar cards for children and to help them get enrolled in school | 0.8098
,,,,,,15276 | To correct the address in the Aadhar card to enable school admission | 0.7163
,,,,,,29188 | To correct Asha Kumari's Aadhaar card | 0.6333
,,,,,,29007 | To help children get admission in school by making Aadhar cards | 0.8746
,,,,,,15314 | To help Kanchan Kumari get admission by obtaining her father's Aadhar card | 0.6096
,,,,,,29009 | To help Preeti Kumari get her Aadhar card and receive government scheme benefits | 0.6276
,,,,,,29010 | To resolve the issue of children not being enrolled in school due to Aadhaar card problems | 0.9019
,,,,,,15360 | To ensure Gudiya Kumari gets enrolled in school by obtaining an Aadhar card | 0.707
,,,,,,29011 | To improve school attendance by addressing the issue of lack of Aadhar cards | 0.8703
,,,,,,28843 | To increase enrollment by raising awareness about the importance of birth certificates and Aadhar cards for education | 0.7817
,,,,,,4030 | To get Aadhar and birth certificates made for 3 girls and enroll them in school | 0.7258
,,,,,,28848 | To get the Aadhar card made for her child to enable enrollment in school | 0.819
,,,,,,28849 | To solve the problem of not being enrolled in school due to lack of Aadhar card | 0.8688
,,,,,,3893 | To raise awareness about the importance of birth certificates and Aadhar cards for education and to facilitate their creation for children in the community | 0.7671
,,,,,,28850 | To improve education by helping people get their Aadhar cards made | 0.7856
,,,,,,28851 | To increase Aadhar card enrollment by addressing the issue of not having an Aadhar card | 0.7203
,,,,,,28852 | To get an Aadhar card made | 0.8178
,,,,,,29015 | To improve education by creating necessary documents like Aadhar cards and birth certificates for children in Saraya village | 0.7247
,,,,,,29016 | To improve education by spreading awareness about the importance of Aadhar cards and encouraging regular school attendance | 0.8082
,,,,,,"29023 | To ensure every child in the village has an Aadhar card, which is essential for accessing school benefits | 0.8421"
,,,,,,29024 | To help Pooja Kumari get an Aadhar card to receive benefits from the school | 0.7202
,,,,,,"17684 | To facilitate school admission by ensuring all children have an Aadhaar card, addressing the issue of lack of identification documents | 0.8799"
,,,,,,28885 | To ensure Gudiya Kumari is not expelled from school due to lack of an Aadhaar card | 0.7414
,,,,,,4119 | To help 9 children get admitted to school by creating their Aadhar cards | 0.854
,,,,,,4198 | To empower women by helping them create Aadhar cards and enroll their children in school | 0.7598
,,,,,,11475 | To educate the children of Tarachandi and secure the future of girls by enrolling them in school and making their Aadhar cards | 0.7319
,,,,,,"16957 | To facilitate Aadhar card enrollment for underprivileged children, addressing the issue of lack of identification and access to education | 0.8653"
,,,,,,15219 | To help a child get admission in school by obtaining an Aadhar card and birth certificate | 0.8029
,,,,,,15273 | To facilitate school enrollment by assisting children and parents in obtaining Aadhar cards | 0.8786
,,,,,,29267 | To help Khushi Kumari get enrolled in school by obtaining a birth certificate | 0.6402
,,,,,,19829 | To ensure accurate identification and enrollment of children in school by correcting their names in the Aadhar card | 0.7843
,,,,,,"4250 | To provide Aadhaar related information and help in getting Aadhaar made for children, and to enroll them in school | 0.7551"
,,,,,,20754 | To improve education in Sariya Gaanv by addressing the issue of enrollment due to Aadhar card problems | 0.7597
,,,,,,"29307 | To increase awareness about the importance of education and essential documents like Aadhaar cards and birth certificates, and to help children access these services, enabling them to attend school regularly. | 0.7496"
,,,,,,4116 | To help children get their Aadhar cards corrected and enrolled in school | 0.8622
,,,,,,3965 | To facilitate school admission for children without Aadhar cards by creating the necessary documents and providing support to their parents. | 0.8207
,,,,,,"3921 | To enroll children in school by obtaining Aadhar cards, ensuring access to education and government facilities | 0.8841"
,,,,,,3998 | To improve school enrollment by addressing the issue of missing date of birth in TC and Aadhar cards | 0.7812
,,,,,,3932 | To help children get enrolled and receive government benefits by making Aadhaar cards | 0.809
,,,,,,15758 | To ensure Sandesh Kumar can attend school regularly by obtaining an Aadhar card | 0.7152
,,,,,,20962 | To correct names in Aadhar cards to enable children to get admitted to school and receive education | 0.8023
,,,,,,15359 | To enable children to attend school by obtaining an Aadhar card | 0.8851
,,,,,,15310 | To help Ruby Kumari get her Aadhar card made by correcting the wrong name of her father | 0.6243
,,,,,,4257 | To facilitate the creation of Aadhaar cards for children in the community by addressing the issue of non-residence status | 0.795
,,,,,,28427 | To facilitate school admission and government scheme benefits by generating Aadhar cards for students | 0.818
,,,,,,"28429 | To facilitate school admission by creating Aadhaar cards for villagers, particularly focusing on the benefits of government schemes and the importance of Aadhaar cards for educational purposes. | 0.7505"
,,,,,,28430 | To improve Aadhar card enrollment in the community by providing information on where and how to get the Aadhar card made | 0.7091
,,,,,,15324 | To get the date of birth in the Aadhar card corrected so that Chandani Kumari can get enrolled in class 8th | 0.6258
,,,,,,28460 | To enroll children in school who were unable to do so due to lack of Aadhaar card | 0.9093
,,,,,,28473 | To improve education by enrolling children in school through Aadhar card registration | 0.8881
,,,,,,29271 | To help children get Aadhar cards so they can get admission to school | 0.8685
,,,,,,29381 | To help Ravi Kumar get an Aadhaar card and enroll in class 6 | 0.647
,,,,,,29387 | To help Ankit Kumar get his Aadhaar card made by obtaining a birth certificate | 0.7395
,,,,,,29504 | To help Radhika Kumari get enrolled in class 6 by correcting her Aadhar card date of birth | 0.6311
,,,,,,29506 | To help Luv Kumar get an Aadhaar card for school enrollment by informing his parents about its importance and facilitating the process with Vikas Mitra | 0.6884
,,,,,,29511 | To help Madhavi Kumari get an Aadhar card and receive government benefits from school | 0.6648
,,,,,,32206 | To improve education in the community by encouraging parents to obtain birth certificates and Aadhaar cards for their children | 0.7638
,,,,,,"30582 | To resolve Aadhaar-related issues due to incorrect date of birth in Benugarh, Kishanganj, Bihar | 0.6501"
,,,,,,29707 | To improve education by ensuring children have Aadhar cards and attend school regularly | 0.8638
,,,,,,34466 | To improve education in Rohtas by addressing the issue of disruption in education due to illness and lack of Aadhaar cards | 0.7233
,,,,,,40431 | To help Aditya Kumar get an Aadhar card so he can avail government benefits | 0.6968
,,,,,,"30968 | To improve education by helping students obtain Aadhaar cards, which are required for school enrollment | 0.8315"
,,,,,,"30858 | To address the issue of children dropping out of school due to lack of Aadhaar card and date of birth, and to promote education as a means to prevent child labour and child marriage | 0.8022"
,,,,,,29561 | To help Rupa Kumari get her Aadhar card made with the help of Abhilasha Didi and Anya | 0.6411
,,,,,,31774 | To ensure all children have Aadhar cards and birth certificates to facilitate their education | 0.8311
,,,,,,40497 | To enroll 17 children without Aadhaar cards in school and ensure they receive education | 0.8676
,,,,,,40397 | To enroll children in school and provide them with necessary documents like Aadhar card and birth certificate | 0.8244
,,,,,,32178 | To enable children to attend school by obtaining necessary documents such as birth certificates and Aadhaar cards | 0.8035
,,,,,,40468 | To improve regular school attendance by addressing the issue of missing Aadhaar cards | 0.8259
,,,,,,29512 | To help Ankush Kumar get an Aadhar card to enroll in school and avail government benefits | 0.6931
,,,,,,"30869 | To ensure all children have access to education by facilitating the acquisition of Aadhaar cards, which are necessary for school admission | 0.8582"
,,,,,,31045 | To increase school enrollment by addressing the issue of Aadhar card requirements | 0.8747
550e8400-e29b-41d4-a716-446655440003,Early Marriage,"This theme captures responses where child marriage or early marriage prevents girls from continuing their education. It includes situations where early marriage leads to school dropout, limits learning opportunities, or shifts responsibilities toward household duties instead of schooling.","Child marriage,marriage,early marriage,shadi,vivah,baal vivah,underage marriage,married off,got married young,left school after marriage,nikah,banning child marriage,marriage girls,run away,ban child marriage,married after,girls should,preventing child marriage,marriage before 18,underage marriage,minor married,married in childhood,marriage at 14,marriage at 15,married before school complete,dropout after marriage,forced to marry,marriage arranged young,married off early,engagement of minor,nikah at young age,early nikah,married off daughters early,girls withdrawn for marriage,marry after 18,married class 8, adolescent marriage,forced marriage",Approved,185,28523 | To educate girls and avoid child marriage | 0.7725
,,,,,,4074 | To increase girls' enrollment in school by educating parents about the importance of education for girls | 0.6447
,,,,,,28535 | To encourage girls to pursue education and prevent child marriage | 0.8045
,,,,,,8061 | To prevent child marriages by creating awareness | 0.6887
,,,,,,28537 | To promote education and prevent child marriage and child labor | 0.669
,,,,,,15007 | To empower girls through education and ensure they get married at a suitable age | 0.6752
,,,,,,28608 | To empower adolescent girls through education and prevent child marriage | 0.7421
,,,,,,"28548 | To address the issue of school dropout due to distance and lack of transportation, and to empower girls to continue their education through community-led initiatives. | 0.6343"
,,,,,,4091 | To increase access to education for girls by addressing the issue of missing birth certificates | 0.6523
,,,,,,28610 | To create awareness about the importance of education and encourage girls to attend school regularly | 0.6021
,,,,,,14941 | To educate girls and stop early marriage | 0.7217
,,,,,,28614 | To increase girls' attendance in school by addressing the root causes of low attendance and promoting the importance of education | 0.6532
,,,,,,28613 | To raise awareness about the importance of education and prevent child marriage in Balbhadra village | 0.6328
,,,,,,41580 | To raise awareness about the importance of education among girls and their families | 0.6094
,,,,,,41590 | To increase awareness about the importance of education and enroll girls in school | 0.6015
,,,,,,40610 | To stop child marriage and ensure education for children in Gurhani village | 0.685
,,,,,,41664 | To re-enroll a drop-out girl child in school and emphasize the importance of education in her life | 0.6958
,,,,,,40674 | To re-enroll children who dropped out of school due to domestic reasons | 0.6232
,,,,,,3837 | To prevent child marriage in Jakkalli by conducting an awareness program on its consequences | 0.618
,,,,,,40699 | To prevent child marriage and promote education among boys and girls in the village | 0.7133
,,,,,,28570 | To help girls continue their education beyond matriculation | 0.6281
,,,,,,40799 | To empower girls through education and reduce child marriage | 0.7166
,,,,,,40800 | To ensure girls receive a full education and become self-sufficient | 0.6165
,,,,,,40865 | To prevent child marriage and promote education among teenage girls | 0.7838
,,,,,,40885 | To educate parents about the importance of education and prevent child marriage | 0.8056
,,,,,,40921 | To empower girls through education and prevent child marriage | 0.7284
,,,,,,4142 | To address the issue of girls not attending school and child marriage in the community | 0.7451
,,,,,,4171 | To educate girls and prevent child marriage in Bihar | 0.6181
,,,,,,41001 | To improve access to education for girls by addressing the issue of birth certificates | 0.6294
,,,,,,41043 | To educate girls about the importance of education and the negative impacts of child marriage | 0.7924
,,,,,,"41101 | To address the issue of girls dropping out of school due to lack of information and understanding among parents, and to promote self-reliance through education | 0.7355"
,,,,,,28623 | To empower girls through education and reduce dropout rates | 0.6323
,,,,,,41176 | To empower girls through education and prevent child marriage | 0.7284
,,,,,,41184 | To empower girls through education and prevent child marriage | 0.7284
,,,,,,5905 | To address the issue of child marriage and encourage girls to stay in school | 0.8021
,,,,,,41191 | To solve the problem of girls dropping out of school in Mahadalit communities | 0.6704
,,,,,,"41219 | To prevent child marriage and encourage girls to continue their studies, thereby empowering them to make informed decisions about their lives. | 0.6431"
,,,,,,4156 | To educate girls who had dropped out of school due to various reasons | 0.7084
,,,,,,4035 | To empower a minor girl to complete her education by raising awareness about the importance of education and the legal implications of marrying a minor | 0.6968
,,,,,,41266 | To improve education and delay marriages in rural Bihar by organizing education chaupals and encouraging parents to educate their children | 0.6511
,,,,,,41267 | To empower girls through education and prevent child marriage | 0.7284
,,,,,,41268 | To empower girls through education and reduce child marriage | 0.7166
,,,,,,40543 | To educate girls and prevent child marriage | 0.7192
,,,,,,40545 | To encourage girls' education in rural Rohtas by advising parents to educate their daughters at least until they grow up and then marry them off | 0.6569
,,,,,,41430 | To empower girls through education and prevent child marriage | 0.7284
,,,,,,41452 | To educate the girl child and prevent child marriage | 0.7101
,,,,,,41475 | To bring back a girl who dropped out of school and make her understand the importance of education | 0.6819
,,,,,,41529 | To empower girls through education and reduce dropout rates | 0.6323
,,,,,,28629 | To educate girls about the importance of education and the disadvantages of early marriage | 0.8074
,,,,,,48996 | To bring back 25 girls who had dropped out of school due to distance and parental incomprehension | 0.6553
,,,,,,49009 | To stop child marriage and promote education for girls | 0.8177
,,,,,,49028 | To educate parents about the importance of girls' education and to stop child marriage | 0.7829
,,,,,,49026 | To encourage girls to study and not get married at a young age | 0.7751
,,,,,,5803 | To educate girls and prevent child marriage | 0.7192
,,,,,,4956 | To educate parents and children about the importance of girls' education | 0.6419
,,,,,,28703 | To encourage girls to attend school and highlight the importance of education for their future | 0.6256
,,,,,,6924 | To increase the age of education and prevent child marriage by improving teacher accountability and community awareness | 0.6913
,,,,,,4254 | To raise awareness against child marriage and promote education among girls | 0.7575
,,,,,,7290 | To increase awareness about the importance of education among girls | 0.6318
,,,,,,8037 | To encourage girls to continue their education and not drop out of school | 0.764
,,,,,,29225 | To increase school attendance by addressing child labor and marriage issues | 0.6811
,,,,,,4289 | To reduce child marriage by raising awareness through rallies and slogans | 0.6262
,,,,,,8066 | To educate women about the problems caused by child marriage and encourage them to cooperate in preventing it | 0.6494
,,,,,,28720 | To create awareness about the negative impacts of child marriage among children and to encourage them to report such cases. | 0.7235
,,,,,,28955 | To empower girls through education and reduce dropout rates | 0.6323
,,,,,,16488 | To educate girls who dropped out of school after studying till the fifth grade | 0.7379
,,,,,,4101 | To encourage girls to attend school regularly | 0.6023
,,,,,,5700 | To stop child marriage and empower girls | 0.6844
,,,,,,16515 | To empower girls through education and reduce dropout rates | 0.6323
,,,,,,"5841 | To encourage girls to attend school and receive a proper education, rather than just studying in madrasas | 0.6074"
,,,,,,5929 | To improve education in rural Bihar by addressing the issue of child marriage and encouraging children to attend school | 0.697
,,,,,,7598 | To empower girls through education and prevent child marriage | 0.7284
,,,,,,18142 | To educate villagers about the importance of educating their children before marriage and preventing child marriage | 0.6773
,,,,,,6648 | To address the issue of girls dropping out of school due to distance and lack of access to nearby colleges | 0.7119
,,,,,,28744 | To create awareness among children about the problems caused by child marriage and to prevent it | 0.7418
,,,,,,28752 | To stop child marriage in the village | 0.7577
,,,,,,"8368 | To ensure all girls in the community attend school and receive an education, addressing the issue of girls being deprived of education and married before the age of 18 | 0.7502"
,,,,,,8530 | To ensure girls attend school regularly and delay marriage until the age of 18 | 0.7437
,,,,,,16474 | To prevent child marriage by educating children and their parents about its negative consequences and promoting self-reliance | 0.7497
,,,,,,9212 | To educate parents about the importance of not marrying their children before the age of 18 and to encourage them to educate their children | 0.687
,,,,,,15046 | To create awareness about education and curb child marriage | 0.7501
,,,,,,10450 | To encourage girls to attend school and prevent child marriage | 0.7726
,,,,,,15110 | To encourage girls to continue their education and become aware of its importance | 0.6289
,,,,,,15059 | To encourage and support girls from disadvantaged backgrounds to continue their education beyond the 8th grade | 0.6399
,,,,,,10397 | To reduce early marriage and promote education among girls in the community | 0.7887
,,,,,,10470 | To prevent child marriage by educating parents and adolescents about its negative consequences and promoting vocational training for adolescent empowerment | 0.7291
,,,,,,15085 | To solve the problem of girls being forced to leave school due to distance | 0.6791
,,,,,,4205 | To prevent child marriage and encourage girls to pursue their education by engaging grandparents and the community | 0.7253
,,,,,,12586 | To empower girls through education and prevent child marriage | 0.7284
,,,,,,28792 | To create awareness about the importance of education for girls and the legal consequences of child marriage | 0.752
,,,,,,11473 | To empower daughters through education and delay their marriage until they are ready | 0.6681
,,,,,,4196 | To empower girls through education and prevent child marriage | 0.7284
,,,,,,28993 | To encourage girls to continue their education by obtaining certificates and enrolling in further studies | 0.6455
,,,,,,"15053 | To educate parents about the importance of education for girls and the legal consequences of child marriage, and to encourage them to support their daughters | 0.7086"
,,,,,,10437 | To stop child marriage and promote education | 0.8296
,,,,,,16260 | To empower girls through education and prevent child marriage | 0.7284
,,,,,,15513 | To educate women about the problems caused by child marriage and empower them to make informed decisions | 0.6571
,,,,,,15190 | To improve school attendance among girls by educating parents about the importance of education | 0.6588
,,,,,,"13887 | To raise awareness about child marriage among children in Varuna, Mysuru, Karnataka | 0.6573"
,,,,,,23288 | To improve school safety and education for girls by building a boundary and promoting education over early marriage | 0.7227
,,,,,,23339 | To encourage teenage girls to continue their education beyond the eighth grade | 0.6326
,,,,,,27237 | To empower women and children through education and prevent child marriage | 0.7209
,,,,,,8060 | To educate women about the problems caused by child marriage and encourage them to take action against it | 0.6668
,,,,,,7875 | To solve the problem of child marriage in the village | 0.7867
,,,,,,13909 | To educate and raise awareness about the negative impacts of child marriage among the community | 0.7962
,,,,,,8540 | To create awareness about the negative effects of child marriage and promote education among girls | 0.7754
,,,,,,13443 | To empower girls through education and prevent child marriage | 0.7284
,,,,,,3985 | To create awareness about the importance of higher education for girls and the harmful effects of child marriage and mismatched marriages | 0.739
,,,,,,13917 | To educate children about the problems caused by child marriage and promote awareness | 0.7431
,,,,,,4951 | To educate families about the importance of girls' education | 0.6299
,,,,,,4259 | To encourage girls to pursue education and delay marriage | 0.7784
,,,,,,4262 | To empower girls and prevent child marriage through education and awareness | 0.7044
,,,,,,28820 | To educate girls and delay their marriage until they are 18 years old | 0.705
,,,,,,16425 | To empower adolescent girls through education and reduce dropout rates | 0.6442
,,,,,,8075 | To create awareness about child marriage in schools | 0.7584
,,,,,,4112 | To encourage girls to attend school and continue their education | 0.6717
,,,,,,18242 | To improve education by engaging the community and stopping child marriage | 0.8002
,,,,,,9387 | To raise awareness about the negative effects of child marriage and promote education as a means to prevent it | 0.7539
,,,,,,16670 | To encourage girls to continue their education | 0.6714
,,,,,,10457 | To educate girls and women in rural areas and delay child marriages | 0.6714
,,,,,,11478 | To ensure girls in Amma Bigha village can safely attend school by building a road and addressing the issue of child marriage | 0.6196
,,,,,,15484 | To educate girls about the harm caused by early marriage | 0.6955
,,,,,,4307 | To reduce the number of dropouts among migrant children by convincing their families of the importance of education and working with schools to admit them | 0.6119
,,,,,,3854 | To increase the education of girls in the community by stopping child marriage | 0.7777
,,,,,,15277 | To resolve the problem of girls leaving school after fifth or eighth grade due to child marriage | 0.7797
,,,,,,15281 | To empower girls through education and prevent child marriage | 0.7284
,,,,,,28834 | To improve girls' education in rural India | 0.6575
,,,,,,17107 | To improve the regular attendance of girls in school by addressing parental dissatisfaction and lack of awareness about the importance of education | 0.6554
,,,,,,4155 | To stop child marriage in Peerapur village by educating parents and community members about its harmful effects and legal consequences | 0.7262
,,,,,,4034 | To promote girl education and eliminate child marriage in the community | 0.756
,,,,,,3974 | To empower girls through education and prevent child marriage | 0.7284
,,,,,,12908 | To empower girls through education and prevent child marriage | 0.7284
,,,,,,3980 | To increase awareness about the importance of education among girls and their families | 0.6305
,,,,,,3969 | To empower girls in the community by delaying marriages until they complete their education | 0.7069
,,,,,,29222 | To improve school attendance by addressing child marriage and child labor | 0.6827
,,,,,,3757 | To empower women to take a stand against child marriage and create a positive impact in their community | 0.6748
,,,,,,4140 | To stop child marriage and encourage girls to study by celebrating Grandparents Day | 0.6297
,,,,,,28853 | To empower girls through education and stop child marriage | 0.7292
,,,,,,29104 | To motivate girls to pursue education and reduce child marriage | 0.7374
,,,,,,15483 | To prevent early marriage by educating the girl and her parents about its harmful effects | 0.7158
,,,,,,17514 | To educate women and prevent child marriage in the community | 0.7521
,,,,,,15998 | To empower girls through education and reduce the number of girls dropping out of school | 0.6756
,,,,,,20817 | To empower girls through education by addressing the problem of early marriage and lack of access to education | 0.7635
,,,,,,16368 | To educate children about the problems caused by child marriage and gender sensitization | 0.7283
,,,,,,21524 | To empower girls through education and prevent child marriage | 0.7284
,,,,,,8015 | To educate girls and prevent child marriage | 0.7192
,,,,,,13380 | To empower girls through education and prevent child marriage | 0.7284
,,,,,,4137 | To empower girls through education and improve their attendance in school | 0.6016
,,,,,,16033 | To encourage girls who had dropped out of school to re-enroll and continue their education | 0.7293
,,,,,,"5005 | To address the problem of boys dropping out of school due to social expectations and family pressures, and to encourage them to pursue higher education. | 0.6703"
,,,,,,5031 | To shift parental attitudes that deprioritize girls' education | 0.6731
,,,,,,"5033 | Prevent dropouts due to early marriage or abuse by identifying at-risk girls, intervening through counseling and legal referrals, and promoting continuing education as an alternative to early marriage | 0.6565"
,,,,,,12249 | To raise awareness about the problems caused by child marriage and empower women to take action against it | 0.6528
,,,,,,13905 | To educate women about the negative effects of child marriage and empower them to make informed decisions | 0.6652
,,,,,,7792 | To stop child marriage and promote girls' education | 0.8264
,,,,,,16026 | To prevent early marriage and promote education among girls in the community | 0.772
,,,,,,7105 | To empower daughters through education and prevent child marriage | 0.6965
,,,,,,15137 | To address the lack of education among adolescent girls and to inform them about government schemes related to schooling and to explain to their parents the importance of education | 0.6571
,,,,,,13397 | To empower girls through education and prevent child marriage | 0.7284
,,,,,,4157 | To improve girls' attendance in school and empower them through education | 0.608
,,,,,,17293 | To stop child marriage and promote education | 0.8296
,,,,,,18685 | To stop child marriage and ensure girls are married after 18 and boys after 21 | 0.6898
,,,,,,4277 | To encourage girls in Narwara village to continue their education after failing in matriculation | 0.6146
,,,,,,4292 | To empower girls through education and prevent child marriage | 0.7284
,,,,,,9311 | To improve girls education in rural Bihar | 0.6381
,,,,,,12571 | To encourage girls to attend school and prevent child marriage | 0.7726
,,,,,,28453 | To stop child marriage and promote education among girls in the village | 0.7476
,,,,,,28458 | To empower girls in Keva village by stopping child marriage and encouraging higher education | 0.632
,,,,,,28506 | To empower the children of Village Amarpur by providing them with access to education and stopping child marriage | 0.6247
,,,,,,29061 | To educate girls about the negative impacts of child marriage and inspire them to complete their studies | 0.6902
,,,,,,"29278 | To create awareness about the importance of education and to encourage girls to pursue their studies, thereby reducing dropout rates and child marriages | 0.777"
,,,,,,29422 | To promote girls' education and prevent child marriage in the community | 0.722
,,,,,,29425 | To empower girls through education and reduce dropout rates | 0.6323
,,,,,,40411 | To empower girls through education and delay early marriages | 0.7216
,,,,,,"33807 | To empower rural communities by addressing the issues of child marriage, child labor, and lack of education | 0.6622"
,,,,,,"33855 | To improve education in Khanpura by addressing the issues of child marriage, child labour, and lack of access to education | 0.6352"
,,,,,,34148 | To educate villagers about the importance of education and the dangers of child marriage and child labor | 0.617
,,,,,,40473 | To encourage girls to attend school regularly and understand the importance of education | 0.6228
,,,,,,30289 | To educate women and girls in the community and delay their marriages until they are 18 years old | 0.6498
,,,,,,30309 | To educate girls and delay their marriage until they are at least 18 years old | 0.6996
,,,,,,40417 | To ensure that no girl child remains out of school and everyone is connected to the mainstream of school so that they can get education at least till 12th standard | 0.6553
,,,,,,33515 | To address the issue of child marriage and lack of education in the village by engaging with families and providing them with information about government facilities and the importance of education | 0.6675
,,,,,,40256 | To stop child marriage and encourage education | 0.852
,,,,,,40451 | To educate girls in rural Bihar by enrolling them in school and making their parents understand the importance of education | 0.6227
,,,,,,31085 | To stop child marriage through education and awareness | 0.8188
550e8400-e29b-41d4-a716-446655440007,Teacher Capacity and Quality Issues,"This theme covers responses highlighting challenges related to insufficient teachers or concerns about teaching quality. It includes issues such as vacant positions, irregular teacher attendance, overburdened staff, and gaps in subject knowledge or pedagogy. These factors affect the learning environment and reduce children's motivation to attend school regularly.","Shortage,quality issue,teacher not on time,dont pay attention,slow learning progress,academic progress,lack in academics,Lack of english education,para teacher,shiksha mitra,single teacher,teacher absent,no subject teacher,election duty,teacher vacancy,learning progress,english medium,illiterate parents,children learning,teacher transfer,frequent teacher change,teacher absent regularly,no subject-wise teacher,no trained teacher,multi-grade teaching,overcrowded classroom,children not learning,reading not improved,numeracy weak,teacher on election duty,teacher not attentive,no English teacher,poor teaching quality,children learning slow,learning english,kasturba gandhi,struck off,rural areas,digital divide,internet access,english learning,government schools,subject recruitment,tola sevak",Approved,137,114 | To improve the quality of education in remote areas by addressing the shortage of qualified teachers and inadequate infrastructure | 0.6622
,,,,,,68 | To improve the quality of education in government schools | 0.6319
,,,,,,50 | Improve girl attendance in school | 0.6029
,,,,,,"149 | To address the challenges of teacher shortages, cultural and linguistic barriers, and lack of digital literacy skills in rural schools | 0.6028"
,,,,,,183 | To increase student motivation and attendance | 0.6216
,,,,,,146 | To improve parental involvement in education and enhance student learning outcomes | 0.6006
,,,,,,"115 | To enhance the quality of education in government schools by addressing infrastructure, teaching quality, and resource issues. | 0.6089"
,,,,,,120 | To address challenges in government schools and improve the quality of education | 0.6201
,,,,,,153 | To improve student performance by increasing parental involvement in their child's education | 0.6245
,,,,,,4213 | To improve girls’ attendance in school | 0.6274
,,,,,,28598 | To address the issue of irregular attendance due to migrant parents and lack of access to nearby schools | 0.6376
,,,,,,4219 | To address the teacher shortage in the school by informing the school board about the issue | 0.65
,,,,,,"2544 | To improve the quality of education in villages by addressing the lack of teaching staff, transport, and poor facilities | 0.752"
,,,,,,3956 | To increase student attendance by identifying and addressing the root causes of low attendance | 0.6829
,,,,,,3733 | To provide a fun and educational experience for children despite challenges | 0.6107
,,,,,,28607 | To improve school attendance by encouraging parents to prioritize education | 0.6012
,,,,,,3684 | To improve in a subject where the teacher was not supportive | 0.6136
,,,,,,3531 | To motivate disadvantaged children to study and learn new skills by involving their parents | 0.6385
,,,,,,3806 | To increase student attendance by engaging parents through regular meetings | 0.6068
,,,,,,28662 | To increase parental involvement in their children's education | 0.6369
,,,,,,4455 | To increase student attendance by making classes more engaging and involving parents through regular PTMs | 0.6239
,,,,,,3800 | To address the issue of no teachers in the school due to lack of salaries | 0.6588
,,,,,,41603 | To improve education in the community by addressing the lack of teacher education and providing a safe and accessible learning environment | 0.7196
,,,,,,5787 | To increase student attendance by engaging them through Parent-Teacher Meetings and fun classes | 0.676
,,,,,,3807 | To address the issue of low attendance by engaging with parents and understanding their concerns | 0.6287
,,,,,,40669 | To educate parents about the importance of timely enrollment and regular attendance in school for their children | 0.6057
,,,,,,41685 | To improve daily school attendance by educating parents on its importance and providing support to children | 0.609
,,,,,,40853 | To increase parental involvement in children's education | 0.6195
,,,,,,41037 | To enroll a girl in school who was not attending due to parental negligence | 0.7631
,,,,,,41083 | To improve education by increasing parental involvement and understanding of its importance | 0.614
,,,,,,41119 | To improve children's education | 0.6055
,,,,,,41204 | To enroll children in school and improve attendance | 0.6802
,,,,,,28651 | To encourage parents to take responsibility for their children | 0.6205
,,,,,,3689 | To address the issue of not coming to school on time | 0.7032
,,,,,,3688 | To address the issue of kids not coming to school on time | 0.7212
,,,,,,41428 | To improve student attendance and awareness about education in rural Rajasthan | 0.6074
,,,,,,41495 | To improve children's education | 0.6055
,,,,,,"41545 | To address the issue of teacher negligence and lack of parental involvement in education, thereby improving the overall quality of education for children in the community. | 0.795"
,,,,,,48903 | To convey the importance of education to parents | 0.6062
,,,,,,49020 | To increase enrollment in government schools by addressing parental concerns about English language instruction | 0.6098
,,,,,,16536 | To educate parents about the importance of education | 0.6176
,,,,,,4214 | To improve school attendance by increasing awareness about the importance of education and providing incentives for regular attendance | 0.6629
,,,,,,4222 | To increase attendance of children in school by making them interested in studies | 0.617
,,,,,,7216 | To improve the condition of the school by addressing the issues of teacher carelessness and poor food quality | 0.6968
,,,,,,28949 | To improve children's learning | 0.7441
,,,,,,4931 | To improve education in rural areas by addressing the lack of specialized teachers and encouraging children to attend school | 0.6557
,,,,,,28951 | To improve children's learning | 0.7441
,,,,,,28952 | To improve children's learning | 0.7441
,,,,,,3891 | To increase student attendance by identifying and addressing the root causes of low attendance | 0.6829
,,,,,,28953 | To improve children's learning | 0.7441
,,,,,,3911 | To provide a designated place for children to study | 0.6054
,,,,,,28954 | To improve children's learning by engaging parents and community | 0.6075
,,,,,,4106 | To improve school attendance by addressing the lack of effective teaching and engaging parents in the educational process | 0.6929
,,,,,,28965 | To enhance teacher skills and improve education quality | 0.736
,,,,,,7213 | To educate children and make them progress further | 0.653
,,,,,,"29221 | To address the issue of children being deprived of education due to parental negligence in Note Tola, Manihari village, by raising awareness and providing access to education | 0.6523"
,,,,,,28969 | To improve children's learning | 0.7441
,,,,,,28971 | To improve children's learning | 0.7441
,,,,,,28972 | To improve children's learning | 0.7441
,,,,,,16672 | To improve school attendance | 0.6697
,,,,,,10364 | To improve education in Khudi Bakhari by addressing teacher shortage | 0.6061
,,,,,,15091 | To improve the attendance of children in school | 0.7152
,,,,,,29268 | To improve the education of underprivileged children by increasing their attendance and interest in studies | 0.6077
,,,,,,29283 | To improve learning by increasing attendance and interest in classes | 0.6063
,,,,,,29285 | To educate parents about their role in their children's education | 0.6436
,,,,,,4207 | To improve attendance in the school by addressing the root cause of poverty and child labor | 0.6657
,,,,,,15258 | To improve school attendance by addressing the issue of students doing household work instead of attending school | 0.631
,,,,,,3855 | To improve the quality of education in rural areas by addressing the shortage of quality teachers | 0.7285
,,,,,,12143 | To provide a separate place for children to study | 0.6265
,,,,,,7150 | To provide a separate place for children to study | 0.6265
,,,,,,28815 | To motivate children to continue their education beyond 10th class by addressing the lack of results and parental skepticism | 0.6147
,,,,,,16372 | To improve children's learning | 0.7441
,,,,,,4229 | To improve teaching skills of teachers in the school | 0.6328
,,,,,,3331 | To improve attendance in school by motivating parents and kids | 0.6151
,,,,,,4515 | To increase children participation in learning together | 0.616
,,,,,,17630 | To improve student attendance by providing transportation facilities | 0.6113
,,,,,,3280 | To enhance teacher skills and improve student performance | 0.6068
,,,,,,3910 | To provide a place for children to study | 0.626
,,,,,,3860 | To address the teacher shortage in school by discussing problems and finding solutions | 0.6839
,,,,,,27983 | To improve the quality of education in government schools by involving local women and addressing the issue of lack of teachers | 0.6734
,,,,,,15265 | To help a child who was not interested in studies to start studying again | 0.661
,,,,,,4163 | To improve attendance in schools by encouraging students and providing rewards for good attendance | 0.6321
,,,,,,15356 | To increase interest in studies among children | 0.6307
,,,,,,3848 | To provide quality education to children in Basavanagiri by addressing the lack of good quality teachers | 0.6656
,,,,,,3817 | To address the teacher shortage in the school by working together with the community and school authorities | 0.652
,,,,,,28857 | To improve children's education | 0.6055
,,,,,,28860 | To improve children's education | 0.6055
,,,,,,29211 | To improve school attendance by addressing the negligence of parents and teachers | 0.7998
,,,,,,28861 | To improve children's education | 0.6055
,,,,,,17537 | To increase school attendance by providing cycles to students | 0.634
,,,,,,29021 | To increase parental involvement in their children's education | 0.6369
,,,,,,29022 | To increase school attendance by creating awareness among parents and children about the importance of education | 0.6026
,,,,,,15696 | To improve children's learning through play | 0.6608
,,,,,,28869 | To improve children's education | 0.6055
,,,,,,15725 | To improve school attendance by educating parents about the importance of education | 0.6395
,,,,,,28870 | To improve children's education by increasing parental involvement and support | 0.618
,,,,,,19944 | To improve education in Shivhar by addressing the shortage of teachers and education in schools | 0.6108
,,,,,,29218 | To solve the problem of children not attending school due to parental negligence | 0.8884
,,,,,,28877 | To educate parents about the importance of education for their children | 0.62
,,,,,,29027 | To improve student attendance by providing proper transportation | 0.617
,,,,,,29111 | To improve school attendance by raising awareness among parents and encouraging them to send their children to school regularly | 0.6058
,,,,,,29033 | To improve attendance by creating awareness among students and parents | 0.6485
,,,,,,16370 | To improve children's learning through play | 0.6608
,,,,,,28895 | To improve children's learning at home | 0.6023
,,,,,,28896 | To improve children's learning outcomes | 0.7078
,,,,,,12133 | To provide children with a separate place to study | 0.6442
,,,,,,3938 | To improve attendance in U M School Tepri by raising awareness about education and its importance | 0.6225
,,,,,,3850 | To improve the quality of education by addressing the shortage of teachers and engaging the community in the learning process | 0.7267
,,,,,,3858 | To address the shortage of teachers in school by taking alternative measures | 0.7255
,,,,,,29039 | To improve school attendance by raising awareness among parents and children about the importance of education | 0.6163
,,,,,,21927 | To improve the quality of education by hiring qualified teachers in schools | 0.7266
,,,,,,4384 | To increase the number of teachers in the school | 0.6245
,,,,,,28911 | To improve education by involving parents in their children | 0.6529
,,,,,,4224 | To improve attendance in school by making parents aware of the importance of education and providing incentives to students | 0.6529
,,,,,,15460 | To improve attendance by motivating parents and making them aware of educational importance | 0.6238
,,,,,,"3787 | To address the teacher shortage in our school by ensuring timely payment of salaries, thereby improving teacher retention and overall education quality. | 0.6104"
,,,,,,4183 | To improve school attendance and uniformity among children | 0.6242
,,,,,,15667 | To provide quality education to students despite the shortage of subject teachers | 0.7213
,,,,,,3896 | To improve education and increase regular attendance of all children | 0.6716
,,,,,,3862 | To provide quality education to children in the evenings due to teacher shortage in school | 0.6291
,,,,,,28927 | To improve school attendance by discussing education with parents and children | 0.6349
,,,,,,28928 | To improve school attendance by engaging with parents and children | 0.6265
,,,,,,28454 | To educate children who are not studying due to work interruption and parents not educating them | 0.6618
,,,,,,28482 | To address the issue of lack of teachers in rural schools and ensure children can complete their studies | 0.6681
,,,,,,28937 | To increase school attendance by addressing the challenges faced by children and their families | 0.6313
,,,,,,28485 | To educate the girl child who had discontinued her studies after 8th class | 0.6957
,,,,,,29279 | To improve teacher attendance in school by addressing the root causes and working with the community | 0.7408
,,,,,,29282 | To improve language skills of children in rural schools through innovative methods | 0.6059
,,,,,,29354 | To improve attendance in government school by creating awareness among parents and students about the importance of education | 0.6329
,,,,,,29383 | To improve education in Karnataka by addressing the main problem noticed in the school or community | 0.628
,,,,,,29377 | To educate parents about the importance of education for their children | 0.62
,,,,,,"29407 | To encourage and support dropout children in resuming their studies, addressing the issue of low morale and lack of understanding of education | 0.6169"
,,,,,,37842 | To improve learning outcomes by increasing parental involvement in children's education | 0.6105
,,,,,,29754 | To increase school attendance by raising awareness among parents about the importance of education and their role in ensuring regular attendance | 0.6291
,,,,,,40425 | To enroll children in school whose parents were going out to earn money | 0.6187
,,,,,,35153 | To educate parents about the importance of education for their children | 0.62
,,,,,,40337 | To increase child enrollment by addressing the issue of teachers not arriving on time | 0.7375
550e8400-e29b-41d4-a716-446655440001,Poverty and Economic Barriers,"This theme captures insights where families link irregular school attendance or dropouts to financial hardship. It includes responses describing how poverty forces children to prioritize work over education, how households depend on children's income for survival, and how limited resources—such as inability to afford uniforms, books, or transport—become barriers to schooling.","Poor,no money,lack of money,financial constraints,child labour,economic constraint,unemployment,financial difficulties,no fees,school fees,can't afford,daily wage,labourer,cannot buy books,no money for uniform,financial problems,poor economic condition,economic condition,education hampered,family affect,child labour,no money for fees,cannot afford school,daily wage family,BPL family,landless family,no stable income,food insecurity,school dress not affordable,no money for travel,scholarship not received,deprived community,tribal poverty,wage labor family,farm labor family,migrant labor family,sending children to work,child labor poverty,cannot afford books,financial condition,household chores,brick kiln,graze goats,earn living,enough money,failed matriculation,uniform dress,scholarship hostel,migrant workers,seasonal work,goat herding,kiln work",Approved,120,28515 | To enroll a girl in school who was not studying due to poverty | 0.7495
,,,,,,28600 | To increase parental involvement in education by addressing the challenges faced by daily wage laborer parents | 0.6277
,,,,,,28657 | To improve education for adolescent girls by motivating parents and addressing financial constraints | 0.6741
,,,,,,"2541 | To improve education in villages by addressing travelling problems, lack of support from parents, and financial difficulties | 0.6229"
,,,,,,28637 | To enhance education by engaging parents and providing resources to underprivileged children | 0.6183
,,,,,,18271 | To empower girls through education despite economic situations | 0.6967
,,,,,,28549 | To empower girls through education and make them self-sufficient | 0.6213
,,,,,,15456 | To educate a teenage girl who was deprived of education due to work at an early age | 0.6271
,,,,,,28554 | To empower girls through education and make them self-sufficient | 0.6213
,,,,,,15511 | To empower daughters-in-law to pursue their education and become financially independent | 0.6125
,,,,,,28559 | To continue education despite financial difficulties | 0.714
,,,,,,4057 | To empower girls through education and reduce the burden of household chores | 0.6703
,,,,,,40577 | To help a girl continue her education after she had stopped studying | 0.6196
,,,,,,7219 | To improve education in the community by providing resources and encouraging parents to send their children to school | 0.6093
,,,,,,40624 | To improve education for disadvantaged girls by addressing the issue of lack of parental support and financial constraints | 0.7969
,,,,,,40704 | To increase enrollment of children in school by addressing poverty and lack of information | 0.7654
,,,,,,40824 | To educate a poor girl | 0.6211
,,,,,,40845 | To empower girls through education and prevent child labor | 0.6587
,,,,,,8827 | To ensure all girls in the community have access to education and reduce the burden of household chores | 0.6386
,,,,,,40894 | To help a teenager attend school despite financial difficulties | 0.7152
,,,,,,40906 | To educate women and teenagers about the importance of education in overcoming unemployment | 0.6973
,,,,,,40908 | To ensure children from poor families do not drop out of school | 0.7403
,,,,,,40916 | To provide education to underprivileged children despite financial constraints | 0.7205
,,,,,,28572 | To educate the girl about the importance of education despite her family's poverty | 0.7236
,,,,,,40964 | To improve education for all by increasing enrolment and addressing the challenges faced by schools and communities | 0.6022
,,,,,,40990 | To empower girls through education and make them self-sufficient | 0.6213
,,,,,,41038 | To solve the problem of parents not sending their children to school due to household work | 0.6721
,,,,,,41042 | To ensure girls from underprivileged backgrounds receive education and support to break the cycle of poverty | 0.6691
,,,,,,41084 | To help a teenage girl continue her education despite financial difficulties | 0.7564
,,,,,,41114 | To address the issue of depriving girls of education by engaging them in household chores | 0.7152
,,,,,,41115 | To educate disadvantaged children and empower them through education | 0.6639
,,,,,,41139 | To enroll unenrolled children in school and ensure they receive an education | 0.6038
,,,,,,"28672 | To encourage and support students to continue their education beyond 8th class, addressing the issue of limited educational opportunities due to poverty | 0.6909"
,,,,,,41272 | To empower education in the community by addressing the problem of poverty and lack of motivation | 0.717
,,,,,,40534 | To educate girls from poor families | 0.6959
,,,,,,40536 | To promote girl education and empower them to become self-dependent | 0.6545
,,,,,,40537 | To empower girls through education and make them self-sufficient | 0.6213
,,,,,,41413 | To empower children and eliminate poverty through education | 0.7141
,,,,,,41466 | To educate children and empower them to break the cycle of poverty | 0.6862
,,,,,,48982 | To educate parents about the importance of education in eradicating poverty | 0.7574
,,,,,,4546 | To improve education in Halebudanuru village by addressing the issue of children not being interested in studies due to poverty | 0.642
,,,,,,"4554 | To improve the quality of education in government schools and increase enrollment by addressing the challenges of poverty, parental mindset, and teacher shortage. | 0.6231"
,,,,,,15019 | To empower girls to complete their education and improve their economic condition | 0.6776
,,,,,,5275 | To empower girls through education and make them self-sufficient | 0.6213
,,,,,,4123 | To help Preeti continue her education despite financial difficulties | 0.6903
,,,,,,16422 | To empower girls through education and make them self-sufficient | 0.6213
,,,,,,5518 | To improve education in rural areas by addressing the financial constraints of parents and encouraging children to pursue higher education | 0.6562
,,,,,,29135 | To help a girl to study by explaining the importance of education and managing her domestic work | 0.6063
,,,,,,5817 | To educate parents about the importance of education for their teenage girl and ensure she receives higher education despite poverty | 0.697
,,,,,,5945 | To empower girls through education and make them self-sufficient | 0.6213
,,,,,,6768 | To encourage poor parents to send their children to school by highlighting the importance of education in overcoming poverty | 0.7313
,,,,,,6877 | To improve the financial situation of the school by educating parents and reducing tension among people in society | 0.6242
,,,,,,8023 | To ensure that underprivileged children receive proper education and enroll in school | 0.6556
,,,,,,14997 | To solve the problem of challenge 1 in education | 0.6047
,,,,,,"8377 | To increase awareness and importance of education among rural communities in Bihar, addressing the issue of children not attending school due to poverty and compulsion. | 0.6655"
,,,,,,8871 | To educate women about the importance of education and its impact on unemployment | 0.6509
,,,,,,9910 | To educate children despite their parents being in poverty | 0.7575
,,,,,,15049 | To support underprivileged girls in continuing their education by addressing financial constraints and providing motivation | 0.6713
,,,,,,15113 | To educate children and help them overcome poverty | 0.7004
,,,,,,4121 | To improve education in Rohua Village by addressing the deficit in education due to extreme poverty | 0.6711
,,,,,,15191 | To improve girls' education by addressing the issue of girls dropping out of school due to working outside with parents | 0.7076
,,,,,,15200 | To address the issue of girls being engaged in household work due to poverty and lack of education | 0.7685
,,,,,,29223 | To empower girls through education and help them manage their homes and pursue further studies | 0.6233
,,,,,,28808 | To educate children who are not going to school | 0.6888
,,,,,,28811 | To educate children who are not attending school | 0.7096
,,,,,,28812 | To educate children who are not attending school | 0.7096
,,,,,,15089 | To continue education despite financial hardship and domestic work | 0.6172
,,,,,,15153 | To educate girls from poor families by enrolling them in government schools where they can get scholarships and other facilities. | 0.6164
,,,,,,4240 | To address the issue of poverty by providing access to education and information about government schemes | 0.6376
,,,,,,5776 | To ensure that girls are not deprived of education due to household chores | 0.6788
,,,,,,16482 | To empower girls through education and make them self-sufficient | 0.6213
,,,,,,3991 | To empower girls through education by motivating their parents to send them to school regularly | 0.6066
,,,,,,28822 | To empower a mother to send her children to school despite economic weakness by providing information on school facilities and community support | 0.643
,,,,,,27812 | To provide free tuition to children in rural areas and help them learn and grow despite their parents' financial difficulties | 0.6708
,,,,,,4548 | To improve education in Halebudanuru village by addressing poverty and lack of facilities | 0.6195
,,,,,,15306 | To empower girls in the village to become self-reliant through education | 0.6097
,,,,,,15329 | To improve education in Mojri village by addressing the issue of girls dropping out of school due to household work | 0.6407
,,,,,,15325 | To educate girls from poor families and encourage them to continue their education | 0.6794
,,,,,,4950 | To enhance education in rural areas by addressing the challenges faced by schools and families | 0.611
,,,,,,4089 | To provide educational support to teenage girls from poor financial backgrounds | 0.709
,,,,,,3993 | To improve girls education in Londa by addressing the issue of domestic work hindering their education | 0.724
,,,,,,17252 | To ensure all children can attend school without facing discrimination or hunger | 0.7192
,,,,,,15509 | To encourage children to study and remove poverty | 0.758
,,,,,,15572 | To educate girls and empower them to break the cycle of poverty | 0.63
,,,,,,"15723 | To encourage parents to educate their children, especially girls, and reduce dropout rates due to household work and financial constraints. | 0.6188"
,,,,,,17932 | To create awareness about the importance of education and its impact on poverty and unemployment | 0.7055
,,,,,,16343 | To empower girls through education and make them self-sufficient | 0.6213
,,,,,,16404 | To educate girls and help them move forward despite financial constraints | 0.6519
,,,,,,3970 | To empower girls through education and make them self-sufficient | 0.6213
,,,,,,3883 | To improve education in Muzaffarpur by addressing the issue of poverty and lack of attention to studies | 0.7023
,,,,,,7038 | To improve education in Bihar by addressing the issue of parents being busy and children not attending school | 0.6193
,,,,,,4256 | To provide education to girls from poor families who cannot afford admission fees | 0.7187
,,,,,,3955 | To solve the problem of education being hindered due to domestic work | 0.6761
,,,,,,4383 | To reduce dropout rates among migrant children due to poverty | 0.6352
,,,,,,4391 | To help a girl child who dropped out of school due to poverty and pressure from parents to continue her education | 0.6665
,,,,,,15344 | To help children attend school by addressing family constraints and lack of support | 0.7034
,,,,,,3989 | To empower girls through education and make them self-sufficient | 0.6213
,,,,,,17445 | To educate children from poor families and encourage their parents to support education | 0.6642
,,,,,,4022 | To support teenage girls in pursuing their education and overcoming household chores | 0.637
,,,,,,20472 | To educate girls from poor families by informing their parents about government schemes and the importance of education | 0.6405
,,,,,,16272 | To empower girls through education and make them self-sufficient | 0.6213
,,,,,,16376 | To improve the quality of education for girls in the village by addressing the issue of lack of regular school attendance due to household chores | 0.6501
,,,,,,20807 | To empower girls through education and reduce household chores | 0.6496
,,,,,,15302 | To improve education in Hardiya village by addressing poverty and lack of money | 0.6603
,,,,,,16304 | To help Payal continue her education despite financial constraints | 0.6528
,,,,,,16333 | To educate girls from poor financial backgrounds | 0.6718
,,,,,,"5009 | To address the financial burden on families and lack of awareness about education, and to motivate parents and children to prioritize education. | 0.6162"
,,,,,,22394 | To empower girls through education and make them self-sufficient | 0.6213
,,,,,,28456 | To educate girls from poor families and help them become self-reliant | 0.6173
,,,,,,28464 | To empower girls through education and make them self-sufficient | 0.6213
,,,,,,28481 | To empower girls through education and make them self-sufficient | 0.6213
,,,,,,28484 | To promote education and ensure no child's education remains incomplete due to financial constraints | 0.6623
,,,,,,"29368 | To improve education in Afzalpur village by encouraging children to attend school and coaching classes, thereby addressing the issue of weak economic situation due to lack of education | 0.6159"
,,,,,,29409 | To empower girls through education and make them self-sufficient | 0.6213
,,,,,,40482 | To empower girls through education and reduce the number of girls engaged in domestic work | 0.7449
,,,,,,31160 | To improve education in Sitamarhi by addressing the issue of students not wanting to attend school due to poor studies | 0.6262
,,,,,,40452 | To ensure Sushama Kumari can continue her education despite financial difficulties | 0.6076
,,,,,,32733 | To empower girls through education and support from their parents | 0.6348
,,,,,,40435 | To help Choti Kumari continue her education despite financial difficulties | 0.6353
,,,,,,40488 | To educate underprivileged children like Durga and encourage their parents to support their education | 0.6029
550e8400-e29b-41d4-a716-446655440004,Distance and Accessibility Issues,"This theme captures challenges that prevent children from attending school due to physical and environmental conditions. It includes long distances to school, poor road or transport infrastructure, and difficulties caused by weather or seasonal factors (such as heavy rains, heat, or floods). These conditions make daily travel to school inconvenient, unreliable, or physically demanding for children.","school is far,distance of school,no bus,lack of transportation,no road,roads are bad,no school in village,rain,hot,heat,sun,has to walk a lot,long distances,no clean roads,flood,waterlogged,muddy road,no transport facility,remote village,far away,school far,very far,long distance walk,cycle not provided,bicycle for girls,no vehicle,long walk,remote area,school far from village,bad road condition,unpaved road,seasonal flooding,monsoon rain,extreme heat walking,rough terrain,hilly area,no public transport,inaccessible village,bad weather attendance,transportation system,gram panchayat road,no high school",Approved,87,122 | To provide easy transport for students traveling to school over long distances | 0.6936
,,,,,,171 | To improve road infrastructure and transportation for students and teachers | 0.6196
,,,,,,28654 | To increase access to education for children in Ahiyapur village by addressing the issue of distance from school | 0.6325
,,,,,,"28507 | To address the issue of the school being far away from the village, the community came together to find a solution | 0.7344"
,,,,,,28676 | To increase student attendance by addressing the issue of lack of transport for students living far from school | 0.6916
,,,,,,28638 | To provide education to all children in the village by addressing the issue of transportation | 0.673
,,,,,,28609 | To increase school attendance by providing cycles for students to travel to school together | 0.6666
,,,,,,3159 | To understand the challenges faced by villages in accessing education | 0.6048
,,,,,,3106 | To improve school attendance by arranging transportation | 0.7245
,,,,,,28563 | To increase student attendance by providing a reliable transportation solution for those living far from school | 0.7182
,,,,,,41627 | To get Devanti Devi's daughter-in-law admitted in Intermediate | 0.6071
,,,,,,41681 | To educate girls in the village | 0.6211
,,,,,,40771 | To ensure no girl child remains out of school by regularly contacting the village community and the school | 0.6987
,,,,,,40785 | To improve school attendance by addressing transport difficulties for students living far from school | 0.7583
,,,,,,40858 | To enroll children in school who were not previously enrolled due to lack of information | 0.6198
,,,,,,40868 | To address the issue of poor school attendance due to distance and parental absence | 0.7064
,,,,,,4122 | To improve girls education in the village | 0.6445
,,,,,,28576 | To increase school enrollment in the village | 0.6535
,,,,,,41091 | To enroll children in school and promote education in the village | 0.6452
,,,,,,41096 | To improve the road conditions for students to travel to school safely and easily | 0.6673
,,,,,,41118 | To educate village children and bring them to school | 0.6045
,,,,,,41152 | To improve school attendance by providing bicycles for children to commute | 0.6773
,,,,,,41166 | To improve children's travel | 0.6733
,,,,,,41247 | To improve the education of children in the village by addressing the transportation needs | 0.6736
,,,,,,41250 | To improve the education of children by establishing a transportation system | 0.761
,,,,,,28582 | To improve education in the village by encouraging children to attend school | 0.6436
,,,,,,40516 | To improve school attendance in rural Bihar by addressing transportation challenges | 0.6435
,,,,,,15500 | To improve education in the village | 0.6352
,,,,,,41469 | To improve children's education by providing transportation | 0.7576
,,,,,,41480 | To improve children's education by fixing the road condition | 0.6223
,,,,,,41492 | To improve the educational journey of children by repairing the road and enhancing transport connectivity | 0.6442
,,,,,,41540 | To improve education in the village | 0.6352
,,,,,,48888 | To increase school enrollment by encouraging parents to send their children to school despite the distance | 0.7149
,,,,,,48922 | To enroll children in school who were not enrolled due to distance | 0.7723
,,,,,,49007 | To improve school attendance by addressing the issue of distance and lack of parental support | 0.6883
,,,,,,28674 | To increase student attendance by addressing transport challenges | 0.6091
,,,,,,28707 | To reduce the irregular absence of children in school due to parental immigration | 0.6491
,,,,,,4932 | To improve education in the community by addressing the problem of distance to school and parental reluctance to let children attend | 0.7201
,,,,,,4378 | To increase school attendance among migrant children by addressing the challenges they face | 0.6005
,,,,,,3922 | To encourage children to go to school | 0.6263
,,,,,,28961 | To improve attendance by providing transportation support to students who live far from school | 0.6658
,,,,,,6670 | To improve education for adolescent girls in villages by addressing the challenge of distance from school | 0.7035
,,,,,,28754 | To improve attendance by providing a reliable and safe transportation option for students living far from school | 0.6763
,,,,,,28762 | To improve attendance by addressing transport issues for students living far from school | 0.6764
,,,,,,15000 | To educate girls in the village | 0.6211
,,,,,,28976 | To improve attendance by addressing transportation challenges faced by students living far from school | 0.7241
,,,,,,28801 | To increase school attendance by addressing the issue of schools being far away | 0.7428
,,,,,,15227 | To improve girls' education by addressing transportation issues | 0.6728
,,,,,,28806 | To increase the number of children attending school by solving the problem of school distance | 0.6543
,,,,,,15022 | To improve access to education for children in Suryapura Panchayat by addressing the issue of distance and lack of transportation to school | 0.7337
,,,,,,16636 | To increase school attendance in rural Bihar by addressing the issue of distance and motivating parents to send their children to school | 0.6175
,,,,,,5651 | To increase access to education for underprivileged children in rural areas by addressing the issue of distance and lack of awareness among parents. | 0.6321
,,,,,,15195 | To improve girls education in the village | 0.6445
,,,,,,15364 | To provide education to an orphan girl with the help of the village community | 0.6155
,,,,,,6656 | To improve education among adolescent girls by providing transport arrangements | 0.6385
,,,,,,20834 | To increase school attendance by addressing the issue of distance between the village and the school | 0.7358
,,,,,,28819 | To improve attendance in rural schools by addressing transportation challenges | 0.7064
,,,,,,4231 | To educate village girls and make them aware of the importance of education | 0.6269
,,,,,,4889 | To bring attention to the lack of transportation to school and potentially find a solution. | 0.6923
,,,,,,6046 | To improve school attendance by addressing the issue of distance from school | 0.6838
,,,,,,16570 | To improve the bus facility for students in Ramchandra School of Education by addressing the poor road condition | 0.6348
,,,,,,15257 | To increase school attendance in the village | 0.6597
,,,,,,28836 | To improve attendance by providing transport for students living far from school | 0.6438
,,,,,,28837 | To improve attendance by providing a safe and reliable transport system for students living far from school | 0.6532
,,,,,,3763 | To improve the condition of the village school | 0.7269
,,,,,,13943 | To educate the children of the village who were not studying due to the school being far away | 0.7402
,,,,,,29031 | To improve attendance by providing a safe and reliable transport solution for students living far from school | 0.6432
,,,,,,28909 | To address the issue of rainwater leakage in the school and improve the learning environment for students | 0.6162
,,,,,,28917 | To improve school attendance by providing transport facilities to students living far away from school | 0.6861
,,,,,,"4356 | To provide a reliable transportation system for school children in Devaraj Nagar, reducing the distance they have to travel to attend school | 0.6311"
,,,,,,4172 | To increase regular school attendance among children by providing transport and motivating them through task force meetings | 0.6591
,,,,,,14601 | To improve attendance by providing shared transport for students living far from school | 0.63
,,,,,,16283 | To encourage children to continue their education beyond primary school by addressing the issue of distance to middle school and economic constraints. | 0.664
,,,,,,23680 | To increase school attendance by reducing the distance between home and school | 0.6218
,,,,,,29261 | To create awareness among people and get children who are not going to school enrolled in school | 0.6315
,,,,,,29416 | To increase school attendance in Umapur village by addressing the issue of children not attending school due to distance | 0.6746
,,,,,,29438 | To improve attendance in rural schools by providing a reliable transportation system | 0.7015
,,,,,,37129 | To improve school attendance by addressing transportation barriers through community partnerships | 0.6992
,,,,,,30338 | To improve education in the community by addressing the issue of distance to schools | 0.6107
,,,,,,"30589 | To improve school attendance by providing bicycles to children who live far from school, thereby reducing the distance barrier and increasing access to education | 0.6708"
,,,,,,32145 | To improve school attendance by addressing transportation challenges through community partnerships | 0.7057
,,,,,,30231 | To improve school attendance by addressing the issue of schools being far away | 0.7375
,,,,,,33123 | To address the issue of distance from home to school for female adolescents by implementing a solution that encourages walking to school | 0.6112
,,,,,,36272 | To improve attendance by addressing the issue of lack of transport for students living far from school | 0.6786
,,,,,,38127 | To improve school attendance by addressing transport difficulties faced by students living far from school | 0.7606
,,,,,,31239 | To increase attendance by providing transportation to students living far from school | 0.6975
,,,,,,35425 | To improve attendance by providing shared transport for students living far from school | 0.63
550e8400-e29b-41d4-a716-446655440008,Safety Concerns,"This theme includes responses where children's school attendance is affected by worries related to their overall safety and security. It covers issues such as unsafe routes, harassment, or any situation that makes families feel that the environment around schooling is not secure enough for children to travel or attend regularly.","Harassment,molestation,eve-teasing,tease,violence,environment around house,house surroundings,no boundary wall,unsafe path,caste harassment,bullying,unsafe for girls,no street light,deserted road,domestic violence,public places,child safety,safety public,gender-based violence,violence against women,accident on road,stray animals danger,dark road at night,no street lighting,unsafe playground,physical abuse at school,corporal punishment,girls followed,bad elements near school,crime near school,children not safe traveling,sexual harassment fear,teasing on route,no police protection,unsafe area for girls,eve teasing,molested,flirting,miscreants,drunk public,school vandalism,unsafe routes",Approved,30,40572 | To increase awareness about education and encourage parents to send their children to school | 0.6226
,,,,,,41588 | To address the issue of teachers not caring for children and the lack of boundary walls in the school | 0.6675
,,,,,,41636 | To empower girls to pursue further studies by addressing the challenges they face while commuting to school | 0.6167
,,,,,,"40706 | To motivate parents to enroll their children in school at the right age, overcoming the challenge of lack of awareness about education and the right age for enrollment | 0.6075"
,,,,,,9520 | To encourage parents to send their children to school by explaining the benefits of education | 0.6366
,,,,,,40851 | To solve the problem of children not attending school by raising awareness among parents about the importance of education | 0.6039
,,,,,,28466 | To address the issue of poor families leaving further studies to help with household chores due to the distance of schools | 0.6104
,,,,,,41016 | To improve school attendance by encouraging parents to send their children to school every day | 0.6137
,,,,,,41079 | To improve access to education for girls in rural Bihar by addressing the issue of molestation due to long distances to school | 0.6605
,,,,,,49046 | To improve school attendance by motivating parents to send their children to school | 0.6102
,,,,,,16427 | To explain the importance of education to parents and encourage them to send their children to school | 0.6096
,,,,,,"19043 | To address the issue of distance and deserted roads creating fear among parents, and to ensure girls can attend school safely | 0.7234"
,,,,,,15150 | To encourage girls to attend school despite the distance and harassment they face | 0.7251
,,,,,,3285 | To build a wall around the school to ensure safety and security | 0.7114
,,,,,,4193 | To increase girls attendance in school and promote education among the Musahar community | 0.6008
,,,,,,8190 | To raise awareness about gender-based violence and safety in the community | 0.6548
,,,,,,5685 | To address the issue of girls not attending school and to prevent violence against them | 0.6824
,,,,,,4361 | To increase school admission among migrant children by addressing the challenges faced by their families | 0.6117
,,,,,,3758 | To create a safe environment for girls to pursue their education without fear of violence | 0.6453
,,,,,,19139 | To improve school attendance by addressing parental concerns about safety | 0.6548
,,,,,,15345 | To convince parents to send their children to school | 0.7176
,,,,,,15874 | To create a safe and respectful environment in schools and colleges by preventing sexual harassment and promoting awareness among students | 0.6039
,,,,,,15869 | To create a safe and respectful environment in schools by preventing sexual harassment and promoting awareness among students | 0.6565
,,,,,,15047 | To educate parents about the importance of education and encourage them to send their children to school | 0.6111
,,,,,,28929 | To improve school attendance by encouraging parents to send their children to school | 0.6492
,,,,,,14900 | To ensure the daughter feels safe at school after being harassed | 0.6738
,,,,,,29375 | To improve school attendance and reduce disruptions in education due to lack of interest in studies | 0.6531
,,,,,,29386 | To improve education for the Musahar community by raising awareness about the importance of education and encouraging parents to send their children to school | 0.6164
,,,,,,31802 | To educate parents about the importance of education and encourage them to send their children to school | 0.6111
,,,,,,40428 | To motivate people to send their children to school | 0.6213
550e8400-e29b-41d4-a716-446655440009,Substance Abuse and Addiction,"This theme captures responses where children's education is affected by alcohol or drug use within the family or community, as well as issues like gambling or addiction to online games. These problems create unstable home environments, distract children from studies, and contribute to irregular attendance or dropout.","Addiction,Addicted,Alcohol,Drugs,Alcoholism,online games,mobile phones,Gambling,sharab,daru,nasha,ganja,drunk father,mobile addiction,drinking problem,alcohol addiction,use mobile,online gaming,using mobile,children mobile phones,father drinks,husband alcohol,drunk parent,neglect due to alcohol,drug use in community,gutka,tobacco addiction,mobile gaming addiction,smartphone overuse,screen time excessive,children watch videos all day,internet addiction,children distracted by phone,online gaming harm,alcoholic parent neglect,drunkard father,marijuana",Approved,24,48 | Improve school infrastructure and reduce drug addiction among students | 0.8072
,,,,,,99 | To reduce phone use and improve academic performance | 0.64
,,,,,,28677 | To inform children about the advantages and disadvantages of mobile phones and how to use them effectively for education | 0.7785
,,,,,,28605 | To support a child’s education by addressing the challenges faced due to their father’s alcoholism and ensuring they receive the necessary support to continue their schooling. | 0.645
,,,,,,3925 | To educate her daughters despite facing challenges from her alcoholic husband and societal taunts | 0.6688
,,,,,,16445 | To make children aware of the benefits and harms of using mobile phones and the importance of library utilization | 0.742
,,,,,,40954 | To educate students and community members about the dangers of drug addiction and prevent its spread | 0.7556
,,,,,,41160 | To create awareness about rural games among children | 0.6246
,,,,,,41300 | To improve the education of children whose fathers are alcoholics by providing them with a supportive environment and resources. | 0.6288
,,,,,,41356 | To help a teenager get education despite her father | 0.6221
,,,,,,41405 | To educate children about traditional games and reduce their dependence on mobile phones | 0.8226
,,,,,,41542 | To help a family overcome the father's addiction to alcohol | 0.6974
,,,,,,48984 | To reduce the time children spend playing games on mobile phones and increase their interest in physical activities and reading | 0.8179
,,,,,,28730 | To educate students about the health and eye problems caused by excessive mobile phone use and promote responsible mobile phone usage | 0.6321
,,,,,,7482 | To raise awareness and campaign against the harm caused by drug addiction | 0.6399
,,,,,,16208 | To enhance education by integrating games into the learning process for children | 0.6358
,,,,,,4012 | To help a girl attend school and overcome poverty and drug addiction | 0.6586
,,,,,,15377 | To educate the community about the importance of education and the harmful effects of alcohol | 0.7338
,,,,,,15701 | To enhance the understanding of children through interactive games and activities | 0.6303
,,,,,,17368 | To address child marriage and drug addiction in Village Gandhinagar by educating children and taking legal action against drug addicts | 0.671
,,,,,,"29391 | To improve education by addressing the challenges faced by students due to family issues, such as a father's alcoholism | 0.6347"
,,,,,,"39266 | To create a learning environment in homes and guide students to teach their children, addressing the issue of excessive mobile phone use among children due to lack of parental awareness. | 0.7554"
,,,,,,39648 | To engage children in traditional games during summer vacation and reduce their screen time | 0.6733
,,,,,,39193 | To reduce the excessive use of mobile phones among children by introducing traditional games and promoting physical activity | 0.7383
,Facilitating Educational Continuity and Advancement,"This theme encompasses interventions aimed at enabling individuals, particularly young women, to access, continue, and advance their education. It addresses barriers such as financial constraints, parental consent, and societal norms like child marriage, by providing support, advocacy, and resources to ensure educational attainment and lifelong learning.","educational access,educational attainment,overcoming barriers,student support,advocacy,financial aid,community engagement,lifelong learning",Draft,358,28513 | To encourage Ritika to pursue further studies | 0.567
,,,,,,28632 | To help Anita Kumari pursue further studies despite her poor financial condition | 0.7006
,,,,,,28633 | To empower Madhu Kumari to pursue her education despite financial constraints by explaining the benefits of scholarships and community support | 0.8118
,,,,,,40510 | To educate Rinki Kumari till 12th standard | 0.7374
,,,,,,4239 | To educate Renu Devi | 0.6429
,,,,,,28597 | To ensure Gudiya Kumari receives an education by convincing her parents of its importance | 0.8353
,,,,,,28522 | To educate Chanda Kumari further | 0.8292
,,,,,,28524 | To encourage Sandhya to attend school regularly by explaining the importance of education | 0.6648
,,,,,,15374 | To bring Sita Kumari back to school by convincing her family and arranging a bicycle for her | 0.7406
,,,,,,28658 | To help Sweety Kumari take her exam and continue her education | 0.8433
,,,,,,28639 | To encourage Kusum to continue her studies despite financial difficulties | 0.617
,,,,,,28542 | To encourage Riya Kumari | 0.7378
,,,,,,28543 | To educate Radhika and prevent child marriage | 0.6119
,,,,,,28547 | To support Kamini Kumari in resuming her studies | 0.772
,,,,,,15118 | To educate Rupa further | 0.5872
,,,,,,15491 | To help Khushi Kumari attend school regularly | 0.8454
,,,,,,28555 | To enroll Meenakshi in school after she dropped out | 0.6179
,,,,,,28644 | To encourage Rekha Kumari to continue her education after failing in matriculation | 0.785
,,,,,,15179 | To encourage Rupa Kumari to continue her education and create awareness about education in her community | 0.854
,,,,,,29237 | To educate Kavita and support her in her studies | 0.6787
,,,,,,15168 | To convince Pooja Kumari and her parents to continue her education | 0.8482
,,,,,,40563 | To educate Neha Kumari and empower her to shape her future | 0.8148
,,,,,,41568 | To educate Deepa Kumari | 0.7754
,,,,,,41561 | To help Savita Kumari continue her education | 0.8719
,,,,,,40573 | To educate Anshu Kumari and raise awareness about the importance of education in the community | 0.7407
,,,,,,40575 | To educate Rizwana Khatoon after her parents | 0.6199
,,,,,,40578 | To enroll Pratima Kumari in Kasturba Vidyalaya after her name was removed from school due to living outside | 0.7129
,,,,,,28561 | To encourage Rinku Kumari to continue her education | 0.8581
,,,,,,40581 | To enroll Kirti Kumari in school | 0.7948
,,,,,,41589 | To get Priya Kumari admitted to class 12 | 0.706
,,,,,,40583 | To re-enroll Sameeksha Kumari in school and encourage her to continue her education | 0.8583
,,,,,,40584 | To help Renu Kumari get enrolled in school again and continue her education | 0.8932
,,,,,,40589 | To help Shivani Kumari continue her studies | 0.8055
,,,,,,41598 | To help Amrita Kumari pursue further education despite her father's alcoholic nature | 0.7024
,,,,,,40601 | To help Arvind Kumar get enrolled in school by making his mother aware that admission in government school is free | 0.7477
,,,,,,40602 | To educate Preeti Kumari and make her self-dependent | 0.8322
,,,,,,40603 | To enroll Nandini Kumari in Kasturba Vidyalaya | 0.6525
,,,,,,40614 | To bring Suraj Kumar back to school and provide him with a proper education | 0.7502
,,,,,,40616 | To create awareness about education and enroll Diksha Kumari in school | 0.7593
,,,,,,40623 | To enroll Jhumki in school | 0.5189
,,,,,,28566 | To convince Chandrawati Kumari to continue her studies after her mother | 0.7616
,,,,,,41666 | To encourage Shabnam Parveen to continue her education | 0.5438
,,,,,,41668 | To educate Razia Begum and help her parents understand the importance of education | 0.5746
,,,,,,41669 | To help Priyanshu Kumari understand the importance of education and get her enrolled in Kasturba Vidyalaya | 0.8399
,,,,,,41673 | To improve education in Manjhi Tola by enrolling Nisha Kumari in Kasturba Vidyalaya and raising awareness about the importance of education | 0.7283
,,,,,,40656 | To educate Muskan Kumari and other girls in the community | 0.7343
,,,,,,4015 | Helping Kishori attend school regularly | 0.576
,,,,,,41679 | To help Manav Kumari get an Aadhaar card and nomination | 0.5362
,,,,,,14991 | To help Kajal continue her education | 0.7528
,,,,,,40695 | To empower Anjali through education and make her self-reliant | 0.6482
,,,,,,"40710 | To ensure that Nidhi Kumari receives her transfer certificate without paying any bribe, by educating her parents about the free transfer certificate policy and providing them with support and resources to navigate the situation. | 0.6513"
,,,,,,40711 | To enroll Radha Kumari in school and encourage other parents to do the same | 0.7803
,,,,,,40713 | To get Kamini Kumari enrolled in school and create an educational environment in her community | 0.8248
,,,,,,28432 | To educate Chhoti Kumari further by informing her parents about government schemes and scholarships | 0.8282
,,,,,,40817 | To enroll Radha Kumari in Kasturba Vidyalaya | 0.6653
,,,,,,40819 | To enroll Chhoti Kumari in Kasturba Vidyalaya and encourage her to pursue her education | 0.7873
,,,,,,40822 | To help Reena Kumari and other children in the community attend school regularly and complete their education | 0.8012
,,,,,,40829 | To enroll Khushi Kumari in school | 0.8232
,,,,,,40831 | To educate Anjani Kumari and other girls in the village | 0.7644
,,,,,,40837 | To encourage Geetanjali to continue her studies | 0.6033
,,,,,,40839 | To encourage Shivani Kumari to continue her education and inspire other girls in the community to do the same | 0.8327
,,,,,,40856 | To educate Nisha Kumari who had dropped out of school due to economic situation | 0.8071
,,,,,,40859 | To enroll Amit Kumar in school and encourage him to study | 0.7289
,,,,,,40860 | To enroll Suman Kumari in school by creating awareness and obtaining necessary documents | 0.7935
,,,,,,40873 | To enroll Anjali Kumari in school | 0.775
,,,,,,40875 | To enroll Chintu Kumar in school | 0.7225
,,,,,,40879 | To help Priyanka understand the importance of education and pursue her studies | 0.6769
,,,,,,40881 | To help Priyanka Kumari continue her education | 0.8763
,,,,,,40886 | To help Sangeeta Kumari return to her studies after a 3-year gap due to ill health | 0.6753
,,,,,,40902 | To enroll Diltorni Kumari in school | 0.7866
,,,,,,40903 | To help Lali Kumari continue her education after her mother's death. | 0.8065
,,,,,,40907 | To educate Komal Kumari about the importance of education | 0.7981
,,,,,,28620 | To convince Khushboo Kumari to continue her education | 0.8591
,,,,,,40919 | To help Radha Kumari pass her supplementary exam | 0.7086
,,,,,,40920 | To educate Ramavati Kumari | 0.7974
,,,,,,40923 | To get Kajal Kumari enrolled in school and continue her education | 0.8512
,,,,,,40926 | To encourage Kajal Kumari to continue her education | 0.8767
,,,,,,40931 | To motivate Riya Kumari to study further and help her pass her matriculation examination | 0.8175
,,,,,,40933 | To empower Kajal Kumari to continue her education despite poverty and failure in matriculation | 0.8174
,,,,,,40935 | To convince Khushboo Kumari and her mother to get her admitted and complete her further studies | 0.8164
,,,,,,40966 | To enroll Farida Khatoon in school despite initial resistance from the school administration | 0.4916
,,,,,,41009 | To educate Durga Kumari and her parents about the importance of education | 0.8159
,,,,,,28573 | To educate Mamta Kumari despite her father | 0.7969
,,,,,,41019 | To make Rohit Raj understand the importance of education and continue his studies | 0.6921
,,,,,,41023 | To motivate Ritesh to continue his studies and understand the importance of education | 0.6129
,,,,,,16284 | To educate Anita Kumari and improve her life | 0.8041
,,,,,,41041 | To ensure Sambhavika Kumari attends school despite her family's poor financial condition | 0.77
,,,,,,41045 | To educate Munna | 0.5076
,,,,,,15087 | To help Nikki Kumari understand the importance of education and attend school regularly | 0.8263
,,,,,,41058 | To encourage and support Soni Kumari in pursuing her education despite financial constraints and lack of motivation | 0.8308
,,,,,,41059 | To help Chandni Kumari continue her education despite financial constraints | 0.8095
,,,,,,41077 | To enroll Vishal Kumar in school despite the lack of a transfer certificate | 0.6318
,,,,,,41085 | To solve the problem of admission in class 9 due to TC | 0.4248
,,,,,,41088 | Anjani wanted to go to school but the school was far away | 0.5158
,,,,,,41111 | To enroll Riya Kumari in school by obtaining her birth certificate | 0.7758
,,,,,,41121 | To get Aryan Kumar admitted to school | 0.7097
,,,,,,41122 | To get Aryan Kumar admitted to school | 0.7097
,,,,,,41123 | To enroll Akriti Kumari in school and ensure she receives an education despite her family's financial struggles | 0.8643
,,,,,,41158 | To encourage Sapna to attend school regularly | 0.5999
,,,,,,41159 | To ensure Sapna Kumari attends school by explaining the importance of education to her parents | 0.8502
,,,,,,28577 | To encourage Pooja Kumari to continue her studies after she had dropped out due to poor financial condition and academic performance | 0.7857
,,,,,,41188 | To help Priyanka continue her studies by finding a solution to the problem of the school being far away | 0.6122
,,,,,,28578 | To continue Renu's education | 0.6242
,,,,,,41207 | To encourage Samanti to continue her education | 0.7616
,,,,,,41208 | To motivate Phool Kumari Devi and her daughter-in-law Karishma Kumari to understand the importance of education | 0.7927
,,,,,,41209 | To help Asha Kumari get back to school after she dropped out due to financial constraints | 0.7963
,,,,,,41210 | To improve Sunita's education | 0.626
,,,,,,28579 | To educate Renu till Intermediate | 0.6204
,,,,,,41217 | To help Sunita get admitted to school by obtaining her birth certificate | 0.592
,,,,,,41223 | To educate Anjali Kumari about the importance of education | 0.8098
,,,,,,28580 | To bring Chanchal back to school and continue her studies | 0.6516
,,,,,,41244 | To help Mansi Kumari get enrolled in a school despite not having the required proof of residence | 0.7078
,,,,,,41260 | To get Preeti Kumari to pursue further studies | 0.7487
,,,,,,41270 | To educate Kajal | 0.6025
,,,,,,41273 | To enroll Kanchan in class 6th and encourage her to continue her studies | 0.6716
,,,,,,41274 | To enroll Anjali Kumari in school | 0.775
,,,,,,41276 | To get Raveena back to school | 0.4638
,,,,,,40521 | To help Anjali and her sisters get an education despite their poor financial condition and lack of support after their parents' death. | 0.6609
,,,,,,40522 | To educate Savita Kumari about the importance of education and encourage her to pursue her studies | 0.8714
,,,,,,40524 | To empower Preeti Kumari and her family by providing access to education and overcoming the barrier of lack of certificates | 0.8283
,,,,,,40528 | Rima had left studies after studying till class six | 0.5015
,,,,,,41286 | To educate Ranju Kumari and help her stand on her own feet | 0.7325
,,,,,,40530 | To continue Nisha Kumari's education | 0.8058
,,,,,,41293 | To educate Kunti Kumari till 12th class | 0.78
,,,,,,40538 | To help Sakina resume her studies and complete her education | 0.6952
,,,,,,41297 | To convince Anjali Kumari's parents of the importance of education and encourage her to continue her studies. | 0.8599
,,,,,,40542 | To get Sunita Kumari admitted in Kasturba Vidyalaya | 0.7059
,,,,,,41302 | To ensure Pooja Kumari resumes her studies and completes her education | 0.8047
,,,,,,40546 | To support Pooja Kumari in pursuing her further studies | 0.7717
,,,,,,40550 | To help Preeti Kumari get education and empower her community | 0.8443
,,,,,,40553 | To help Sonali Kumari continue her education by enrolling her in Kasturba Vidyalaya | 0.8164
,,,,,,41315 | To enroll Nitya Kumari in class one | 0.7675
,,,,,,40557 | To educate Kajal Kumari and her family about the importance of education | 0.8461
,,,,,,40558 | To help Pushpa Kumari resume her studies after failing in matriculation | 0.7372
,,,,,,41320 | To enroll Avshita Kumari in school by making her parents aware of the importance of education | 0.837
,,,,,,41342 | To solve the problem of Kavita | 0.3371
,,,,,,41374 | To ensure Kajal Kumari completes her education despite her parents' poor financial condition | 0.7746
,,,,,,41381 | To re-enroll Chandrakala in school and promote education in her community | 0.7392
,,,,,,41383 | To enroll Madhuri in school and promote education in the Majhi community | 0.6884
,,,,,,"41384 | To enroll Anushka Kumari, a 7-year-old girl from a Maji community, in school and promote education in her community | 0.7718"
,,,,,,41389 | To enroll Munni Kumari in school and promote education in the Musahar community | 0.7154
,,,,,,41412 | To enroll Sunaina Kumari back in school and improve her future prospects | 0.8224
,,,,,,41415 | To educate Manchana Kumari and ensure she has a better future | 0.8149
,,,,,,41417 | To help Sunil Kumar | 0.6471
,,,,,,41418 | To help Rajanandini get enrolled in school despite the lack of a school transfer certificate | 0.5198
,,,,,,41434 | To motivate Poonam Kumari to pursue education and pass the matriculation examination | 0.7333
,,,,,,41438 | To improve Priyankas education by enrolling her in school | 0.7026
,,,,,,41439 | Gudiya had failed in matriculation | 0.3742
,,,,,,41445 | To educate Meena Devi | 0.5808
,,,,,,41446 | To enroll Madhuri Kumari in school | 0.7893
,,,,,,41455 | To support Sudhaa Kumaris education and empower her through community involvement. | 0.8218
,,,,,,41481 | To inspire Mala Kumari to resume her studies and understand the importance of education | 0.8626
,,,,,,41494 | To educate Sanwali Kumari and other children in the community despite poverty | 0.7472
,,,,,,41515 | To enroll Sukriti Kumari in school | 0.7747
,,,,,,28628 | To educate Madhu Kumari and other children in the village about the importance of education | 0.7825
,,,,,,48924 | To enroll Sonakshi Kumari in school and create a conducive environment for studies in her community | 0.801
,,,,,,48921 | To enroll Roshni in school | 0.5375
,,,,,,48957 | To enroll Neetu Kumari in school and ensure she attends daily | 0.8239
,,,,,,49008 | To empower Soni Kumari to pursue her education despite financial constraints | 0.8133
,,,,,,28590 | To encourage Priya Kumari to return to school and emphasize the importance of education | 0.8472
,,,,,,28631 | To educate Anu Kumari and other children in the village about the importance of education | 0.7793
,,,,,,14942 | To help Neha Kumari | 0.7025
,,,,,,16480 | To educate Asha Kumari and improve the financial condition of her family | 0.8239
,,,,,,29408 | To correct Pooja Kumari's Aadhaar card | 0.3699
,,,,,,15419 | To make Rohi Kumari aware about the importance of studies and encourage her to continue her education | 0.871
,,,,,,28711 | To motivate Anjali Kumari to attend school regularly and improve her studies | 0.8433
,,,,,,4114 | To empower Soni Kumari to join Bihar Police by convincing her parents and providing support | 0.6646
,,,,,,3927 | To bring back Ragini to school | 0.4617
,,,,,,4056 | To educate Archana Kumari and postpone her marriage | 0.7677
,,,,,,16514 | To educate Khushboo and make her self-reliant | 0.5682
,,,,,,28963 | To re-enroll Pikal Kumari in school after she dropped out due to illness | 0.6827
,,,,,,6310 | To support Urmila Didi in educating women and girls | 0.5907
,,,,,,4025 | To help Soni Kumari attend school despite financial difficulties | 0.7542
,,,,,,28775 | To help Ananya continue her studies | 0.6626
,,,,,,15020 | To encourage Rabita Kumari to continue her education and inspire other teenagers in the village to do the same | 0.8042
,,,,,,15043 | To encourage Sujit Kumari to continue her education | 0.8613
,,,,,,15421 | To encourage Amala Kumari to attend school and receive an education | 0.8862
,,,,,,15065 | To encourage Anu Kumari to pursue her education and become independent | 0.8531
,,,,,,15084 | To help Rukhsana Khatoon get admission in class 6 | 0.6326
,,,,,,16772 | To help Radhika Kumari complete her education despite financial difficulties | 0.8018
,,,,,,15094 | To encourage Nikki Kumari to attend school and help her parents understand the importance of education | 0.8391
,,,,,,15093 | To encourage Anjali Kumari to continue her education | 0.8593
,,,,,,15156 | To support Baby Kumari in continuing her education despite financial constraints | 0.7785
,,,,,,15121 | To educate Asha by motivating her mother to send her to school | 0.6733
,,,,,,4206 | To raise awareness about the issue of feticide in Lalgarh and to prevent it from happening | 0.2737
,,,,,,15124 | To educate Hemant Kumari and other children in the village | 0.7328
,,,,,,15139 | To help Maneka and Aanchal Kumari resume their education after a two-year gap due to poverty and lack of access to schools | 0.7097
,,,,,,15173 | To help Anjali Kumari's parents understand the importance of education | 0.7893
,,,,,,15163 | To help Anshu Kumari continue her education | 0.8557
,,,,,,15172 | To educate Anjali Kumari | 0.7954
,,,,,,15174 | To convince Usha Kumari to continue her studies | 0.8214
,,,,,,15169 | To convince Alka Kumari to return to school by opening a bank account for her | 0.7536
,,,,,,15176 | To convince Anjali's parents to let her continue her education beyond 8th standard | 0.6484
,,,,,,15194 | To provide education to Kranti Kumari and ensure she attends school every day | 0.8838
,,,,,,15225 | To educate Seba Khatun and her sisters | 0.6394
,,,,,,28802 | To help Pinky Kumari go to school | 0.7856
,,,,,,15234 | To revive Kavita Kumari | 0.5949
,,,,,,15226 | To enroll Rangeela in school | 0.4869
,,,,,,15240 | To ensure Kishan attends school regularly and studies well | 0.6334
,,,,,,15233 | To convince Rita Kumari's parents to support her education and encourage her to go back to school | 0.7915
,,,,,,15252 | To continue Anjali Kumari's education | 0.7962
,,,,,,15256 | To help Karishma go to school | 0.5951
,,,,,,15021 | To encourage Neha Kumari to continue her education by motivating her parents and providing support | 0.8588
,,,,,,28809 | To educate Pinky Kumari till Intermediate | 0.7885
,,,,,,15476 | To persuade Muskan Kumari to continue her education | 0.8015
,,,,,,28810 | To help Soni continue her education | 0.7804
,,,,,,15057 | To educate Sanjana Kumari and help her complete her studies | 0.8683
,,,,,,15066 | To educate Kusum Kumari and her mother about the importance of education | 0.8409
,,,,,,15067 | To motivate Baby Kumari to continue her education and understand its importance for her future | 0.8618
,,,,,,15149 | To educate Nisha Kumari who had to leave her studies after eighth grade due to financial constraints and her advanced age. | 0.8293
,,,,,,15126 | To encourage Nidhi Kumari to attend school and help her parents understand the importance of education | 0.858
,,,,,,15141 | To educate Chanda about the importance of attending school and to convince her family to allow her to attend school regularly | 0.7385
,,,,,,15159 | To empower Reshma Kumari to pursue her education and overcome the obstacles that were preventing her from doing so | 0.8157
,,,,,,15170 | To empower Sanju Devi and improve her economic situation through skill development and education | 0.653
,,,,,,15157 | To re-enroll Suman Kumari in school after her name was removed due to her temporary stay at her maternal home | 0.7537
,,,,,,15177 | To ensure Supriya Kumari attends school regularly and understands the importance of education | 0.8238
,,,,,,15224 | To support Chandni Kumari in continuing her education after a month-long absence from school due to health issues | 0.778
,,,,,,15232 | To encourage Lakshmi Kumari to continue her education | 0.8531
,,,,,,15220 | To ensure Sarita completes her education and becomes self-reliant | 0.6446
,,,,,,15238 | To empower Muskan Kumari to continue her studies despite her parents' financial constraints | 0.7352
,,,,,,15255 | To bring Karishma back to school | 0.5613
,,,,,,15327 | To enroll Kajal Kumari in school and ensure she attends regularly | 0.8459
,,,,,,15335 | To get Asha Kumari admitted in 9th standard | 0.6678
,,,,,,15064 | To educate Anu Kumari about the importance of education | 0.8084
,,,,,,4152 | To help Shivani continue her education | 0.7344
,,,,,,3981 | To help Sangeeta continue her education despite her family | 0.6808
,,,,,,4004 | To help Divya Kumari continue her education beyond 8th standard | 0.8065
,,,,,,3966 | To help Firdaus Jahaan resume her studies after marriage and inspire other girls in the community to do the same | 0.7113
,,,,,,15357 | To support Ranju Kumari | 0.6228
,,,,,,15686 | To help Gudiya Tendu understand the importance of education and attend school regularly | 0.7223
,,,,,,15353 | To inspire Rani Kumari to continue her education and understand its importance for her future | 0.8292
,,,,,,15355 | To encourage Richa Kumari to attend school and support her education | 0.8881
,,,,,,15350 | To convince Kareena Kumari | 0.6447
,,,,,,4397 | To help Sita Kumari continue her education despite household responsibilities | 0.8342
,,,,,,28998 | To help Anita Kumari resume her studies after failing in matriculation by providing her with coaching and convincing her parents of the importance of education | 0.81
,,,,,,16511 | To support Amrita Kumari in continuing her education despite her family's financial struggles | 0.7945
,,,,,,16336 | To help Khushi understand the importance of education and attend school regularly | 0.6457
,,,,,,15158 | To encourage Pooja Kumari to continue her education | 0.8585
,,,,,,15180 | To help Anjali attend school by convincing her parents of the importance of education | 0.7517
,,,,,,4109 | To empower Deepa Kumari through education and make her aware of her rights | 0.7878
,,,,,,"15268 | To motivate and support Rahisa Khatoon in pursuing her education, overcoming her fear and reluctance to study after failing matriculation. | 0.6743"
,,,,,,15271 | To persuade Kankshi Priya | 0.5417
,,,,,,15280 | To educate Preeti Kumari and her community about the benefits of government schools over private schools | 0.7705
,,,,,,15287 | To get Riya | 0.4566
,,,,,,"15299 | Shobha did not want to study in class 11, but after meeting with her parents and being informed about the benefits of education, she decided to continue her studies. | 0.6048"
,,,,,,29005 | To educate Sneha Kumari at least till 12th grade | 0.7668
,,,,,,15308 | To educate Ruby Kumari and emphasize the importance of education over early marriage | 0.7025
,,,,,,15304 | To support Ritu Kumari in continuing her education despite financial constraints | 0.7918
,,,,,,15309 | To encourage Raveena to continue her education after failing in the intermediate examination | 0.5945
,,,,,,15318 | To educate Diwan Kumar and make him aware of the importance of education | 0.7629
,,,,,,15323 | To help Kavita Kumari attend school regularly by resolving the issue with her age and admission | 0.8549
,,,,,,15321 | To help Komal Kumari continue her education after missing school for a month due to health issues | 0.7927
,,,,,,15333 | To help Anshu Kumari get her papers corrected and receive government benefits | 0.6115
,,,,,,29099 | To educate Khushboo Kumari till the intermediate level | 0.774
,,,,,,15341 | To encourage and support Kavita Kumari in re-attempting her matriculation exam and pursuing further studies | 0.7687
,,,,,,15340 | To get Mala Kumari enrolled in class 6 | 0.7304
,,,,,,15346 | To help Shivani Kumari attend school despite her mother's illness | 0.7798
,,,,,,15349 | To help Megha Kumari return to school and continue her education | 0.8433
,,,,,,15348 | To educate Roshni Kumari further by enrolling her in Kasturba Vidyalaya | 0.8049
,,,,,,15358 | To support Rajni Kumari in continuing her education despite poverty | 0.8283
,,,,,,15368 | To educate Tamanna and support her family | 0.604
,,,,,,4082 | To provide education to Neha by enrolling her in Kasturba Vidyalaya | 0.7416
,,,,,,3976 | To help Baby Kumari get admitted to school and continue her education | 0.9027
,,,,,,29013 | To ensure Samta Kumari continues her education despite financial constraints | 0.8126
,,,,,,28847 | To educate Shakuntala Kumari and empower her through education | 0.8589
,,,,,,29102 | To correct Rupa | 0.2973
,,,,,,15420 | To help Sanju Kumari develop interest in studies and pursue her education | 0.8488
,,,,,,15448 | To help Komal Kumari understand the importance of education and encourage her to attend school | 0.8866
,,,,,,15457 | To encourage Rupali Kumari to attend school by educating her parents about the importance of education | 0.8621
,,,,,,15481 | To help Shivani Kumari continue her education | 0.878
,,,,,,15272 | Helping Babita Kumari continue her education despite health issues | 0.7251
,,,,,,29105 | To motivate Soni Kumari to complete her 12th education | 0.8466
,,,,,,15668 | To educate Sonam Kumari and make her understand the importance of education | 0.8859
,,,,,,15683 | To educate Priyanshu Kumari and her parents about the importance of education and encourage her to return to school | 0.8749
,,,,,,15689 | To ensure Kanchan Kumari continues her education | 0.8464
,,,,,,15720 | To ensure Shivani and Shivangi attend school regularly | 0.6519
,,,,,,29213 | To help Soni Kumari continue her education despite financial constraints | 0.8166
,,,,,,16134 | To educate Sandhya and her community about the importance of education and encourage her to attend school | 0.7186
,,,,,,28883 | To educate Nandini | 0.4817
,,,,,,28884 | To send Chandni Kumari to school and ensure she receives an education | 0.8422
,,,,,,16251 | To empower Indu Kumari through education and help her overcome financial poverty | 0.8357
,,,,,,16266 | To help Kavita Kumari continue her education | 0.8766
,,,,,,29214 | To help Priyanshu Kumari | 0.7002
,,,,,,16305 | To educate Viranti Kumari and help her complete her studies | 0.8712
,,,,,,16301 | To get Priya back in school | 0.5686
,,,,,,16286 | To educate Gudiya | 0.614
,,,,,,15125 | To encourage Rita to return to school and continue her education | 0.6215
,,,,,,4070 | To empower Sudha Kumari through education and postpone her marriage | 0.8307
,,,,,,29035 | To help Sunita Kumari continue her studies | 0.7928
,,,,,,15300 | To ensure Jabila can attend school despite her family | 0.6473
,,,,,,15380 | To encourage Muskan Kumari and Kajal Kumari to continue their education despite initial reluctance and financial difficulties | 0.7154
,,,,,,29036 | To encourage Nandini Kumari to pursue her studies | 0.7351
,,,,,,3986 | To enroll Khushboo Kumari in 10th grade despite financial constraints | 0.6923
,,,,,,3964 | To help Nishi Kumari get admission | 0.7314
,,,,,,29038 | To encourage Anu Kumari to continue her studies | 0.8311
,,,,,,15755 | To help Kusum Kumari return to school after dropping out due to her father | 0.7576
,,,,,,4305 | To educate Priyanka and support her family in overcoming financial difficulties | 0.636
,,,,,,16045 | To educate Radha Kumari till 12th standard | 0.7613
,,,,,,14906 | To educate Sirishti Kumari despite financial poverty | 0.7864
,,,,,,4228 | To educate Ragini Kumari and ensure she receives her rightful reservations and opportunities despite being a child bride and having a disability | 0.7477
,,,,,,14904 | To educate Sunita Kumari and help her become something by studying despite financial poverty | 0.8397
,,,,,,15297 | To improve Sona's education | 0.6389
,,,,,,15288 | To resolve the issue of Neha Parveen not getting a chance to study further after failing her matriculation examination | 0.5935
,,,,,,15373 | To encourage Soni Kumari to attend school and tuition | 0.8465
,,,,,,15418 | To empower Nishu Kumari and her family by highlighting the importance of education and addressing the issue of poverty | 0.7443
,,,,,,15417 | To empower Nidhi Kumari to continue her education despite poverty | 0.8231
,,,,,,15724 | To educate Poonam Kumari and her parents about the importance of education | 0.8402
,,,,,,16043 | To ensure Suruchi Kumari and other girls in the village complete their education till 12th grade | 0.7686
,,,,,,15042 | To encourage Mamta Kumari to attend school regularly | 0.7922
,,,,,,16222 | To pursue higher education and career goals despite financial and societal challenges | 0.4477
,,,,,,16225 | To educate Urmila Kumari by collecting donations | 0.7211
,,,,,,16299 | To support Pooja in pursuing her higher education | 0.7234
,,,,,,15243 | To convince Alka Kumari's parents of the importance of education and encourage her to continue studying | 0.8491
,,,,,,15262 | To encourage Chandni Kumari to continue her education | 0.887
,,,,,,15247 | To support Sita in pursuing her education and becoming self-reliant despite her family challenges | 0.6252
,,,,,,4076 | To help Priyanka Kumari achieve her dream of becoming a police officer by supporting her education and overcoming obstacles | 0.7142
,,,,,,4154 | To educate Kosmi Kumari and make her parents understand the importance of education | 0.8616
,,,,,,15312 | To encourage Khushbu to continue her studies | 0.6157
,,,,,,3962 | Rani wanted to get back to education after repeated failures | 0.5689
,,,,,,16591 | To help Khushboo Kumari return to school after a 6-month absence due to her mother's injury | 0.7343
,,,,,,15175 | To encourage Anjali Kumari to continue her education and create a better future for herself | 0.8534
,,,,,,28450 | To educate Shweta till class 11 | 0.565
,,,,,,28465 | To educate Amita Kumari further | 0.8239
,,,,,,28940 | To enroll Sandhya Kumari in Class VIII and improve her education | 0.7927
,,,,,,28475 | To help Pooja Kumari continue her education by obtaining a transfer certificate (TC) despite her father’s ill health. | 0.6943
,,,,,,28941 | To motivate Punita Kumari to continue her studies after she had left them 4 years ago | 0.7491
,,,,,,28479 | To provide education to Nisha Kumari and make her self-dependent | 0.8346
,,,,,,28942 | To encourage Punita Kumari to continue her studies and provide her with a supportive environment to do so. | 0.8126
,,,,,,28480 | To support Meera Kumari in pursuing her education | 0.8445
,,,,,,28943 | To enroll Rinki Kumari in school despite her parents’ financial difficulties | 0.7588
,,,,,,28944 | To enrol Antima Kumari in Class VII and stop child labour | 0.6183
,,,,,,28492 | To help Mahima resume her studies after a 2-year hiatus due to illness | 0.5223
,,,,,,29299 | To enroll a drop-out girl in Kasturba Vidyalaya and support her in completing her studies | 0.6335
,,,,,,29367 | To help Vika Kumari continue her education and become a police officer | 0.7596
,,,,,,29371 | To convince Madhu's parents of the importance of education for their daughter | 0.6648
,,,,,,29373 | To convince Khushi Kumari's parents of the importance of education for their daughter's future | 0.8034
,,,,,,29400 | To encourage Priyanka Kumari to continue her education | 0.8877
,,,,,,29448 | To enroll Raju Kumar in school and obtain necessary documents | 0.6784
,,,,,,29447 | To help Raj Babu get a birth certificate and enroll in school | 0.662
,,,,,,29458 | To send Divya Kumari to school regularly | 0.7337
,,,,,,40494 | To convince Kajal | 0.418
,,,,,,40449 | To help Pooja Kumari attend school despite her family's financial struggles | 0.7996
,,,,,,40475 | To help Priyanka and her mother understand the importance of education and encourage her to pursue it | 0.6928
,,,,,,40476 | To enroll Manisha Kumari in school after 1 year of absence | 0.7448
,,,,,,40486 | To bring Razia Sultan back to school by addressing the pressure of household chores and her mother's health | 0.5184
,,,,,,15044 | To help Ritu Singh pass matriculation | 0.5842
,,,,,,15455 | To educate Roshni Kumari and make her self-dependent | 0.8211
,,,,,,40430 | To support Shivani Kumari in completing her education after the death of her parents | 0.7979
,,,,,,40429 | To encourage Amrita to pursue further studies | 0.5487
,,,,,,40470 | To support Pooja Kumari in continuing her education despite being engaged and facing failure in matriculation | 0.776
,,,,,,40479 | To convince Seema Kumari's parents to let her continue her studies and to provide her with the necessary support to do so. | 0.8183
,,,,,,40484 | To educate Pinky Kumari and other children in the village | 0.7235
,,,,,,40492 | To convince Goldie Kumari | 0.5959
,,,,,,40433 | To encourage Goldie Kumari to resume her education | 0.8263
,,,,,,40437 | To educate Pallavi Kumari and improve her financial situation | 0.8026
,,,,,,40445 | To encourage Durga Kumari to pursue further education | 0.8203
,,,,,,39852 | To encourage Usha Devi to resume her studies and become an example for her society | 0.6443
,,,,,,40436 | To encourage Aarti Kumari to pursue her education further | 0.8771
,Community Engagement for Enhanced Educational Attainment,"This theme encompasses initiatives aimed at fostering robust connections between educational institutions and their surrounding communities, including parents, guardians, and broader societal stakeholders. It focuses on leveraging these partnerships to improve student learning outcomes, promote holistic development, and ensure equitable access to education, particularly for disadvantaged populations.","community engagement,stakeholder partnerships,student outcomes,holistic development,educational access,parent involvement",Draft,233,148 | To strengthen parent-teacher partnership and promote student holistic development | 0.6139
,,,,,,134 | To improve student outcomes by building strong relationships between the school and stakeholders | 0.5688
,,,,,,127 | To improve English learning outcomes by involving parents as co-educators | 0.5088
,,,,,,28514 | To provide good education and to fulfill the deficiencies in the school | 0.719
,,,,,,28527 | To increase awareness about education in the community and encourage children to attend school regularly | 0.8933
,,,,,,28698 | To enhance children's education | 0.8542
,,,,,,28602 | To create awareness about the importance of education in the community | 0.8249
,,,,,,"5290 | To ensure that children in school receive their uniforms on time, thereby encouraging them to attend school regularly | 0.6714"
,,,,,,3401 | To teach disadvantaged children the basics and help them catch up with their studies | 0.7843
,,,,,,28640 | To ensure uninterrupted education for children from disadvantaged backgrounds by providing community support and motivating parents. | 0.7614
,,,,,,3978 | To provide financial and emotional support to underprivileged students to help them continue their education | 0.7194
,,,,,,3174 | To motivate children and help them develop a positive mindset | 0.6721
,,,,,,28553 | To increase awareness among parents about the importance of education and to encourage them to send their children to school regularly. | 0.9086
,,,,,,28665 | To encourage teenagers to pursue further studies | 0.6378
,,,,,,28557 | To educate children and make them self-sufficient in the future | 0.7901
,,,,,,28611 | To create awareness about education and ensure all children are connected to school | 0.867
,,,,,,14969 | To create awareness about climate change among school students and teachers through collaborative efforts with educators. | 0.5146
,,,,,,"40561 | To promote education and eliminate unemployment in the community by advising parents to start small businesses or work as laborers, and encouraging children to attend school daily. | 0.7468"
,,,,,,41578 | To increase awareness about the importance of education among children | 0.8824
,,,,,,41579 | To make Gunja aware of the importance of education | 0.6849
,,,,,,28668 | To increase awareness about the importance of education and encourage parents to enroll their children in school | 0.9234
,,,,,,40592 | To empower children with necessary documents for education | 0.7429
,,,,,,40594 | To increase enrollment and attendance of children in schools through community awareness and support | 0.7779
,,,,,,41606 | To educate children and make them aware of the importance of education | 0.9299
,,,,,,40612 | To create awareness about the importance of education in the community and encourage parents to send their children to school | 0.9216
,,,,,,41632 | To improve education by sending children to school | 0.8509
,,,,,,41651 | To increase school attendance by providing information about education to parents and convincing them to send their children to school | 0.8457
,,,,,,40634 | To connect school education to real-world change and inspire students | 0.6342
,,,,,,41654 | To increase awareness among parents about the importance of education and encourage them to enroll their children in school | 0.8768
,,,,,,40637 | To empower education in the community by addressing the lack of parental involvement and motivating parents to send their children to school daily | 0.808
,,,,,,5795 | To raise awareness about the importance of education among teenagers and parents | 0.8331
,,,,,,41665 | To enroll Pammi in school by spreading awareness about education among parents | 0.7092
,,,,,,"41667 | To empower the community, especially the Majhi community, to understand the importance of education and enroll their children in school | 0.8016"
,,,,,,40693 | To increase awareness among parents about the importance of education and encourage them to send their children to school regularly through regular Chaupals | 0.8734
,,,,,,40694 | To empower children through education by providing them with necessary documents and enrolling them in school | 0.8416
,,,,,,40696 | To improve education in the community by increasing awareness and involvement of parents in their children | 0.8501
,,,,,,40703 | To make parents aware of the importance of education | 0.8829
,,,,,,28670 | To improve education awareness among community people | 0.7088
,,,,,,40708 | To create awareness about the importance of education and the correct age for enrolment among parents in the community | 0.8088
,,,,,,40709 | To empower parents to stop unfair practices in schools by raising awareness and providing support | 0.7576
,,,,,,40718 | To educate parents about the importance of education and enroll children in school | 0.9029
,,,,,,40724 | To create awareness about education among parents | 0.8259
,,,,,,40725 | To enroll children in school by raising awareness among parents about education | 0.8463
,,,,,,40736 | To increase awareness about the importance of education among community members and encourage them to send their children to school regularly | 0.8858
,,,,,,40795 | To improve education by increasing awareness among parents of children | 0.8038
,,,,,,4083 | To increase awareness about the importance of education among the community | 0.8257
,,,,,,40855 | To raise awareness among parents about the importance of education for their children | 0.8555
,,,,,,40857 | To increase the enrollment of children in school | 0.7997
,,,,,,40862 | To improve education in the community by increasing awareness and support for education among parents and children | 0.8412
,,,,,,40863 | To address the lack of education and information about benefits of various schemes in the community by organizing regular meetings and providing support to children and their families. | 0.6916
,,,,,,40869 | To enroll children in school and emphasize the importance of education | 0.8849
,,,,,,40876 | To make parents aware about the education of their children | 0.8846
,,,,,,40878 | To improve parental awareness of education and its importance | 0.8549
,,,,,,40900 | To create awareness among parents about the importance of education and encourage them to send their children to school | 0.8881
,,,,,,40924 | To enroll children in school by raising awareness about the importance of education among parents | 0.8652
,,,,,,40936 | To improve education by involving parents in the learning process | 0.7225
,,,,,,16624 | To spread awareness about the importance of education and encourage parents to send their children to school | 0.8975
,,,,,,16630 | To educate schoolchildren about the importance of health and nutrition | 0.6924
,,,,,,"40951 | To ensure every child has access to education, regardless of their background or caste | 0.7463"
,,,,,,40953 | To educate people and spread awareness about the importance of knowledge | 0.6888
,,,,,,"40958 | To educate people about the importance of health, hygiene, and education through interactive activities like skits, mime, and cleaning activities. | 0.6158"
,,,,,,40967 | To enroll children in school and make parents aware of the importance of education | 0.9235
,,,,,,28671 | To increase awareness about education in Golo and encourage parents to educate their children further | 0.7531
,,,,,,41013 | To understand the importance of education and make it a priority in our daily lives | 0.7416
,,,,,,41029 | To educate parents about the importance of education and encourage them to enroll their children in school | 0.9274
,,,,,,41030 | To increase awareness among parents about the importance of education and encourage them to enroll their children in school | 0.8768
,,,,,,41032 | To increase awareness among parents about the importance of education and encourage them to enroll their children in school | 0.8768
,,,,,,28575 | To educate parents about the importance of education and encourage them to support their children | 0.9125
,,,,,,41039 | To improve education for underprivileged children by providing them with access to quality education and resources. | 0.7962
,,,,,,"41094 | To improve education in Sirsa by taking support from the youth, teachers, and the headmaster | 0.6102"
,,,,,,41097 | To help parents understand the importance of education and get their children admitted to school | 0.8981
,,,,,,41120 | To enroll boys above 6 years old in school | 0.5723
,,,,,,41140 | To make children and parents aware about education | 0.8923
,,,,,,41144 | To spread awareness among children and encourage them to attend school | 0.8474
,,,,,,41145 | To increase enrollment and attendance of children in school by raising awareness about the importance of education among parents and children. | 0.869
,,,,,,41157 | To educate Reema and her family about the importance of education | 0.6886
,,,,,,41163 | To educate the community about the importance of education and encourage them to educate their children | 0.9129
,,,,,,41172 | To provide a proper building for children to improve their education | 0.7777
,,,,,,"41198 | To ensure that all children, including those who fail in Class 10, are allowed to continue their education. | 0.6083"
,,,,,,41202 | To make the community aware of the importance of education and to encourage children to attend school regularly | 0.9051
,,,,,,41212 | To improve education in Bartali by raising awareness about its importance | 0.6086
,,,,,,4190 | To change the mindset of parents towards government schools by showcasing their potential and successes | 0.6341
,,,,,,41224 | To make Nirmala understand the importance of education | 0.6685
,,,,,,41242 | To increase awareness about the importance of education and encourage parents to enroll their children in school | 0.9234
,,,,,,"28650 | To empower children by encouraging their participation in discussions and decision-making processes, thereby enhancing their educational experience. | 0.7458"
,,,,,,"41254 | To empower education through community support and ensure that every child has access to quality education, regardless of their background or circumstances. | 0.7986"
,,,,,,13982 | To provide necessary educational materials to underprivileged children | 0.694
,,,,,,40525 | To educate the community about the importance of education and encourage children to pursue further studies | 0.8835
,,,,,,40526 | To empower communities through education by raising awareness and promoting determination to stop wrong practices. | 0.7042
,,,,,,41312 | To provide a reliable source of electricity for school children to practice during Sanjay time | 0.4996
,,,,,,15443 | To educate people on how to save lives in emergency situations | 0.5406
,,,,,,15444 | To educate people on how to save lives when in danger | 0.5743
,,,,,,41344 | To educate teenagers and their families about the importance of education and encourage them to send their children to school | 0.8881
,,,,,,41404 | To improve education by involving parents and community members in teaching traditional games and supporting children who are behind in learning | 0.6497
,,,,,,28627 | To encourage a teenager to attend school regularly and complete her education | 0.7683
,,,,,,41444 | To educate children and make families happy | 0.7775
,,,,,,"28586 | To provide experiential learning opportunities to children in a government school setting, addressing the shortage of teachers and lack of time for teachers | 0.6279"
,,,,,,41468 | To motivate children to attend school by explaining the importance of education to their parents | 0.8589
,,,,,,41472 | To increase awareness among parents about the importance of education and encourage them to enroll their children in school | 0.8768
,,,,,,41478 | To highlight the importance of education in personal life | 0.6692
,,,,,,41484 | To create awareness among students about the importance of school property and their responsibility towards it | 0.6401
,,,,,,41508 | To educate parents about the importance of education for their children and encourage them to send their children to school | 0.9207
,,,,,,41531 | To enroll Ankush in school by raising awareness among his parents | 0.6312
,,,,,,48948 | To empower education in the community by raising awareness and encouraging children to pursue their studies | 0.8259
,,,,,,49018 | To educate the community about the importance of education and encourage them to enroll their children in school | 0.9287
,,,,,,16340 | To educate people about the constitution | 0.5646
,,,,,,49058 | To create awareness about education in the community and improve the education of children | 0.8636
,,,,,,"22026 | To improve communication between teachers and parents, and to enhance children's education by involving parents in the learning process | 0.7083"
,,,,,,28710 | To enhance the educational experience of children by involving parents and prominent educated individuals in the teaching process | 0.7017
,,,,,,14890 | To provide extra support to students from poor backgrounds and improve their educational outcomes | 0.7173
,,,,,,8371 | To increase awareness about education and its importance in the community | 0.8556
,,,,,,14996 | To solve the problem | 0.3223
,,,,,,28716 | To improve the education of migrant children by providing them with access to quality learning resources and opportunities | 0.646
,,,,,,9309 | To enhance education by informing parents about the importance of technology | 0.7267
,,,,,,4699 | To provide school bags to poor children and encourage them to read | 0.6802
,,,,,,28717 | To reduce the number of immigrant students in our school by educating them and convincing parents not to migrate unnecessarily | 0.6716
,,,,,,4387 | To bring dropped children back to school and provide them with education awareness and values | 0.7909
,,,,,,14916 | To provide quality education to underprivileged students and improve their health and well-being | 0.7142
,,,,,,4744 | To create road safety awareness among children | 0.4751
,,,,,,5717 | To educate children and ensure everyone agrees on the importance of education | 0.8742
,,,,,,"28727 | To empower youth to solve environmental and civil issues in schools by identifying problems, providing step-by-step solutions, and instilling leadership skills. | 0.5908"
,,,,,,28956 | To improve education by increasing interest in studies and promoting regular school attendance through community engagement and awareness campaigns. | 0.7553
,,,,,,5933 | To empower education in the community by raising awareness and promoting collective action | 0.713
,,,,,,28741 | To educate children about the Constitution and its importance | 0.6861
,,,,,,6511 | To educate everyone about the importance of education | 0.8426
,,,,,,6571 | To encourage parents to support their children | 0.735
,,,,,,7606 | To empower education through community efforts and raise awareness about the importance of education | 0.7758
,,,,,,"6898 | To raise awareness about the importance of education among parents and community members, and to encourage them to take an active role in their children's educational journey | 0.8492"
,,,,,,7066 | To help children adopt good habits by educating their parents and the community about the importance of setting a good example | 0.7521
,,,,,,28760 | To educate guardians about the importance of education for their children and encourage them to send their children to school | 0.8361
,,,,,,7315 | To promote education and create awareness | 0.8145
,,,,,,28765 | To improve education and knowledge of children through activities | 0.748
,,,,,,7811 | To create awareness about education and its importance among children and their parents | 0.8745
,,,,,,8000 | To educate children of illiterate parents and empower them with knowledge | 0.7427
,,,,,,28970 | To improve children's learning by discussing their education with parents | 0.7322
,,,,,,28779 | To educate parents about the importance of education and encourage them to send their children to school regularly | 0.927
,,,,,,10372 | To educate children about media literacy and its importance | 0.5978
,,,,,,15120 | To encourage Ankush to attend school and understand the importance of education | 0.6896
,,,,,,15178 | To convince parents to educate their children beyond 8th grade | 0.7614
,,,,,,15222 | To create awareness about education and encourage children to attend school regularly | 0.9135
,,,,,,11557 | To empower children through education and make a positive impact in their lives | 0.8418
,,,,,,15228 | To raise awareness about the importance of education in the community | 0.8445
,,,,,,15249 | To increase school attendance and awareness about the importance of education in the community | 0.8364
,,,,,,4016 | To motivate children to pursue education and improve their future prospects | 0.808
,,,,,,28996 | To educate the community about the importance of education and increase enrollment in schools | 0.8641
,,,,,,12566 | To provide nutritious meals to children by raising awareness | 0.6093
,,,,,,11365 | To improve education by admitting children | 0.7748
,,,,,,28814 | To educate children and provide them with a better future | 0.8207
,,,,,,12774 | To educate children about the Preamble to the Constitution and its importance | 0.6444
,,,,,,15231 | To educate children and make their future bright | 0.8212
,,,,,,27633 | To encourage people to educate their children | 0.8584
,,,,,,7336 | To raise awareness about the importance of education among parents and community members | 0.8583
,,,,,,7793 | To educate children and make their parents aware of the importance of education | 0.9337
,,,,,,15365 | To improve education for children by ensuring they attend school and tuition regularly | 0.8555
,,,,,,15834 | To educate children about the Constitution and its importance | 0.6861
,,,,,,15050 | To motivate children to attend school and continue their education | 0.8256
,,,,,,10182 | To provide extra lessons to children who were not receiving them due to a lack of teachers. | 0.6853
,,,,,,27354 | To empower education by involving parents in the educational process and encouraging them to send their children to school. | 0.8467
,,,,,,4556 | To create awareness about the importance of education in Kannali | 0.6728
,,,,,,4267 | To create awareness about the importance of education among parents and children | 0.8639
,,,,,,15362 | To educate a school dropout teenager and make them understand the importance of education | 0.7857
,,,,,,3762 | To address the issue of the school not having a compound system | 0.5222
,,,,,,28821 | To educate children about road safety and the importance of not driving under 18 | 0.5321
,,,,,,16447 | To educate the community about children's rights and promote their well-being | 0.755
,,,,,,4858 | To increase the participation of children in school programs by encouraging their mothers to support and teach them patriotic songs. | 0.7033
,,,,,,16444 | To inform parents about the importance of education and encourage them to admit their children to school | 0.8756
,,,,,,7338 | To create awareness about the importance of education and encourage children to pursue their studies | 0.8906
,,,,,,8392 | To empower children through education by encouraging them to attend school regularly | 0.861
,,,,,,"15154 | To educate Dolly and empower her through education, despite the challenges faced by her family | 0.4955"
,,,,,,28826 | To share knowledge of new developments with government school children and inspire them to make informed choices in their lives and careers | 0.7411
,,,,,,15269 | To improve the education system in Mandya by increasing child enrollment and providing better facilities | 0.6731
,,,,,,28999 | To increase awareness about the importance of education among the Nat Tola community and encourage children to attend school | 0.7381
,,,,,,15284 | To motivate children to attend school regularly and have a good future | 0.8086
,,,,,,29004 | To educate children and improve their lives through education | 0.8655
,,,,,,28842 | To increase awareness about the importance of education among parents and children in the community | 0.8717
,,,,,,28846 | To raise awareness about the importance of education and encourage community members to enroll their children in school | 0.9012
,,,,,,"3967 | To ensure every child, regardless of their financial background, receives an education and to encourage parents to support their children’s educational journey. | 0.7323"
,,,,,,28855 | To improve education in the community by creating awareness and involving parents in their children's learning | 0.8532
,,,,,,28856 | To enhance children's education by involving parents and creating educational platforms | 0.759
,,,,,,14210 | To improve education in underprivileged communities by creating awareness and providing necessary documents for school enrollment | 0.7409
,,,,,,15626 | To introduce children to the Constitution and its importance in their lives | 0.6195
,,,,,,28865 | To improve education by engaging parents and the community in children | 0.8108
,,,,,,28866 | To improve education outcomes by engaging parents and the community in children | 0.7485
,,,,,,15695 | To solve the problem of no one to teach | 0.5858
,,,,,,15782 | To encourage teenagers to go to school | 0.7495
,,,,,,7364 | To promote education and empower individuals to take control of their learning | 0.7176
,,,,,,14793 | To solve the problem | 0.3223
,,,,,,28875 | To improve education by engaging parents and the community in children's learning | 0.7733
,,,,,,16091 | To raise awareness about children's rights | 0.6912
,,,,,,16263 | To support his daughter | 0.3982
,,,,,,18026 | To make children aware about the importance of education | 0.8969
,,,,,,4098 | To create awareness about education in the community by celebrating Grandparents | 0.7546
,,,,,,28897 | To improve children's education by involving parents and the community | 0.8655
,,,,,,29266 | To educate parents about the importance of education and encourage them to support their children | 0.9125
,,,,,,17281 | To improve education by stopping teachers from talking among themselves | 0.5984
,,,,,,29276 | To raise awareness about education and encourage parents to enroll their children in school | 0.9252
,,,,,,19512 | To create awareness among parents about the importance of education and provide a conducive environment for children to learn | 0.8399
,,,,,,28912 | To improve education by encouraging parents to pay attention to their children | 0.815
,,,,,,14898 | To provide necessary help to first generation learners at school | 0.7075
,,,,,,4141 | To improve the morale of school children and help them progress in their field | 0.7011
,,,,,,28922 | To improve education awareness in the community | 0.78
,,,,,,15563 | To emphasize the significance of education in solving problems | 0.6574
,,,,,,15756 | To increase awareness about the importance of education and encourage parents to enroll their children in school | 0.9234
,,,,,,16204 | To increase awareness among parents about the importance of education for their children | 0.8532
,,,,,,17593 | To educate children and make them aware of the importance of education | 0.9299
,,,,,,4230 | To educate the community on online learning by creating a plan and hosting an event | 0.5137
,,,,,,"5027 | To help a boy from a poor family attend school regularly by providing immediate relief, enrolment, remedial learning, family-income linkages, community awareness, and monitoring | 0.6816"
,,,,,,28438 | To empower children through art and convince parents to allow them to take pictures | 0.6054
,,,,,,19955 | To improve education in the community by advising parents to send their children to school on time and not overburden them with work | 0.804
,,,,,,28487 | To educate children and break superstition in the community | 0.5972
,,,,,,28451 | To educate children and bring prosperity to their families | 0.7727
,,,,,,28935 | To increase the number of children attending school | 0.7963
,,,,,,28457 | To create awareness among mothers about the importance of education for their children | 0.7705
,,,,,,29308 | To create awareness among the community about the importance of education and provide a platform for children to learn and grow | 0.8174
,,,,,,29273 | To improve registration in a government school by addressing the reasons behind low enrollment | 0.5669
,,,,,,29287 | To improve the education of slow learner children by providing extra tuition classes and individual care | 0.655
,,,,,,29296 | To increase school attendance and provide education to all children in the community | 0.8211
,,,,,,29394 | To raise awareness about the importance of education among parents in the community | 0.8442
,,,,,,29384 | To improve school retention by organizing an awareness rally and encouraging parents to enroll their children | 0.7268
,,,,,,29389 | To increase interest in education among children and parents | 0.7278
,,,,,,29431 | To improve education by attending school regularly | 0.7113
,,,,,,35531 | To improve education for children | 0.8658
,,,,,,40507 | To promote holistic education and personal development in children by sensitizing the community and providing alternative pursuits. | 0.758
,,,,,,36047 | To improve parental literacy and increase school admissions | 0.6722
,,,,,,35932 | To create awareness about the importance of education for all children | 0.8822
,,,,,,39281 | To increase registration in government schools by creating awareness about education among parents | 0.7503
,,,,,,31058 | To educate children and help them progress in life | 0.7985
,,,,,,40480 | To educate children and encourage them to attend school | 0.9046
,,,,,,40487 | To educate Payal and make her grandmother understand the importance of education | 0.6728
,,,,,,"40258 | To address the issue of children dropping out of school and not understanding the importance of education, by engaging parents and children in a community-based approach. | 0.6968"
,,,,,,29533 | To create awareness about the importance of education in the community | 0.8249
,,,,,,40501 | To create awareness about education in the community | 0.8079
,,,,,,40271 | To educate parents about the importance of education and encourage them to enroll their children in school | 0.9274
,Enhancing Educational Access and Quality in Underserved Communities,"This theme encompasses initiatives aimed at improving educational opportunities and outcomes within marginalized and rural populations. It focuses on increasing awareness of education's importance, ensuring access to learning resources and environments, and fostering community and parental involvement to address systemic challenges and promote holistic development.","educational access,community education,rural development,parental involvement,literacy,learning environment,tribal education,educational awareness",Draft,230,47 | To improve education and awareness in tribal communities | 0.7159
,,,,,,18385 | To increase awareness and importance of education among parents and children in rural Bihar | 0.839
,,,,,,29290 | To improve the learning of children through the Sachethan program | 0.6552
,,,,,,14927 | To improve the overall quality of education in GHS Padumpukhuri | 0.6554
,,,,,,"28518 | To increase awareness about education among villagers, especially children, and encourage them to attend school | 0.8212"
,,,,,,28520 | To improve education in Rauna village by increasing awareness and involvement of parents and community members | 0.7645
,,,,,,28656 | To educate village children and make them literate | 0.709
,,,,,,2484 | To provide access to education for children and youth in Imdapur village | 0.7731
,,,,,,"2924 | To improve education and awareness in Imdapur village by providing access to books, science labs, and toys, and to empower the youth to take charge of their own development | 0.7543"
,,,,,,2958 | To interact with villagers and understand their needs | 0.5436
,,,,,,2486 | To understand the challenges and difficulties faced by villagers in pursuing education and to empower them to take responsibility for education development in their village | 0.7526
,,,,,,2963 | To improve access to education for the youth and children in Sangaipalle village by providing guidance and support | 0.8213
,,,,,,"2966 | To address the challenges faced by the villagers, particularly in education and transportation, and to find solutions to improve the overall well-being of the community | 0.6371"
,,,,,,28539 | To improve education in the village by encouraging parents to take an interest in their children | 0.7936
,,,,,,3363 | To provide a suitable learning environment for children in Hiriya village by addressing the issue of insufficient seating and lack of land for a school building | 0.6998
,,,,,,28552 | To improve education in Barahi village by addressing the issue of students dropping out due to failing in one subject | 0.7158
,,,,,,"28682 | To improve education in Keshpipost Dobhi by increasing school enrollment and attendance, especially for children from poor financial backgrounds. | 0.7057"
,,,,,,28556 | To improve education in Shambhunathpur by motivating parents to send their children to school | 0.809
,,,,,,28683 | To ensure children in the village attend school regularly despite household chores and labor work | 0.6753
,,,,,,"41557 | To make essential services like Aadhar cards, birth certificates, and information about government schemes more accessible to marginalized communities, such as Dalit and Mahadalit settlements | 0.4787"
,,,,,,41592 | To improve education in rural areas of Bihar by addressing the problem of lack of clothes and lack of awareness about government facilities | 0.748
,,,,,,40587 | To increase awareness about the importance of education among parents and children in Vishwambhar Pur | 0.7862
,,,,,,40599 | To improve education in rural Bihar by organizing education chaupals and encouraging parents to send their children to school | 0.8442
,,,,,,40609 | To improve education in Madhopur village by enrolling children in Kasturba Vidyalaya | 0.759
,,,,,,40618 | To improve education in the Manjhi community by convincing parents to send their children to school | 0.7678
,,,,,,40632 | To promote education and awareness in rural Bihar through collective effort | 0.7286
,,,,,,40657 | To spread awareness about the importance of education in villages and encourage community members to educate their children | 0.8358
,,,,,,5112 | To improve education in the Ram caste | 0.6398
,,,,,,16571 | To improve education in village e by solving challenge e | 0.6718
,,,,,,5116 | To build a school in Parsauni village to provide education to the children | 0.724
,,,,,,28569 | To educate children in the village | 0.7683
,,,,,,"40720 | To create awareness about culture and human values among villagers, especially children, and to promote their importance in shaping future citizens. | 0.6053"
,,,,,,40809 | To provide education to children in Hirehalli village who lack access to it | 0.7803
,,,,,,40766 | To increase enrollment and interest in education among children in Parashurampur | 0.6995
,,,,,,16443 | To improve education in Kaareadlu Ponnampete Kodagu by making parents aware of its importance | 0.8022
,,,,,,40793 | To provide education to children in the village and empower the community | 0.8002
,,,,,,40847 | To improve education in Bihar by increasing enrollment and reducing dropout rates | 0.6616
,,,,,,6400 | To improve education in Graam Champi by addressing unemployment and lack of awareness | 0.6255
,,,,,,4216 | To increase awareness about the importance of education among children and parents in Matlupur Panchayat | 0.8139
,,,,,,28619 | To improve education in rural Bihar by raising awareness about its importance and encouraging children to study further | 0.8593
,,,,,,40918 | To increase enrollment and awareness about education in the Majhi family | 0.7417
,,,,,,40925 | To educate Anushka and other children in Naraina village | 0.6521
,,,,,,40928 | To raise awareness about education among parents in Rojai village and motivate them to enroll their children in school | 0.8495
,,,,,,29374 | To improve education in Bartali Kala village by increasing awareness and facilitating access to government facilities | 0.7641
,,,,,,40937 | To create awareness among villagers about the benefits of government schools and encourage them to enroll their children. | 0.7336
,,,,,,40943 | To improve education in rural Bihar by raising awareness about its importance among parents and children | 0.8375
,,,,,,40945 | To educate the children of the village and make them aware of the importance of education | 0.8305
,,,,,,40989 | To improve education in Aurwa Tilha Dharampur Kishunpur by increasing enrollment and attendance | 0.7367
,,,,,,40991 | To increase the number of children from the Mahadalit community attending school in Patal Bigha village | 0.7441
,,,,,,40993 | To spread awareness about education and its importance among parents in Darihat village | 0.8074
,,,,,,41002 | To educate the people of the Mahadalit community about the importance of education | 0.7573
,,,,,,41014 | To improve education in Keshpiprakhand by motivating children to attend school and explaining the importance of education to parents | 0.7495
,,,,,,4373 | To increase school enrollment in Tumkere Village by addressing the reasons for low enrollment | 0.6492
,,,,,,41046 | To improve education in Darihat village by increasing awareness among parents and children about the importance of education | 0.8437
,,,,,,41047 | To improve education in Fakhrawad village by increasing awareness among parents and community members about the importance of education | 0.8428
,,,,,,41065 | To improve education in Beni Nagar village by spreading awareness and encouraging children to attend school | 0.8218
,,,,,,41100 | To improve education in Barkurwa village by enrolling children in school and raising awareness about the importance of education | 0.8697
,,,,,,41102 | To increase awareness about the importance of education among parents and children in Ankanathapur | 0.7818
,,,,,,41107 | To improve school attendance among children in Devariya Panchayat by forming an education committee and motivating parents and children to prioritize education | 0.7648
,,,,,,41110 | To improve education in Kariyadpur by increasing awareness among parents about its importance | 0.7775
,,,,,,41117 | To improve education in Kariyadpur by increasing awareness among parents about the importance of education | 0.7984
,,,,,,41130 | To raise awareness about the importance of education among parents in Kariyadpur village and encourage them to enroll their children in school | 0.8531
,,,,,,41134 | To improve education in rural Bihar by increasing awareness and enrollment among children and adults | 0.8265
,,,,,,41151 | To improve education in Keshapi by enrolling children in school and encouraging parents to send them to school every day | 0.7664
,,,,,,41155 | To improve education in Bawrai village by increasing awareness among children and encouraging parents to support their children | 0.8316
,,,,,,5335 | To improve education in Sawari Gaanv | 0.6702
,,,,,,41203 | To increase school enrollment and attendance in Majhauliya village by raising awareness among parents and community members about the importance of education. | 0.8494
,,,,,,41205 | To increase awareness about the importance of education among parents in Sakra village and encourage them to enroll their children in school | 0.8689
,,,,,,41252 | To raise awareness about the importance of education among parents and children in Nerale Hoddy Graama | 0.7444
,,,,,,28624 | To improve education in rural Bihar by raising awareness about its importance | 0.8205
,,,,,,41271 | To empower education in Rohtas by promoting government schools and increasing awareness about their benefits | 0.6954
,,,,,,40514 | To improve school attendance and teacher accountability in Village Parasia | 0.6975
,,,,,,28584 | To improve education in Pataal Bigaha Tolla by increasing awareness about the importance of education and providing access to remedial schools | 0.7493
,,,,,,"40523 | To increase school attendance and enrollment in Satiyad Village, Daranagar Panchayat, Nohta Block, Rohtas District | 0.7674"
,,,,,,40532 | To improve education in Dehariya village by spreading awareness about its importance and providing government facilities | 0.7864
,,,,,,40547 | To improve education in Rohtas by organizing an education meeting and urging parents to send their children to school | 0.7748
,,,,,,40548 | To increase enrollment of Mahadalit children in schools by raising awareness among parents and providing support for admission | 0.7655
,,,,,,40554 | To create awareness among children about the special village council | 0.6201
,,,,,,41317 | To improve the education system in Nooralakuppe by ensuring teachers arrive on time and deliver lessons effectively | 0.7025
,,,,,,41349 | To improve the education of boys in Saraiya Gaanv by increasing guardianship and community involvement | 0.7247
,,,,,,"17474 | To teach Kannada, English and Hindi subjects to all students | 0.509"
,,,,,,41463 | To increase the number of children attending school in Dhangar Tola of Sikta village | 0.79
,,,,,,41516 | To improve education in Nawada village by motivating parents to enroll their children in school | 0.8493
,,,,,,41522 | To build a road in the village to improve transportation and access to education | 0.6266
,,,,,,41524 | To raise awareness about education among people in the village | 0.8165
,,,,,,41535 | To improve education in Lohra village by increasing awareness and providing support to parents and children | 0.8456
,,,,,,41543 | To improve the education of children in Parsia village by addressing the hindrance caused by domestic programs and ensuring they can focus on their studies. | 0.7609
,,,,,,41547 | To improve education in Senuyariya Gaanv by increasing school attendance | 0.7557
,,,,,,48954 | To increase awareness about the importance of education among the people of Bankatwa village | 0.7759
,,,,,,48969 | To increase awareness about the importance of education among parents in Senuyariya village and encourage them to enroll their children in school | 0.8689
,,,,,,48981 | To improve education for Mahadalit children | 0.7832
,,,,,,"49002 | To create awareness about education and motivate parents to send their children to school, thereby improving the overall education system in the village | 0.8777"
,,,,,,49004 | To improve the transportation facilities for students in Kollore by submitting an application to KSRTC | 0.4436
,,,,,,"49060 | To spread awareness about the importance of education among the community members in Fatehpur village, Sheohar district, Bihar, and encourage them to enroll their children in school | 0.8436"
,,,,,,7758 | To improve education and health in the village by reducing unemployment and focusing on education and health | 0.7012
,,,,,,16440 | To improve further education in Karnataka by addressing the issue of village number and working with social workers | 0.6789
,,,,,,16554 | To improve education in Tamil Nadu by addressing the lack of awareness about educational opportunities | 0.722
,,,,,,5007 | To improve education in Hosabudanooru village by providing resources and encouraging parental involvement | 0.7895
,,,,,,14938 | To improve the lighting in the library by making a request to the Panchayat Development Officers and making lighting arrangements | 0.4503
,,,,,,4255 | To improve the education system in Bariyarpur Vidyalaya by organizing activities and programs despite the negative attitude of the headmaster | 0.6315
,,,,,,7349 | To improve education in Mejarganj village by organizing community meetings and involving parents | 0.7796
,,,,,,"4272 | To improve education in Bakhari, Sitamarhi, Bihar by increasing awareness among parents and children | 0.853"
,,,,,,4620 | To improve the education system in Bellundagere village by providing a proper reading corner for children and addressing family financial problems | 0.7388
,,,,,,8354 | To improve adolescent education in the village by making teachers and community members aware of its importance | 0.7765
,,,,,,4388 | To improve children's strength in Kannali Village | 0.6797
,,,,,,18959 | To improve the trend of education in Veerata Ola Majhariya by organizing meetings and explaining the importance of education to the people | 0.744
,,,,,,5077 | To improve education in Ningri Panchayat by convincing parents to send their children to school | 0.8161
,,,,,,28725 | To improve education in Kalyanpur by discussing its importance with community members and encouraging children to learn | 0.8024
,,,,,,4113 | To improve education in Kaimur by motivating parents and children to pursue further studies | 0.6655
,,,,,,5488 | To improve the quality of education in Gulariya village by encouraging parents to participate in school meetings and ensuring teachers teach well. | 0.8074
,,,,,,5587 | To improve education in Halebudanooru village by increasing enrollment and reducing dropouts | 0.6977
,,,,,,5866 | To improve education in rural Bihar by creating awareness and providing resources | 0.8283
,,,,,,7488 | To repair the school building by submitting a petition to the Panchayat | 0.5705
,,,,,,11296 | To improve education in Bihar | 0.7736
,,,,,,7496 | To educate villagers about the importance of education | 0.7936
,,,,,,28968 | To improve education in Dhangad Tolla by enrolling children in school and making parents aware of their responsibilities | 0.7876
,,,,,,9296 | To improve education in Rohta by increasing awareness and support for education among parents and villagers | 0.8466
,,,,,,29414 | To improve school attendance in Saraiya by organizing awareness campaigns and rallies | 0.6585
,,,,,,9061 | To improve education in Bariyarpur by spreading awareness about its importance | 0.7303
,,,,,,9123 | To improve education in rural Bihar by increasing access to schools and promoting cleanliness and health awareness among staff and students | 0.7381
,,,,,,"29229 | To increase awareness about the importance of education among children and the community in Saraya village, and to motivate parents to send their children to school every day. | 0.8272"
,,,,,,"15063 | To empower education in Sitamarhi, Bihar by overcoming parental indifference and encouraging children to continue their studies | 0.7207"
,,,,,,28787 | To increase school attendance among children in Gadhpur village by educating parents about the importance of education | 0.8199
,,,,,,15197 | To ensure every child in Nadra Mahaadalit Tolla Pahad Tarr attends school | 0.6903
,,,,,,28804 | To improve education in Badee Chaapi by increasing attendance and providing support to teenagers and their parents | 0.754
,,,,,,28992 | To improve school attendance in Bakhanora village by engaging with the community and encouraging parents to send their children to school | 0.8411
,,,,,,29286 | To improve enrollment and learning outcomes in a Kannada medium school by implementing engaging activities and programs. | 0.6211
,,,,,,15490 | To improve education in Adhamban village by encouraging children to attend school and providing them with necessary facilities | 0.835
,,,,,,"15114 | To address the issue of children leaving school after Chhath due to distance and lack of schools in their village, and to promote education among women and children. | 0.7239"
,,,,,,15119 | To increase school attendance and promote education in the village by addressing financial scarcity and motivating parents to send their children to school regularly. | 0.8022
,,,,,,15122 | To educate Preeti and other children in the village about the importance of education | 0.844
,,,,,,7473 | To improve education in rural Bihar by providing access to quality education and resources | 0.7815
,,,,,,7586 | To create awareness about the importance of education among parents in Kharwa village | 0.8232
,,,,,,8988 | To create awareness about the importance of education among children and parents in Shivhar | 0.7954
,,,,,,"3301 | To improve the quality of education in Kinnari Village by addressing the lack of basic facilities, recruiting subject-wise teachers, and creating a playground. | 0.6979"
,,,,,,21814 | To improve the quality of education in rural Bihar by engaging the community and promoting awareness about the importance of education | 0.8346
,,,,,,5006 | To improve the education system in Hosabudanooru village by increasing parental support and student motivation | 0.7678
,,,,,,4549 | To increase awareness about the importance of education and improve school attendance in Halebudanuru Village | 0.7864
,,,,,,4551 | To improve education in Halebudanuru village by increasing awareness about the importance of education and providing support to families who rely on daily wages | 0.7733
,,,,,,4614 | To improve education in Boothana Hosuru Village by addressing the issues of poverty and parental mindset | 0.7344
,,,,,,4703 | To educate children about their rights and provide psychological education through a village council program | 0.6658
,,,,,,5024 | To improve education in Hosabudanooru village by reducing the financial burden on families and encouraging children to attend school regularly | 0.7971
,,,,,,3287 | To improve the availability of trained teachers in HD Kote Mysore by addressing the issues of salary and accommodation | 0.5752
,,,,,,7848 | To improve education in Sakra Munsurpur by encouraging parents to send their children to school and explaining the importance of education | 0.8273
,,,,,,29187 | To improve school attendance in Rohtas by organizing a rally and creating awareness among parents and children | 0.6853
,,,,,,27810 | To raise awareness about education and to tell about education in villages which are deprived of education | 0.8264
,,,,,,15187 | To improve education in Shivhar by encouraging children to attend school and increasing awareness among the community | 0.7921
,,,,,,16828 | To improve education in Baknar village by convincing parents to send their children to school | 0.839
,,,,,,28824 | To improve education in Avati village by creating awareness and supporting unenrolled children | 0.8273
,,,,,,15726 | To improve education in Laptaha village by encouraging children to attend school | 0.8389
,,,,,,3281 | To improve the education in Ramkrishna School by providing necessary books to the students | 0.6613
,,,,,,3353 | To improve the quality of education in Mallarahalli by providing evening classes for children | 0.7208
,,,,,,11724 | To improve education in Mathh Majhauli by ensuring children attend school on time and teachers take care of them | 0.7267
,,,,,,15793 | To improve education in the village by ensuring regular attendance and providing important educational information | 0.8107
,,,,,,15266 | To promote education and enrollment in rural Bihar through community engagement and awareness | 0.7198
,,,,,,4161 | To improve education in Mala Toli village by raising awareness about its importance and providing facilities to children | 0.8124
,,,,,,4118 | To improve children attendance in school by organizing Nana Nani Dada Dadi program | 0.6983
,,,,,,28838 | To improve the education system in Ratanpur Bagahi by increasing teacher accountability and parental involvement | 0.7434
,,,,,,15334 | To improve education in Patharaura village by encouraging children to attend school | 0.8432
,,,,,,17163 | To improve the education system in rural Bihar by ensuring timely availability of library books and convincing parents to support their children | 0.7605
,,,,,,29101 | To improve access to education for children in Auravaa Tilha by increasing awareness among parents and providing remedial classes | 0.7492
,,,,,,3996 | To ensure all children in Lembua Village have access to safe and quality education | 0.733
,,,,,,3984 | To improve education in the Mushahar and Bhangi caste settlements | 0.6729
,,,,,,3988 | To promote education among children in Jay Prakash Nagar by raising awareness among parents and encouraging them to send their children to school | 0.7806
,,,,,,29014 | To promote education in Kamalpur village by starting a remedial school for weak children and encouraging parents to send their children to school | 0.8296
,,,,,,4990 | To increase the number of boys attending school in Halebudanuru Village by addressing the financial pressure on families and the lack of awareness about the importance of education | 0.79
,,,,,,13849 | To address the lack of access and quality in education in rural Karnataka by providing qualified teachers and promoting awareness among parents | 0.7894
,,,,,,30676 | To improve the educational process in Banglihundi Graama by encouraging parents to pay attention to teachers and their children | 0.8107
,,,,,,29212 | To improve school attendance by addressing child labour and early marriage in Gaanv Ropahatha | 0.7188
,,,,,,7778 | To improve education in Bihar | 0.7736
,,,,,,"16213 | To improve the education system in Alanahalli, Mysore, Karnataka | 0.7139"
,,,,,,28888 | To improve education in Shivhar by increasing awareness among children and parents about the importance of education | 0.7988
,,,,,,19057 | To improve education in Gaojakhini by addressing the shortage of rooms and teachers in the school | 0.682
,,,,,,16934 | To increase awareness about the importance of education among illiterate guardians in Ratanpur | 0.678
,,,,,,29264 | To improve education in rural Karnataka by increasing awareness and involvement of parents in their children | 0.8318
,,,,,,20402 | To improve education in Khizersarai by ensuring that children receive a good education | 0.7176
,,,,,,4159 | To improve the expression of students in High School Bariyarpur by providing a supportive environment and encouraging participation. | 0.6544
,,,,,,15363 | To improve adolescent education in Nandwara Bairganiya by raising awareness about its importance and providing support to teenagers | 0.7804
,,,,,,28901 | To raise awareness about the importance of education among rural communities in Bihar and encourage children to pursue further studies | 0.8066
,,,,,,3983 | To improve the education of children from the Mushahar and Bhangi caste settlements | 0.7519
,,,,,,3778 | To improve the education system in Madapur Village by addressing the shortage of teachers and basic amenities in government schools | 0.7775
,,,,,,"23700 | To educate every boy and girl in rural Bihar, regardless of their economic background | 0.7525"
,,,,,,"4555 | To improve education in Kannali Village by addressing parental mindset, financial constraints, and lack of facilities | 0.7806"
,,,,,,5008 | To improve education in Hosabudanooru village by engaging the community and providing resources to families | 0.801
,,,,,,5016 | To improve education in Hosabudanooru village by providing bridging classes and linking families with microcredit and skill training opportunities | 0.728
,,,,,,5020 | To improve the educational outcomes of boys in Hosabudanooru village by addressing the lack of interest in learning and providing individualized support. | 0.7232
,,,,,,4149 | To improve education among the people of Birachhapra village by raising awareness and promoting education | 0.773
,,,,,,16198 | To provide education to children in Harijan Colony despite poor financial conditions | 0.6556
,,,,,,20347 | To educate underprivileged children in rural Bihar | 0.7688
,,,,,,"3288 | To address the lack of teachers, books, and playground in Saptagiri school | 0.6427"
,,,,,,4148 | To improve communication with the Head Master and ensure successful implementation of programs | 0.4295
,,,,,,4220 | To improve the educational experience of students in Bandra by organizing a Pravesh Utsav and connecting the school with the community | 0.6361
,,,,,,4249 | To improve education in Dumri Cutt Saadi Nayagaon Shivhar Bihar by motivating children to go to school through transport | 0.7798
,,,,,,29048 | To improve education in the village by raising awareness about the importance of education | 0.8542
,,,,,,5011 | To improve education in Hosabudanooru village by addressing financial constraints and parental mindset | 0.7171
,,,,,,28939 | To provide quality education to drafted out children in tribal areas and make them socially and mentally complete | 0.6559
,,,,,,28474 | To provide basic education to all children in the village | 0.735
,,,,,,28486 | To improve education in Kaimur by re-admitting dropouts and encouraging regular attendance | 0.5826
,,,,,,29235 | To increase awareness about education among children and parents in Saraya village and encourage regular school attendance | 0.8521
,,,,,,29324 | To increase awareness about the importance of education among parents and children in the village | 0.8434
,,,,,,29393 | To improve the education system in Bishanpur village by addressing the lack of order in school and ensuring regular attendance of children | 0.7705
,,,,,,29399 | To improve education in villages by educating parents and children about its importance | 0.8826
,,,,,,29401 | To increase awareness and importance of education among children in Khopraha village | 0.8352
,,,,,,29404 | To educate all children in Parsa Kala village and make them aware of the importance of education | 0.8514
,,,,,,29415 | To improve education in Graam Masahi by increasing awareness and encouraging children to attend school regularly | 0.79
,,,,,,29418 | To empower education in Dandaniya by encouraging parents to send their children to school | 0.7754
,,,,,,29440 | To improve education in Patal Bigha village by increasing school attendance and providing remedial classes for children who were shy to attend school due to weak studies | 0.7886
,,,,,,"29481 | To improve parental engagement and awareness about the importance of education in Sakra Vajid, Muzaffarpur | 0.7761"
,,,,,,29510 | To increase awareness about education among parents and children in Bagaha Tolla | 0.7941
,,,,,,37187 | To improve education for Dalit and Mahadalit children by providing free coaching and supporting their health and well-being | 0.7277
,,,,,,"39186 | To improve education in Kalahandi, Odisha by teaching and understanding | 0.7042"
,,,,,,37076 | To promote education and equality among Scheduled Caste children by providing free course coaching and raising awareness about government schemes | 0.6916
,,,,,,40420 | To enhance the quality of education in Kosgi by addressing the lack of awareness and resources | 0.6336
,,,,,,40419 | To improve education in Nacharam by engaging with the community and teachers | 0.7403
,,,,,,40472 | To improve education in Sikta village by organizing Education Chaupal and meetings with parents and village heads | 0.7957
,,,,,,33455 | To improve academic education of children in Machchare Graama by providing tutoring and encouraging parental involvement | 0.6893
,,,,,,28714 | To improve education in Karnataka by addressing the issue of children migrating from other states and districts | 0.7175
,,,,,,"40423 | To educate underprivileged children in the village of Rohtas, Prakhand Tilawat, by informing their parents about the importance of education and the provisions available in government schools. | 0.7599"
,,,,,,29545 | To improve the education system in Bihar by hiring new teachers | 0.694
,,,,,,33813 | To educate rural villagers about the importance of education and prevent child marriage and child labour | 0.7251
,,,,,,"34073 | To improve education in the village of Sikri, Kaimur, Bihar | 0.8522"
,,,,,,40502 | To improve parental engagement in education by conducting regular meetings and motivating villagers to send their children to school | 0.7518
,,,,,,"30019 | To improve education in Goa, Bihar by increasing awareness about the importance of education | 0.7857"
,,,,,,"31443 | To provide equal education facilities to all children in the village, regardless of their caste | 0.7187"
,,,,,,35716 | To educate villagers about the importance of education and prevent child marriage and child labour | 0.7428
,,,,,,"33865 | To improve the education system in Chintavanpur by installing hand pumps, building toilets, and providing good education | 0.6497"
,,,,,,40440 | To improve the education system in Phuli village by promoting government schools and highlighting their benefits. | 0.7174
,,,,,,32274 | To improve education in Barwa Gaav by addressing the issue of children being unable to afford Anganwadi expenses | 0.7129
,,,,,,40424 | To spread awareness about the importance of education and provide information about government facilities to parents in Dihariya village | 0.8037
,,,,,,35376 | To improve education in Donon Tolly Gaanv by ensuring children attend school on time and focus on their studies | 0.7253
,Promoting Girls' Education and Empowerment,"This theme encompasses initiatives aimed at increasing girls' access to and participation in education, fostering their self-reliance, and challenging societal norms that hinder their academic pursuits. It includes efforts to educate girls, empower them to overcome barriers, and encourage their continued learning and personal development, ultimately contributing to their independence and broader societal progress.","girls' education,empowerment,access to education,self-reliance,parental attitudes,inclusive education,adolescent girls,educational attainment",Draft,150,5014 | To change parental attitudes that favor boys over girls in education | 0.6845
,,,,,,15140 | To educate Pratima and make her self-reliant. | 0.6097
,,,,,,28525 | To persuade Preeti's parents to allow her to take the exam and to share her success story with other girls to encourage them to study further. | 0.6247
,,,,,,28526 | To promote inclusive education and empower disabled girls to pursue their studies | 0.692
,,,,,,28540 | To educate adolescent girls in the village and empower them through education | 0.8226
,,,,,,28541 | To encourage girls to study further and stand on their own feet. | 0.686
,,,,,,15039 | To get girls to attend school | 0.8736
,,,,,,15508 | To help girls go to school and get education | 0.8592
,,,,,,5191 | To address the issue of subordination in education and promote understanding of health and education among teenagers | 0.5164
,,,,,,4452 | To educate girls and make them self-sufficient | 0.9147
,,,,,,"5846 | To educate parents about the importance of education for their children, regardless of gender, and to encourage them to send their children to school on time. | 0.7998"
,,,,,,7642 | To improve the quality of education in the community by addressing the issue of poor food quality in schools and promoting girls' education | 0.6574
,,,,,,40568 | To educate girls in the community by changing the old thinking of parents | 0.8222
,,,,,,41583 | To raise awareness about the importance of education among adolescent girls and their parents | 0.7586
,,,,,,41587 | To help girls get admitted to school and receive proper education | 0.8993
,,,,,,28617 | To educate girls and empower them to build a better future for themselves and their children | 0.9014
,,,,,,41619 | To improve school attendance by addressing the issue of children not attending school due to lack of proper dress | 0.6188
,,,,,,"41622 | To ensure girls can attend school safely and without difficulty, despite the distance, by sending them together. | 0.7601"
,,,,,,"40625 | To empower girls in the village panchayat to make their own decisions and take control of their lives through education, preventing child marriage | 0.7256"
,,,,,,41658 | To educate girls and make them self-sufficient | 0.9147
,,,,,,28618 | To encourage Nandini and other girls in the village to continue their education despite financial constraints and societal pressures | 0.6923
,,,,,,"4169 | To educate children about human trafficking and sex and gender, and to empower them to protect themselves from such dangers | 0.6466"
,,,,,,41683 | To educate Rabina and other girls in the community | 0.6851
,,,,,,40682 | To educate girls and build a new society by enrolling them in schools and providing necessary support | 0.9091
,,,,,,28568 | To educate girls and encourage them to continue their studies | 0.8932
,,,,,,16573 | To increase community participation and response to the importance of girls' education through engaging and informative activities | 0.7346
,,,,,,"40753 | To help girls who failed in their class 10 board exams by informing them about the compartmental exam and assisting them in filling out the form, thereby preventing them from wasting a year. | 0.6325"
,,,,,,40820 | To enhance girls | 0.6895
,,,,,,40821 | To educate girls and empower them to make informed decisions about their lives | 0.8807
,,,,,,40832 | To educate girls and empower them to become independent individuals | 0.8629
,,,,,,40844 | To connect the girl with education | 0.7482
,,,,,,"40861 | To empower the community by providing access to education, especially for young girls, and to create a supportive environment that fosters learning and growth. | 0.8442"
,,,,,,"40956 | To educate people about transgender equality, health, and hygiene through various activities like skits, mime, and cleaning activities. | 0.6213"
,,,,,,40999 | To help a girl who had left her studies for 2 years to continue her education and take her 10th standard exam again | 0.5269
,,,,,,7214 | To educate women and girls in rural areas and empower them to make informed decisions about their lives | 0.7574
,,,,,,41071 | To educate girls and empower them to take control of their lives | 0.8643
,,,,,,41103 | To empower teenage girls by providing them with a platform to express themselves freely and participate in games and activities. | 0.6944
,,,,,,41104 | To motivate a girl who dropped out of school due to low marks in the matriculation examination to continue her studies and prepare for Intermediate | 0.5803
,,,,,,41156 | To create awareness about the importance of education among parents and teenage girls in rural areas | 0.6683
,,,,,,41190 | To promote girl education and empower them to make informed decisions about their lives | 0.9169
,,,,,,41287 | To educate girls and empower them to make informed decisions about their lives | 0.8807
,,,,,,40555 | To encourage Pinky | 0.4372
,,,,,,41371 | To raise awareness about the importance of education among parents and girls in the community | 0.7398
,,,,,,28626 | To help Roshni and other girls who failed in matriculation to continue their studies | 0.6218
,,,,,,41513 | To educate girls and prevent them from suffering | 0.8425
,,,,,,41523 | To educate girls and improve their lives | 0.9115
,,,,,,41530 | To ensure the girl attends school by providing her with a dress | 0.6461
,,,,,,48951 | To increase girls' enrollment in schools by raising awareness about the importance of education among parents and community members | 0.7926
,,,,,,49000 | To educate girls and empower them to make right decisions | 0.8896
,,,,,,28591 | To improve education for adolescent girls by involving parents and community members in the discussion | 0.6931
,,,,,,4117 | To educate girls and make them self-reliant | 0.8644
,,,,,,4223 | To make a girl from the slum sit in classes and educate her about her rights and importance of education | 0.7323
,,,,,,7164 | To empower teenage girls through education and raise awareness about the importance of education in their lives | 0.8624
,,,,,,4247 | To discuss human rights in the task force group and find a solution for a girl who ran away and was traded | 0.3979
,,,,,,4266 | To address the lack of information about media school among teenage girls | 0.5982
,,,,,,7842 | To create awareness about the importance of education among adolescent girls and motivate their parents to send them to school | 0.7985
,,,,,,"7972 | To ensure every child, regardless of gender, has access to education and to prevent early marriage. | 0.6654"
,,,,,,"4303 | To educate and empower adolescent girls about their rights and health, and to promote their participation in outdoor activities | 0.7549"
,,,,,,4071 | To enhance education for girls from Muslim families by encouraging their parents to send them to school | 0.7433
,,,,,,8413 | To educate girls and take them forward | 0.8911
,,,,,,16487 | To educate girls and empower them for a better future | 0.9206
,,,,,,5003 | To encourage boys to pursue higher education instead of taking up small jobs or supporting their families | 0.7022
,,,,,,4138 | To provide girls with the necessary information and support to succeed in school and beyond | 0.8819
,,,,,,14940 | To empower girls through education and help them attend school regularly. | 0.9017
,,,,,,5877 | To educate all goddesses and empower them through knowledge | 0.5799
,,,,,,5901 | To educate teenage girls and their parents about the importance of education | 0.8705
,,,,,,6715 | To promote equality in education for both sons and daughters | 0.7154
,,,,,,6841 | To educate girls in the community and make them self-sufficient | 0.9017
,,,,,,28750 | To increase girls' attendance in school | 0.7785
,,,,,,7183 | To send girls to high school | 0.734
,,,,,,"7345 | To create awareness about the importance of education among rural adolescent girls and their parents, and to motivate them to pursue higher education. | 0.7625"
,,,,,,15115 | To empower girls through education and increase their respect in society | 0.892
,,,,,,15117 | To educate girls and make them aware of their rights | 0.8559
,,,,,,"16971 | To encourage girls to attend school and become good human beings, leading to a happier life | 0.8556"
,,,,,,"17012 | To educate and empower women in the community, helping them to become self-reliant and independent. | 0.7688"
,,,,,,15033 | To educate girls and make them self-sufficient | 0.9147
,,,,,,15422 | To educate girls beyond the 5th grade | 0.8077
,,,,,,15161 | To empower girls through education and make them aware of the government schemes they are deprived of | 0.8691
,,,,,,15235 | To address the issue of incorrect names on official documents and promote girls' education in the community. | 0.5904
,,,,,,23308 | To educate adolescent girls and make them aware of their rights and responsibilities | 0.8625
,,,,,,20578 | To educate girls and bring about positive change in society | 0.8844
,,,,,,15684 | To educate girls and make them self-reliant | 0.8644
,,,,,,16549 | To empower girls through education by raising awareness among parents about the importance of education and providing government scholarships for their studies | 0.7949
,,,,,,7833 | To educate and empower teenage girls to make informed decisions about their lives | 0.8225
,,,,,,28817 | To help a girl attend school with community support | 0.6809
,,,,,,3931 | To empower girls through education and make them aware of the government facilities available for them | 0.8856
,,,,,,4073 | To empower Muslim girls through education and increase their participation in schools | 0.7562
,,,,,,4018 | To promote education and empower girl children to stand on their own feet | 0.7506
,,,,,,"3885 | To help a teenage girl who had stopped going to school for 4 years due to eye problems and societal pressure, and to encourage her to continue her education | 0.6894"
,,,,,,3845 | To empower girls through education and gain support from their families and community. | 0.92
,,,,,,4049 | To empower girls through education and boost their morale | 0.8787
,,,,,,16501 | To educate girls and empower them to make informed decisions about their lives | 0.8807
,,,,,,16938 | To educate girls and empower them to fight for their rights | 0.841
,,,,,,3349 | To increase the enrollment of girls in schools by creating awareness about the importance of education and providing facilities such as separate uniforms and collars for girls | 0.7992
,,,,,,20637 | To educate girls and empower them to take control of their lives | 0.8643
,,,,,,15328 | To educate girls and empower them to become independent individuals | 0.8629
,,,,,,4167 | To increase girls' enrollment in school | 0.8085
,,,,,,15263 | To educate girls and boys equally and make them aware of the importance of education | 0.8894
,,,,,,15278 | To support girls in the community to pursue their education and aim for good marks in their exams | 0.8023
,,,,,,"15301 | To ensure a girl attends school by providing her with a dress, thereby empowering her through education | 0.7109"
,,,,,,15303 | To ensure all girls in the village attend school regularly by providing them with school dresses and promoting the importance of education | 0.7604
,,,,,,"15331 | To support a girl from a poor family in completing her matriculation exam by getting her admitted to the Stop Centre, which provides free education | 0.5569"
,,,,,,"15369 | To ensure all children, including girls, receive an education and understand its importance in their lives. | 0.8427"
,,,,,,3765 | To address the lack of plants in the school premises by involving women members and school children in a tree-planting program | 0.5756
,,,,,,15415 | To educate girls and empower them to achieve their goals | 0.9113
,,,,,,15450 | To ensure girls in the village attend school regularly by addressing the issue of corporal punishment and creating a supportive environment. | 0.7427
,,,,,,4067 | To educate girls and make them independent | 0.8934
,,,,,,15298 | To encourage teenage girls to continue their education and participate in school activities | 0.8448
,,,,,,6819 | To help a girl get admission to graduation by convincing her parents and providing necessary support | 0.6592
,,,,,,15578 | To educate girls and empower them to become independent and confident individuals | 0.851
,,,,,,15566 | To educate girls and empower them to make informed decisions about their lives | 0.8807
,,,,,,14304 | To improve student dress code by implementing strict rules and regulations | 0.3896
,,,,,,"17785 | To educate girls and women in the community, especially those from poor backgrounds, and encourage them to pursue their dreams | 0.8322"
,,,,,,"15947 | To help a teenage girl balance her school life with household chores, ensuring she attends school regularly and completes her education. | 0.6951"
,,,,,,16292 | To educate girls by providing them with bicycles to travel to school | 0.7155
,,,,,,10515 | To provide uniforms and study materials to adolescent girls in school | 0.6383
,,,,,,15086 | To encourage girls to continue their education beyond 9th standard and support them in reappearing for the Matriculation examination | 0.7157
,,,,,,21431 | To educate girls and keep them in good health | 0.8742
,,,,,,10534 | To increase the number of women attending school by providing bicycles and encouraging parents to support their children | 0.6777
,,,,,,"4158 | To create a safe space for adolescent girls to openly discuss their issues and rights, addressing the problem of lack of information and education. | 0.7314"
,,,,,,13458 | To educate girls and make them self-sufficient | 0.9147
,,,,,,4143 | To educate girls and support their admission to school | 0.9132
,,,,,,21749 | To educate girls and empower them to make their own decisions | 0.8829
,,,,,,4014 | To educate girls and empower them to make informed decisions about their lives | 0.8807
,,,,,,16027 | To educate girls and empower them | 0.9151
,,,,,,4075 | To increase participation and understanding of girls | 0.8047
,,,,,,"13709 | To provide school bags to children who do not have them, thereby promoting education and empowering women in the community. | 0.6893"
,,,,,,29224 | To educate girls and make them self-sufficient | 0.9147
,,,,,,20496 | To educate girls and empower them to live their lives well | 0.9116
,,,,,,10195 | The objective was to improve the mental safety of girls through education and awareness | 0.6439
,,,,,,9392 | To empower girls through education and make them aware of the benefits of higher education | 0.8985
,,,,,,15147 | To educate teenage girls and make them aware of the importance of education in their lives | 0.917
,,,,,,29257 | To educate girls and empower them for a better life | 0.9025
,,,,,,28490 | To help a girl who was unable to attend school due to illness and get her admitted to a school and prepare for her matriculation exam | 0.6037
,,,,,,29303 | To motivate adolescent girls to attend school regularly and understand the importance of education | 0.8247
,,,,,,29319 | To create a platform for adolescent girls in the community to empower them and bring about positive change | 0.7065
,,,,,,29390 | To educate girls and make them independent by providing them with the necessary resources and support | 0.9002
,,,,,,"29406 | To create awareness about the importance of education among the community, especially for girls, by writing slogans on school walls. | 0.6693"
,,,,,,29482 | To increase girls' attendance in school by providing bicycles and motivating parents | 0.6861
,,,,,,38065 | To educate girls and empower them to make informed decisions about their lives | 0.8807
,,,,,,"40442 | To ensure every child, especially girls, receives an education and becomes self-sufficient through education chaupals | 0.7873"
,,,,,,34028 | To enroll girls in 9th class despite residential issues | 0.5229
,,,,,,40426 | To empower Neha and other girls in the community through education | 0.737
,,,,,,40387 | To increase girls enrollment in school by raising awareness about the importance of education | 0.8307
,,,,,,29665 | To increase girls enrollment in schools by raising awareness about the importance of education | 0.8248
,,,,,,40384 | To educate girls and empower them to make a better future for themselves | 0.9023
,,,,,,40493 | To educate girls and empower them for a better future | 0.9206
,,,,,,32641 | To improve the education of female adolescents by providing them with attention and support | 0.7394
,,,,,,40495 | To educate girls and make them aware of their rights | 0.8559
,,,,,,40381 | To educate girls and empower them | 0.9151
,Creating Conducive Learning Environments,"This theme encompasses initiatives aimed at establishing physical and psychological spaces that foster effective learning and academic development. It focuses on providing students with dedicated, quiet, and supportive environments, both within educational institutions and at home, to enhance concentration, promote study habits, and improve overall academic performance.","learning environment,study space,academic support,student well-being,educational resources",Draft,128,3061 | To provide desks for students in classrooms | 0.6192
,,,,,,"15010 | To create dedicated reading spaces for underprivileged students, enhancing their ability to concentrate and learn. | 0.8734"
,,,,,,"16420 | To provide children with a dedicated and quiet space for studying and reading, thereby improving their concentration and academic performance. | 0.9279"
,,,,,,15399 | To create a quiet and dedicated space for children to read and study at home | 0.9188
,,,,,,"15082 | To provide a quiet and supportive space for children to read and study, addressing the lack of guidance or support from parents | 0.7885"
,,,,,,"15440 | To create a dedicated and quiet space for students to study and read, addressing the issue of lack of guidance or support from parents. | 0.874"
,,,,,,16419 | To provide a dedicated and quiet space for students to study and read by creating reading corners in homes and community areas. | 0.8882
,,,,,,"3889 | To ensure every student has access to necessary textbooks for their studies, thereby improving their academic performance and confidence. | 0.6273"
,,,,,,16421 | To provide a quiet and dedicated space for children to study and read | 0.9443
,,,,,,"15099 | To provide a dedicated and quiet space for students to study and read, improving their concentration and academic performance | 0.9442"
,,,,,,"15081 | To provide students with a dedicated and quiet space to study and read, addressing the issue of limited space and noisy surroundings at home. | 0.921"
,,,,,,14981 | To create a conducive learning environment for children by reducing household distractions | 0.6616
,,,,,,"16423 | To provide a dedicated and quiet space for children to study and read, addressing the issue of limited space at home and promoting regular study habits and a love for reading. | 0.9233"
,,,,,,15016 | To provide a dedicated and quiet space for students to study and read at home | 0.9342
,,,,,,8199 | To create a dedicated space for children to study and read | 0.8795
,,,,,,"14884 | To create a community library and study center, providing access to books and a peaceful learning environment, and to develop good study habits among children. | 0.6937"
,,,,,,"15003 | To provide students with a dedicated and quiet space to study and read, thereby improving their academic performance and developing a love for reading. | 0.9165"
,,,,,,"15001 | To provide a quiet and dedicated space for students to study and read, addressing the issue of limited space at home. | 0.9279"
,,,,,,"16439 | To help students in the community have a dedicated and quiet space to study or read by utilizing small, unused areas in their homes | 0.8227"
,,,,,,14990 | To create a quiet and dedicated space for children to read and study at home | 0.9188
,,,,,,"15012 | To create a dedicated and quiet space for students to study and read, and to guide them on how to use this space effectively. | 0.9122"
,,,,,,"15027 | To create a dedicated and quiet space for students to study and read, addressing the issue of household distractions and lack of focus. | 0.9105"
,,,,,,"15075 | To provide students with a quiet and dedicated space to study and read, thereby improving their concentration and academic performance | 0.9376"
,,,,,,15079 | To create a quiet and dedicated space for children to read and study regularly | 0.938
,,,,,,"15098 | To provide a dedicated space for underprivileged children to read and study, thereby improving their educational outcomes | 0.8644"
,,,,,,"15096 | To provide a quiet and dedicated space for underprivileged students to study and read, thereby improving their concentration and academic performance | 0.931"
,,,,,,15107 | To create a quiet and dedicated space for children to read and study | 0.9296
,,,,,,"15105 | To provide a dedicated and quiet space for students to study and read, addressing the issue of limited space at home. | 0.9304"
,,,,,,"15108 | To provide students with a quiet and dedicated space for studying and reading, thereby improving their concentration and academic performance | 0.9311"
,,,,,,"15130 | To provide dedicated study spaces for underprivileged students, enhancing their ability to focus and learn. | 0.832"
,,,,,,"15166 | To provide students with a dedicated and quiet space to study and read, thereby improving their concentration and academic performance | 0.9372"
,,,,,,"15183 | To provide underprivileged students with a quiet and dedicated space for studying and reading, thereby improving their focus and learning abilities | 0.9236"
,,,,,,15184 | To create a quiet and distraction-free study space at home for children to improve their focus and academic performance | 0.8556
,,,,,,"15193 | To provide a quiet and dedicated space for underprivileged students to study and read, thereby improving their focus and learning abilities. | 0.9333"
,,,,,,15209 | To create a quiet and dedicated space for children to read and study at home | 0.9188
,,,,,,"15212 | To provide students with a quiet and dedicated space for reading and studying, and to encourage regular reading habits among them | 0.9431"
,,,,,,"15214 | To provide students with a quiet and dedicated space for studying and reading, and to encourage regular study habits and a love for reading. | 0.8993"
,,,,,,15017 | To create a quiet and comfortable space for children to read and learn | 0.8791
,,,,,,15031 | To create a quiet and distraction-free reading space for children at home | 0.8263
,,,,,,15025 | To create a quiet and dedicated space for children to read and study at home | 0.9188
,,,,,,15409 | To create a quiet and dedicated space for children to read and study regularly | 0.938
,,,,,,"16023 | To create a dedicated and quiet study space for students in their homes, addressing the issue of limited space and noisy surroundings. | 0.848"
,,,,,,"15072 | To provide a dedicated and quiet space for students to study and read at home, addressing the issue of shared spaces and noisy surroundings | 0.8749"
,,,,,,"15076 | To provide a quiet and dedicated space for students to study and read, improving their concentration and academic performance | 0.9436"
,,,,,,"15111 | To provide a quiet and dedicated space for underprivileged children to study and read, thereby improving their academic performance and fostering a love for reading. | 0.8971"
,,,,,,15106 | To create a dedicated study space for students and provide guidance on maintaining regular study habits | 0.7452
,,,,,,"15475 | To help students create a quiet and dedicated space for studying and reading at home, despite limited space. | 0.9429"
,,,,,,"15133 | To provide students with a dedicated and quiet space at home to study and read, addressing the issue of shared spaces and noisy surroundings | 0.8527"
,,,,,,"15205 | To provide a dedicated and quiet space for underprivileged students to study and read, thereby improving their concentration and academic performance | 0.932"
,,,,,,"15213 | To provide a dedicated and quiet space for students to study and read, addressing the issue of shared spaces and noisy surroundings | 0.8817"
,,,,,,23297 | To provide a dedicated space for children to read and learn | 0.8716
,,,,,,15388 | To create a quiet and dedicated space for children to read and study at home | 0.9188
,,,,,,"14989 | To provide underprivileged students with a dedicated and quiet space to read and study, thereby improving their academic performance and fostering a love for reading. | 0.9096"
,,,,,,"14967 | To provide a dedicated space for children to study and read, away from distractions like TV | 0.8806"
,,,,,,"15069 | To create a dedicated reading space for underprivileged children, enhancing their ability to focus and learn. | 0.8215"
,,,,,,"15080 | To provide a dedicated and quiet space for students to study and read, addressing the issue of household distractions and limited space. | 0.9285"
,,,,,,"4306 | To provide equal learning opportunities for all students by addressing the lack of resources, limited guidance, low motivation, unequal support at home, and awareness gaps. | 0.6196"
,,,,,,3283 | To provide a comfortable learning environment for students by addressing the shortage of benches in the classroom | 0.5727
,,,,,,"15030 | To provide students with dedicated and quiet spaces to read and study, improving their concentration and academic performance. | 0.9419"
,,,,,,15210 | To create a quiet and comfortable reading space for children in their homes | 0.8379
,,,,,,"15134 | To provide a dedicated and quiet space for students to study and read, thereby improving their concentration and academic performance | 0.9418"
,,,,,,"15136 | To provide a dedicated and quiet space for students to study and read, thereby improving their concentration and academic performance | 0.9418"
,,,,,,"15165 | To provide a quiet and dedicated space for underprivileged students to read and study, thereby improving their academic performance and fostering a love for reading. | 0.9082"
,,,,,,"16424 | To create a dedicated and quiet space for students to study and read, addressing the issue of household distractions and limited space | 0.8956"
,,,,,,"15083 | To provide a dedicated and quiet space for students to study and read, and to guide them on how to use this space effectively. | 0.9202"
,,,,,,15467 | To create a dedicated and quiet space for students to study and read at home | 0.9057
,,,,,,28841 | To create a dedicated space for children to read and practice at home | 0.7966
,,,,,,15385 | To create a quiet and dedicated space for children to read and study regularly | 0.938
,,,,,,15387 | To create a quiet and dedicated space for children to read and study at home | 0.9188
,,,,,,"15401 | To provide a dedicated and quiet space for students to study and read, addressing the issue of lack of space and support at home | 0.9176"
,,,,,,"15412 | To create a dedicated and quiet space for children to study and read, and to educate parents on supporting study times and limiting distractions | 0.9157"
,,,,,,"15406 | To provide a quiet and conducive space for children to read and do homework, away from household distractions | 0.8483"
,,,,,,"15430 | To provide a quiet and dedicated space for underprivileged students to study and read, thereby improving their learning outcomes. | 0.9238"
,,,,,,"15431 | To provide students with a dedicated and quiet space for studying and reading, addressing the issue of household distractions and limited space. | 0.9331"
,,,,,,15478 | To create a quiet and distraction-free reading space for children at home | 0.8263
,,,,,,15477 | To create a quiet and dedicated space for children to read and study at home | 0.9188
,,,,,,15472 | To create a dedicated reading space for students to improve their study habits and reading skills | 0.8566
,,,,,,"15495 | To provide a dedicated and quiet space for students to study and read, improving their ability to concentrate and develop regular study habits. | 0.9147"
,,,,,,15497 | To create a quiet and conducive reading environment at home for children | 0.6981
,,,,,,"15507 | To provide underprivileged children with a quiet and dedicated space to study and read, thereby improving their focus and learning abilities. | 0.918"
,,,,,,"15542 | To provide a quiet and dedicated space for underprivileged students to study and read, thereby improving their focus and learning abilities | 0.9362"
,,,,,,15547 | To create a quiet study space at home for children by reducing household distractions | 0.8309
,,,,,,"15561 | To provide a dedicated and quiet space for students to study and read, addressing the lack of guidance and support from parents. | 0.8872"
,,,,,,"15557 | To provide a dedicated and quiet space for children to study and read, improving their focus and learning abilities | 0.9366"
,,,,,,15552 | To provide students with a quiet and dedicated space to read and study at home | 0.9286
,,,,,,"15559 | To provide a quiet and dedicated space for children to study and read, addressing the issue of household distractions and limited space at home | 0.8985"
,,,,,,"15760 | To provide a dedicated and quiet space for students to study and read, improving their concentration and academic performance | 0.9442"
,,,,,,"15776 | To provide a quiet and dedicated space for students to study and read, improving their concentration and reading habits | 0.9464"
,,,,,,15775 | To create a quiet and dedicated space for children to read and do homework without distractions | 0.8656
,,,,,,"16000 | To provide students with a quiet and dedicated space for studying and reading, thereby improving their focus and learning outcomes | 0.9394"
,,,,,,"16006 | To provide a dedicated and quiet space for children to study and read, addressing the issue of household distractions and lack of focus. | 0.889"
,,,,,,"16015 | To provide a dedicated and quiet space for children to study and read, addressing the issue of limited space at home | 0.921"
,,,,,,"16007 | To provide students with a dedicated and quiet space for studying and reading, thereby improving their focus and learning abilities | 0.9425"
,,,,,,"16013 | To provide a quiet and dedicated space for children to study and read, addressing the issue of shared spaces and limited reading materials at home | 0.8887"
,,,,,,"16016 | To provide a quiet and dedicated space for children to study and read, addressing the lack of guidance or support from parents due to limited space at home | 0.8845"
,,,,,,"16020 | To provide a dedicated and quiet space for children to study and read, thereby improving their academic performance and fostering a love for reading. | 0.8997"
,,,,,,"16347 | To provide students with a dedicated and quiet space at home to study and read, thereby improving their concentration and academic performance | 0.9239"
,,,,,,"16348 | To create a quiet and dedicated space for children to study and read, improving their focus and academic performance | 0.9236"
,,,,,,"16350 | To create a dedicated and quiet study space for students in the community, addressing the issue of limited space and noisy surroundings at home. | 0.8246"
,,,,,,16353 | To provide a dedicated and quiet space for children to study and read by creating after-school community reading corners in the school/community hall | 0.7971
,,,,,,16346 | To provide dedicated study spaces for students in the community | 0.7656
,,,,,,"15384 | To provide a dedicated and quiet space for underprivileged students to study and read, thereby improving their concentration and academic performance | 0.932"
,,,,,,"15390 | To help students in the community have a dedicated space for studying and reading by utilizing small, unused areas in their homes. | 0.7923"
,,,,,,"15392 | To provide a quiet and dedicated space for students to study and read, thereby improving their learning outcomes | 0.946"
,,,,,,"15494 | To provide students with a quiet and dedicated space to study and read, thereby improving their concentration and academic performance | 0.9376"
,,,,,,"14983 | To create a quiet and dedicated study space for children in shared rooms, reducing distractions and improving their ability to focus on their studies. | 0.854"
,,,,,,14979 | To provide a dedicated and quiet space for students to study and read | 0.9511
,,,,,,"4692 | To provide a peaceful and conducive space for underprivileged children to study and read, thereby improving their educational outcomes | 0.8393"
,,,,,,"4394 | To address the lack of consistent support for students in building strong foundational skills, especially in reading and mathematics, by providing individual attention and leveraging available resources. | 0.6045"
,,,,,,"15404 | To provide a quiet and dedicated space for students to study and read, addressing the issue of shared spaces and distractions at home | 0.9051"
,,,,,,"15436 | To provide students with a quiet and dedicated space for studying and reading, thereby improving their learning outcomes. | 0.9367"
,,,,,,"15469 | To provide a dedicated and quiet space for children to study and read, addressing the issue of lack of space at home. | 0.9146"
,,,,,,15434 | To create a quiet and dedicated space for children to read and study at home | 0.9188
,,,,,,"15437 | To create a dedicated and quiet space for students to study and read, addressing the lack of guidance or support from parents. | 0.8841"
,,,,,,"15473 | To provide a quiet and dedicated space for children to study and read, addressing the issue of lack of guidance or support from parents due to limited space at home | 0.8805"
,,,,,,"15553 | To create a quiet and dedicated space for children to study and read, addressing the lack of guidance or support from parents in managing space effectively. | 0.8247"
,,,,,,"16012 | To provide a dedicated and quiet space for students to study and read, improving their concentration and academic performance | 0.9442"
,,,,,,16351 | To provide a dedicated study space for underprivileged students to improve their learning outcomes | 0.7138
,,,,,,"16354 | To provide a dedicated and quiet space for students to study and read, improving their concentration and academic performance. | 0.9365"
,,,,,,"15396 | To provide a quiet and dedicated space for students to study and read, improving their focus and learning outcomes | 0.9458"
,,,,,,"16349 | To provide children with a dedicated and quiet space for studying and reading, thereby improving their concentration and academic performance | 0.9311"
,,,,,,"14977 | To provide dedicated study spaces for students in Hanakere, addressing the issue of limited space at home | 0.7212"
,,,,,,4385 | To provide a comfortable learning environment by addressing the lack of benches in the classroom | 0.6073
,,,,,,28433 | To create a dedicated space for children to read and learn | 0.8337
,,,,,,"15496 | To provide a dedicated and quiet space for students to study and read, thereby improving their concentration and academic performance | 0.9418"
,,,,,,15470 | To create a quiet and comfortable reading space for children in their homes | 0.8379
,,,,,,15548 | To create a quiet and personal study area for children in shared spaces | 0.7571
,,,,,,"15386 | To create a quiet and dedicated space for students to study and read, reducing household distractions and improving their ability to focus on schoolwork | 0.9209"
,Enhancing Girls' Educational Access and Awareness,"This theme encompasses initiatives aimed at improving educational opportunities and outcomes for girls, particularly in underserved rural communities. It focuses on increasing school enrollment, raising awareness about the value of education among girls and their families, and addressing specific barriers to access, including socioeconomic disadvantages and community engagement.","girls' education,rural education,educational access,awareness campaigns,community engagement,socioeconomic barriers",Draft,120,15 | To promote girls' education in rural areas of Rohtas district | 0.8048
,,,,,,27 | To improve girls' education in Rohtas District | 0.7744
,,,,,,116 | To promote girls education in Rohtas district by organizing workshops and community events | 0.7361
,,,,,,28596 | To improve education in Auravaa village by organizing meetings with women | 0.7271
,,,,,,28534 | To improve girls' education in Bajradihwa Gaanv | 0.8101
,,,,,,2980 | To organize a successful Vidya Sabha in Chandra Kal Village despite the challenges | 0.4721
,,,,,,28551 | To educate girls from the Musahar community and provide them with reservation benefits in future jobs | 0.7406
,,,,,,"15230 | To increase awareness about the importance of education among the community members, especially the teenagers and their mothers, in Maghopur Musahar Tola. | 0.7235"
,,,,,,26290 | To educate girls from poor families in Shivhar | 0.7515
,,,,,,28666 | To increase awareness about the importance of education among girls in Kishunpur | 0.7878
,,,,,,3890 | To increase awareness about the importance of education among girls in Ghosh Rama village | 0.7592
,,,,,,40626 | To spread awareness about the importance of education among parents and children through Shiksha Chaupal | 0.7383
,,,,,,41656 | To improve education in Sitamarhi by enrolling girls in school and making them understand the importance of education | 0.8984
,,,,,,40643 | To educate Jyoti and other girls in the village about the importance of education | 0.7852
,,,,,,40644 | To improve education in Sitamarhi by enrolling girls in school | 0.8643
,,,,,,40700 | To increase enrollment and interest in studies among children in Hirapur Chak through Shiksha Chaupal | 0.7334
,,,,,,40717 | To improve education in Barharwa by enrolling girls in Kasturba Vidyalaya | 0.7652
,,,,,,40818 | To organize a Shiksha Chaupal and motivate the community to send their children to school | 0.7545
,,,,,,40846 | To improve education in Sitamarhi by enrolling children in school and providing information about the importance of education | 0.8109
,,,,,,40848 | To improve education in Sitamarhi by organizing a Shiksha Chaupal and enrolling children in school | 0.8412
,,,,,,40994 | To improve education in Musahari Tola by helping children get enrolled in school and understanding the importance of education | 0.7104
,,,,,,"41006 | To increase awareness and importance of education among the Musahar community, especially for girls, and to encourage them to enroll in school. | 0.7563"
,,,,,,41007 | To improve education in Sitamarhi by enrolling students in school | 0.7959
,,,,,,41012 | To provide education to all children in Jaynagar Musahar Tola | 0.7248
,,,,,,41018 | To improve education in Sitamarhi by enrolling Srishti Rani in school | 0.7446
,,,,,,41034 | To create awareness about the importance of education in the Musahar Tola community and encourage children to attend school regularly | 0.7043
,,,,,,"41076 | To help Suman, a girl who was out of school for two years, get enrolled in a school in Sitamarhi by facilitating a flexible admission process | 0.6585"
,,,,,,41089 | To increase awareness about the importance of education among girls in the Mahadalit community and encourage them to pursue higher education | 0.8206
,,,,,,41112 | To re-enroll dropout girls in Kasturba Vidyalaya and provide them with education | 0.6952
,,,,,,41141 | To improve education in rural Bihar by setting up Shiksha Chaupals and providing remedial classes to children | 0.781
,,,,,,"41185 | To improve education for girls in Diha, Bihar by raising awareness about the importance of education and providing support for enrollment and attendance. | 0.8315"
,,,,,,41213 | To improve education in Bhabhasi village by spreading awareness about its importance and enrolling girls in school | 0.8647
,,,,,,41294 | To educate girls in the Mahadalit colony by raising awareness about the importance of education | 0.7577
,,,,,,40541 | To increase enrollment and interest in education among children in Musahari Tola | 0.6969
,,,,,,41369 | To increase awareness and enrollment of girls in school in Nanakchak village | 0.8239
,,,,,,41420 | To improve education in Chandrakaithi village by increasing awareness and interest in studies among girls | 0.8273
,,,,,,41450 | To educate girls from the Mahadalit community beyond eighth grade | 0.7431
,,,,,,41527 | To improve education for girls in rural Bihar by addressing the issue of lack of dresses and awareness about government facilities | 0.7621
,,,,,,48998 | To improve the room in Kollore by applying to Panchiyiti | 0.3409
,,,,,,28589 | To improve education in Beach Kii Laa Prakhand by increasing enrollment and attendance of girls in school | 0.7577
,,,,,,4232 | To educate girls in Jhitkahi Musahar Tola and prevent early marriage | 0.7187
,,,,,,7193 | To improve education in Sitamarhi by encouraging parents to send their children to school | 0.8074
,,,,,,4253 | To increase awareness about the importance of education among girls in Majhi Tola and encourage them to enroll in school | 0.8154
,,,,,,"5227 | To solve the problem of poverty in girls' education by implementing a scheme through Shiksha Chaupal, Anganwadi worker, and Asha | 0.7984"
,,,,,,4261 | To improve education in Bihar by organizing Shiksha Chaupals and task forces | 0.697
,,,,,,"9283 | To increase awareness about the importance of educating girls in the village of Lerua, under the Dhaudand Block, by launching the Shiksha Grahan Abhiyan for the fourth time | 0.7147"
,,,,,,8330 | To improve education in Sitamadhi by engaging parents and children | 0.7717
,,,,,,16485 | To improve education in Basdiha village by motivating girls to continue their studies | 0.8389
,,,,,,4424 | To improve the economic status of students in Panduka through education | 0.6611
,,,,,,4085 | To improve education for girls in Musari Basti | 0.8048
,,,,,,7719 | To improve education in Sitamadhi by convincing parents and providing necessary documents | 0.7634
,,,,,,"5810 | To improve education in Sitamarhi, Bihar by addressing the challenges faced by children and promoting girls | 0.8335"
,,,,,,6344 | To improve education for girls in Sitamarhi by addressing the issue of dropout rates and promoting enrollment in government schools | 0.8033
,,,,,,7228 | To improve education for children in Sitamarhi | 0.7956
,,,,,,8640 | To improve education in Mejarganj by organizing Shiksha Chaupal and creating awareness among parents | 0.7573
,,,,,,16611 | To improve girls education in rural areas by organizing education chaupals and motivating parents | 0.8027
,,,,,,16637 | To increase girls education in Bahadur Pur | 0.7739
,,,,,,"28981 | To create awareness about education and its importance among parents and the community, ensuring Neelam and other girls like her can pursue their studies without hindrance. | 0.6867"
,,,,,,29208 | To improve education in Sherghati Tolla Mahuaataad by encouraging children to attend school | 0.7297
,,,,,,15142 | To increase school attendance among girls in Khudi Bakhari by addressing the issue of school distance and engaging with parents and the community | 0.7731
,,,,,,29398 | To improve education in Sitamarhi by encouraging children to attend school | 0.8123
,,,,,,15223 | To empower girls education in Arjun Bigha by addressing the issue of poor financial condition and negative thinking | 0.7107
,,,,,,15251 | To improve education for adolescent girls in Kajraila by addressing the issue of irregular attendance due to household work | 0.753
,,,,,,15241 | To empower education in rural areas by organizing Shiksha Chaupals and motivating children and their parents to pursue education | 0.7761
,,,,,,9079 | To ensure all boys and girls in Village Simar receive education up to 12th class and become self-reliant | 0.7858
,,,,,,28994 | To create awareness about the importance of education among children and their families in Sitamarhi | 0.7732
,,,,,,16735 | To improve education for girls in Kasturia by encouraging them to continue their studies beyond primary level | 0.6032
,,,,,,15060 | To empower girls' education and motivate parents to continue their children's studies through Shiksha Chaupal | 0.7891
,,,,,,4120 | To create awareness among girls in Paharpur about human trafficking and its dangers | 0.5655
,,,,,,15160 | To improve education in Sitamarhi by providing facilities and benefits to students | 0.7569
,,,,,,4200 | To empower girls in rural Bihar by promoting education and encouraging them to pursue their studies | 0.8238
,,,,,,12604 | To ensure girls in Chandel village can safely access education by advocating for a bridge and safe paths | 0.6286
,,,,,,15182 | To improve school attendance among girls in Sitamarhi by addressing the root causes of absenteeism | 0.723
,,,,,,15198 | To improve education in the village by organizing Shiksha Chaupal and making everyone understand the importance of education | 0.7968
,,,,,,27620 | To improve education in rural areas by setting up Shiksha Chaupal in every village and encouraging people to educate their children | 0.806
,,,,,,4045 | To improve girls education in Panchor village by enrolling them in school | 0.8039
,,,,,,11474 | To empower rural communities by promoting education and awareness through the Shiksha Graha Abhiyan initiative | 0.6951
,,,,,,4246 | To increase school attendance among girls in Manjhi Tola by addressing the issue of child labor and engaging parents and teachers in the solution | 0.7493
,,,,,,4265 | To improve education in Chapra by addressing the issue of dropouts and encouraging girls to study till 12th grade | 0.7108
,,,,,,4136 | To improve education in Musahari Colony by increasing awareness and enrollment | 0.6287
,,,,,,15293 | To educate every girl in the village and promote the name of Chaupal through education | 0.77
,,,,,,15285 | To enhance education for adolescent girls in Parsauni by addressing the lack of interest in studies and promoting a better future for them | 0.7151
,,,,,,"29100 | To improve education in Neema village by organizing Shiksha Chaupal and Meena Manch, and forming an education committee to stop child marriage and encourage children to attend school | 0.806"
,,,,,,15354 | To improve education in Sitamarhi by supporting children who have left their studies due to household pressure | 0.7381
,,,,,,15367 | To educate and raise awareness among girls in every village and home | 0.7462
,,,,,,15336 | To educate girls in Pathraura village until 12th standard by raising awareness about the importance of education among parents and community members | 0.848
,,,,,,15307 | To improve education in Bhueyabigha by organizing Shiksha Chaupal and providing information about the importance of education | 0.7417
,,,,,,7082 | To improve education in Marpa Bairganiya by encouraging girls to attend school and complete their education | 0.8322
,,,,,,28890 | To empower tribal girls through education and sensitization of teachers | 0.7059
,,,,,,15259 | To improve girl education in Mahadevpatti village by providing benefits and resources to encourage regular attendance | 0.8407
,,,,,,23522 | To improve the education of girls in Kasturia Ram Tolla by motivating them to continue their studies beyond eighth grade | 0.741
,,,,,,3990 | To improve education in Jai Prakash Nagar by organizing Shiksha Chaupal and providing financial support | 0.6987
,,,,,,4010 | To educate girls in Launda village | 0.7063
,,,,,,5643 | To improve education for girls in Sarvarpur by encouraging them to continue their studies beyond primary level | 0.7886
,,,,,,15574 | To improve education for girls in Naya Tola Bairganiya by raising awareness about the importance of education and providing support to girls from poor families | 0.8456
,,,,,,4248 | To prevent human trafficking of girls in rural Bihar by raising awareness and promoting vigilance among the community | 0.5673
,,,,,,4374 | To improve education for women in Devaraj Nagara by increasing awareness and accessibility | 0.7378
,,,,,,4475 | To educate girls in Kudra village by providing them with necessary resources and support | 0.7953
,,,,,,20531 | To improve girls education in Motnaje village | 0.785
,,,,,,15416 | To ensure girls receive higher education through Shiksha Chaupal | 0.7629
,,,,,,16038 | To educate teenage girls in Jagtipur Deeha who were not attending school due to household work and child labor | 0.7357
,,,,,,4036 | To educate a girl in Paan Chhod Village whose father and grandmother were against her education | 0.6651
,,,,,,3759 | To create a safe environment for girls in the village by raising awareness about sensitivity and issues | 0.6005
,,,,,,28923 | To educate girls in Kachahari Purr about the importance of education and encourage them to attend school | 0.8525
,,,,,,4258 | To improve education in Pipar Patia Paswan Tola by increasing awareness and enrollment | 0.7197
,,,,,,"28924 | To educate deprived children, especially girls, in Sitamarhi by motivating the community and raising awareness about the importance of education | 0.8362"
,,,,,,28925 | To increase school attendance among girls in Sitamarhi by motivating them and their families through Meena Manch and Kishori Manch initiatives. | 0.7789
,,,,,,7099 | To improve education for girls in rural areas by providing information about government schemes | 0.7525
,,,,,,28477 | To empower girls' education and make them self-reliant through Shiksha Chaupal | 0.7562
,,,,,,28499 | To empower girls from the Maha Dalit community to continue their education and become self-reliant | 0.728
,,,,,,29402 | To educate girls in Sitamarhi and make them aware of the importance of education | 0.8716
,,,,,,29396 | To raise awareness about the importance of education in Manjhi Tola and to encourage the community to take action | 0.6864
,,,,,,29439 | To improve education in Auravaa Tilha by organizing Shiksha Chaupal and opening a remedial center | 0.7016
,,,,,,40474 | To increase regular school attendance among girls in Tekuna village | 0.7443
,,,,,,31175 | To improve education in Sitamarhi by addressing the challenges faced by girls | 0.8184
,,,,,,32595 | To improve access to higher education for women and adolescents in Musepur Panchayat by addressing the commuting problem | 0.6116
,,,,,,29550 | To address the challenge of Nothing through the Shiksha activity | 0.4149
,,,,,,35701 | To improve the educational facilities in Basantpur Patti by providing toilets and hand pumps in the school | 0.604
,,,,,,40269 | To educate girls in Sakra Wajid village and empower them through education | 0.8345
,,,,,,40404 | To improve education for girls in rural Bihar by raising awareness about the importance of education and motivating them to enroll in school | 0.8645
,Enhancing School-Based Mental Health Services,This theme encompasses initiatives aimed at bolstering the availability and effectiveness of mental health support within educational settings. It specifically addresses the critical need to increase the presence of qualified mental health professionals in schools to ensure comprehensive student well-being and access to necessary care.,"school mental health,student support,mental health specialists,educational psychology,well-being initiatives",Draft,114,15201 | To improve mental health support in schools | 0.8831
,,,,,,15789 | To address the lack of mental health specialists in schools and provide support to students | 0.9994
,,,,,,29175 | To address the lack of mental health specialists in schools and provide support to students | 0.9994
,,,,,,29176 | To address the lack of mental health specialists in schools and provide support to students | 0.9994
,,,,,,29177 | To address the lack of mental health specialists in schools and provide support to students | 0.9994
,,,,,,29074 | To address the lack of mental health specialists in schools and provide support to students | 0.9994
,,,,,,29075 | To address the lack of mental health specialists in schools and provide support to students | 0.9994
,,,,,,29077 | To address the lack of mental health specialists in schools and provide support to students | 0.9994
,,,,,,29078 | To address the lack of mental health specialists in schools and provide support to students | 0.9994
,,,,,,29079 | To address the lack of mental health specialists in schools and provide support to students | 0.9994
,,,,,,29080 | To address the lack of mental health specialists in schools and provide support to students | 0.9994
,,,,,,28777 | To address the lack of mental health specialists in schools and provide support to students | 0.9994
,,,,,,28778 | To address the lack of mental health specialists in schools and provide support for students | 0.9983
,,,,,,29082 | To address the lack of mental health specialists in schools and provide support to students | 0.9994
,,,,,,15852 | To address the lack of mental health specialists in schools and provide support to students | 0.9994
,,,,,,28781 | To address the lack of mental health specialists in schools and provide support to children | 0.9655
,,,,,,28782 | To address the lack of mental health specialists in schools and provide support to students | 0.9994
,,,,,,29083 | To address the lack of mental health specialists in schools and provide support to students | 0.9994
,,,,,,28783 | To address the lack of mental health specialists in schools and provide support to students | 0.9994
,,,,,,28784 | To address the lack of mental health specialists in schools and provide support to students | 0.9994
,,,,,,28788 | To address the lack of mental health specialists in schools and ensure the well-being of students | 0.953
,,,,,,29084 | To address the lack of mental health specialists in schools and provide support to students | 0.9994
,,,,,,29087 | To address the lack of mental health specialists in schools and provide support to students | 0.9994
,,,,,,29088 | To address the lack of mental health specialists in schools and provide support to students | 0.9994
,,,,,,15714 | To address the lack of mental health specialists in schools and provide support for students | 0.9983
,,,,,,15715 | To address the lack of mental health specialists in schools and provide support to students | 0.9994
,,,,,,15858 | To ensure the mental health and well-being of students by having mental health specialists in schools | 0.8838
,,,,,,15854 | To address the lack of mental health specialists in schools and provide support to students | 0.9994
,,,,,,15788 | To address the lack of mental health specialists in schools and provide support to students | 0.9994
,,,,,,15774 | To address the lack of mental health specialists in schools and provide support to students | 0.9994
,,,,,,15698 | To address the lack of mental health specialists in schools by petitioning the government for support | 0.8644
,,,,,,15705 | To address the lack of mental health specialists in schools by submitting a petition to the government and the Principal Secretary of the School Education and Literacy Department | 0.7381
,,,,,,15707 | To address the lack of mental health specialists in schools and ensure students receive proper support | 0.9879
,,,,,,15712 | To address the lack of mental health specialists in schools and ensure students receive proper support. | 0.9702
,,,,,,15736 | To address the lack of mental health specialists in schools and provide support to students | 0.9994
,,,,,,15732 | To address the lack of mental health specialists in schools and ensure students receive proper support | 0.9879
,,,,,,15752 | To address the lack of mental health specialists in schools and ensure students receive proper support | 0.9879
,,,,,,15731 | To address the lack of mental health specialists in schools and provide support to students | 0.9994
,,,,,,15749 | To address the lack of mental health specialists in schools and ensure students receive proper support | 0.9879
,,,,,,15762 | To address the lack of mental health specialists in schools and provide support to students | 0.9994
,,,,,,15769 | To address the lack of mental health specialists in schools by advocating for policy change and community engagement. | 0.7941
,,,,,,15763 | To address the lack of mental health specialists in schools and provide support to students | 0.9994
,,,,,,15770 | To address the lack of mental health specialists in schools and provide support to students | 0.9994
,,,,,,15799 | To address the lack of mental health specialists in schools and provide support to students | 0.9994
,,,,,,15791 | To address the lack of mental health specialists in schools and promote community involvement in education | 0.884
,,,,,,15798 | To address the lack of mental health specialists in schools and ensure students receive proper support | 0.9879
,,,,,,15840 | To address the lack of mental health specialists in schools and provide support to students | 0.9994
,,,,,,15839 | To provide mental health support to students in schools | 0.8942
,,,,,,15843 | To address the lack of mental health specialists in schools and provide support to students | 0.9994
,,,,,,15841 | To address the lack of mental health specialists in schools and provide support to students | 0.9994
,,,,,,15849 | To raise awareness about the importance of mental health in schools and to ensure that children have access to mental health specialists. | 0.811
,,,,,,15861 | To address the lack of mental health specialists in schools and provide support to students | 0.9994
,,,,,,15868 | To address the lack of mental health specialists in schools and provide support to students | 0.9994
,,,,,,15870 | To address the lack of mental health specialists in schools and provide support to students | 0.9994
,,,,,,15862 | To address the lack of mental health specialists in schools and provide support to students | 0.9994
,,,,,,15863 | To address the lack of mental health specialists in schools and provide support to students | 0.9994
,,,,,,15856 | To address the lack of mental health specialists in schools and provide support to students | 0.9994
,,,,,,15880 | To address the lack of mental health specialists in schools and provide support to students | 0.9994
,,,,,,15871 | To address the lack of mental health specialists in schools and provide support to students | 0.9994
,,,,,,15876 | To address the lack of mental health specialists in schools and provide support to students | 0.9994
,,,,,,15884 | To address the lack of mental health specialists in schools and provide adequate support to students | 0.9932
,,,,,,29037 | To address the lack of mental health specialists in schools and provide support for students | 0.9983
,,,,,,29040 | To address the lack of mental health specialists in schools and provide support to students | 0.9994
,,,,,,15717 | To address the lack of mental health specialists in schools and provide support to students | 0.9994
,,,,,,15796 | To address the lack of mental health specialists in schools and provide support to students | 0.9994
,,,,,,15718 | To address the lack of mental health specialists in schools and provide support to students | 0.9994
,,,,,,29042 | To address the lack of mental health specialists in schools and provide support to students | 0.9994
,,,,,,29043 | To address the lack of mental health specialists in schools and provide support to students | 0.9994
,,,,,,29168 | To address the lack of mental health specialists in schools and provide support to students | 0.9994
,,,,,,29045 | To address the lack of mental health specialists in schools and provide support to students | 0.9994
,,,,,,15748 | To address the lack of mental health specialists in schools and ensure students receive proper support | 0.9879
,,,,,,15708 | To address the lack of mental health specialists in schools and provide support to students | 0.9994
,,,,,,15790 | To address the lack of mental health specialists in schools and provide support to students | 0.9994
,,,,,,15750 | To address the lack of mental health specialists in schools and provide support to students | 0.9994
,,,,,,15777 | To address the lack of mental health specialists in schools and provide support to students | 0.9994
,,,,,,15778 | To address the lack of mental health specialists in schools and provide support to students | 0.9994
,,,,,,"15764 | To address the lack of mental health specialists in schools, we aimed to raise awareness and petition for change. | 0.6809"
,,,,,,15800 | To address the lack of mental health specialists in schools and provide support to students | 0.9994
,,,,,,15772 | To address the lack of mental health specialists in schools and provide support to students | 0.9994
,,,,,,15853 | To address the lack of mental health specialists in schools and provide support to students | 0.9994
,,,,,,15864 | To address the lack of mental health specialists in schools and provide support to students | 0.9994
,,,,,,15859 | To address the lack of mental health specialists in schools and provide support to students | 0.9994
,,,,,,15887 | To address the lack of mental health specialists in schools and provide support to students | 0.9994
,,,,,,15888 | To address the lack of mental health specialists in schools and provide support to students | 0.9994
,,,,,,16084 | To address the lack of mental health specialists in schools and provide support to students | 0.9994
,,,,,,29046 | To address the lack of mental health specialists in schools and provide support to students | 0.9994
,,,,,,29047 | To address the lack of mental health specialists in schools and provide support to students | 0.9994
,,,,,,29050 | To address the lack of mental health specialists in schools and provide support to students | 0.9994
,,,,,,29169 | To address the lack of mental health specialists in schools and provide support to students | 0.9994
,,,,,,29051 | To address the lack of mental health specialists in schools and provide support to students | 0.9994
,,,,,,29170 | To address the lack of mental health specialists in schools and provide support to students | 0.9994
,,,,,,29171 | To address the lack of mental health specialists in schools and provide support to students | 0.9994
,,,,,,29172 | To address the lack of mental health specialists in schools and provide support to students | 0.9994
,,,,,,29173 | To address the lack of mental health specialists in schools and provide support to students | 0.9994
,,,,,,29174 | To address the lack of mental health specialists in schools and provide support to students | 0.9994
,,,,,,29355 | To provide mental health support to students in schools | 0.8942
,,,,,,29356 | To address the lack of mental health specialists in schools and provide necessary support to students | 0.9948
,,,,,,29358 | To address the lack of mental health specialists in schools and provide support to students | 0.9994
,,,,,,29357 | To address the lack of mental health specialists in schools and provide support to students | 0.9994
,,,,,,29359 | To address the lack of mental health specialists in schools and provide support to students | 0.9994
,,,,,,29360 | To address the lack of mental health specialists in schools and provide support to students | 0.9994
,,,,,,29361 | To address the lack of mental health specialists in schools and provide support to students | 0.9994
,,,,,,29362 | To address the lack of mental health specialists in schools and provide support to students | 0.9994
,,,,,,29363 | To address the lack of mental health specialists in schools and provide support to students | 0.9994
,,,,,,32706 | To address the lack of mental health specialists in schools and provide support to students | 0.9994
,,,,,,32747 | To address the lack of mental health specialists in schools and provide support to students | 0.9994
,,,,,,32722 | To address the lack of mental health specialists in schools and provide support to students | 0.9994
,,,,,,32702 | To address the lack of mental health specialists in schools and provide students with necessary support | 0.9916
,,,,,,32728 | To address the lack of mental health specialists in schools and provide support to students | 0.9994
,,,,,,32736 | To address the lack of mental health specialists in schools and provide support to students | 0.9994
,,,,,,32741 | To address the lack of mental health specialists in schools and provide support to students | 0.9994
,,,,,,32717 | To address the lack of mental health specialists in schools and provide support to students | 0.9994
,,,,,,32734 | To address the lack of mental health specialists in schools and provide support to students | 0.9994
,,,,,,32697 | To address the lack of mental health specialists in schools and provide support to students | 0.9994
,Enhancing Student Outcomes Through Collaborative Engagement,"This theme encompasses strategies and interventions aimed at improving student learning, academic performance, and overall well-being by fostering strong partnerships between schools, parents, and educators. It emphasizes the synergistic impact of parental involvement, effective communication, and collaborative efforts in addressing challenges such as absenteeism, stress, and confidence, ultimately contributing to a more supportive and effective educational environment.","parental involvement,student learning,academic performance,school-community collaboration,student attendance,parent-teacher communication",Draft,96,132 | To enhance student learning and increase parent involvement in education through activity-based teaching methods | 0.7018
,,,,,,160 | To improve parental involvement and communication to support student learning and academic performance | 0.7541
,,,,,,133 | To increase parent participation and engagement in Parent-Teacher Meetings (PTMs) through proactive planning and sensitization | 0.6968
,,,,,,151 | To improve student confidence by increasing parent-teacher collaboration and communication | 0.6178
,,,,,,186 | To improve student attendance by increasing parent awareness and engagement through PTM | 0.8164
,,,,,,"28593 | To improve school attendance and performance by motivating children, providing good food, and quality teaching | 0.8124"
,,,,,,28595 | To increase awareness about the importance of high school education and improve school attendance | 0.77
,,,,,,"28521 | To increase attendance of children with disabilities by engaging parents and teachers through house visits, awareness sessions, and capacity building | 0.7766"
,,,,,,3374 | To make parental engagement a continuous habit in the school | 0.688
,,,,,,3375 | To involve parents in various aspects of education and school activities | 0.763
,,,,,,3695 | To manage academic stress and improve time management skills | 0.4043
,,,,,,3293 | To reduce student absenteeism and improve academic performance | 0.6421
,,,,,,"3292 | To improve student attendance and academic performance by implementing a tracking system, regular parent-teacher meetings, and a mentorship program | 0.7004"
,,,,,,3327 | To improve student focus and reduce absenteeism by engaging parents through regular parent-teacher meetings | 0.7765
,,,,,,40687 | To improve concentration in children through activities and parental involvement | 0.6039
,,,,,,40698 | To increase parental participation in parent-teacher meetings and improve children's education | 0.8433
,,,,,,"5004 | To improve discipline and concentration in boys by engaging parents and the community, and making studies enjoyable | 0.6525"
,,,,,,40732 | To increase parental awareness and involvement in their children | 0.8032
,,,,,,40834 | To improve parent-teacher meetings in Hirapur Chak Middle School by increasing parent participation and engagement. | 0.7251
,,,,,,40836 | To address the issue of poor attendance by implementing a community-based tracking and motivation system | 0.6421
,,,,,,40866 | To increase parental awareness and involvement in their children | 0.8032
,,,,,,40867 | To educate parents about the importance of attending parent meetings and to increase their participation | 0.8013
,,,,,,40893 | To address the issue of low patron participation in the school | 0.6547
,,,,,,"40899 | To establish regular parent-teacher meetings in Jamuhar Mohanpur, ensuring active participation and open communication between parents, teachers, and the community. | 0.6643"
,,,,,,15055 | To improve school attendance by motivating children and parents | 0.867
,,,,,,41173 | To improve attendance by addressing transport barriers through community partnerships | 0.5921
,,,,,,"5883 | To promote education and sports in the school, ensuring that students do not abandon their studies for sports | 0.5765"
,,,,,,41206 | To increase school enrollment and attendance by raising awareness among parents about the importance of education | 0.8338
,,,,,,15462 | To improve learning in children by conducting regular parents and teachers meetings | 0.7595
,,,,,,41486 | To improve parent-teacher meeting attendance by raising awareness about the importance of education among women in the village | 0.7261
,,,,,,41490 | To improve parent-teacher communication and increase parental involvement in children | 0.7319
,,,,,,41503 | To increase parent attendance in parent meetings by raising awareness about the importance of education and the role of parents in their children's education | 0.8677
,,,,,,41548 | To improve parental involvement in education by increasing attendance at PTM meetings | 0.8441
,,,,,,48912 | To enhance student motivation by improving school infrastructure | 0.6082
,,,,,,49021 | To increase parental involvement in education by informing them about the importance of attending PTM meetings and understanding their children's behavior and academic performance in school | 0.8338
,,,,,,4244 | To address the issue of inaccurate attendance records and ensure fair recognition for regular attendees | 0.4516
,,,,,,4281 | To increase school attendance by creating a welcoming atmosphere through entrance celebrations | 0.7284
,,,,,,17419 | To address the issue of poor attendance by implementing a community-based tracking and motivation system | 0.6421
,,,,,,28712 | To increase parental involvement in their children | 0.7564
,,,,,,28713 | To reduce absenteeism in school by counseling and home visits | 0.6733
,,,,,,8532 | To increase parental involvement in children | 0.7527
,,,,,,3693 | To involve parents in various aspects of education and school activities | 0.763
,,,,,,11160 | To increase parent participation in school meetings by making them active contributors to the discussion | 0.7245
,,,,,,6805 | To increase school attendance by raising awareness among parents | 0.8819
,,,,,,"3917 | To improve community health by conducting regular BP and sugar checks, addressing the issue of not being close to a hospital | 0.2489"
,,,,,,6080 | To increase school enrollment by raising awareness among guardians | 0.7072
,,,,,,28964 | To raise awareness about the importance of education and reduce the disruption caused by household chores | 0.6625
,,,,,,28757 | To improve education in Indernagar by increasing attendance and encouraging students to read | 0.6983
,,,,,,28985 | To educate parents on the importance of sending children to daycare centers and to provide a nurturing environment for children aged 3-6 | 0.5625
,,,,,,28989 | To increase school attendance by addressing the issue of children being engaged in household chores | 0.7465
,,,,,,29183 | To increase school attendance by raising awareness about the importance of education among parents and community members | 0.8698
,,,,,,10233 | To increase school attendance by educating parents on the importance of education and providing uniforms to children | 0.7733
,,,,,,4285 | To increase parent participation in parent-teacher meetings | 0.803
,,,,,,4302 | To increase parental involvement in the school by creating a presence chart and explaining its importance to the guardians | 0.7075
,,,,,,4304 | To increase parental involvement in education by raising awareness about its importance and encouraging participation in school activities | 0.8654
,,,,,,14929 | To improve parental cooperation in education by addressing the issue of irregularities in school attendance due to household chores | 0.7069
,,,,,,6929 | To increase children attendance in school by reducing their involvement in household chores | 0.7743
,,,,,,7089 | To improve school attendance by addressing the issue of lack of parental involvement due to single parenthood | 0.761
,,,,,,19702 | To ensure timely distribution of uniform allowance to students with regular attendance | 0.5137
,,,,,,3326 | To increase school attendance by motivating parents and students | 0.8584
,,,,,,29008 | To improve school attendance by creating awareness and conducting PAYTM meetings | 0.7799
,,,,,,28844 | To increase school attendance by raising awareness among parents and children about the importance of education | 0.8446
,,,,,,29210 | To increase school attendance by raising awareness among parents and children about the importance of education | 0.8446
,,,,,,4402 | To improve the punctuality and participation of children in school activities | 0.7102
,,,,,,3692 | To involve parents in various aspects of education and school activities | 0.763
,,,,,,29020 | To increase school attendance by raising awareness among parents and children | 0.868
,,,,,,6855 | To address the issue of poor attendance by implementing a community-based tracking and motivation system | 0.6421
,,,,,,14608 | To improve attendance by addressing transport barriers through community partnerships | 0.5921
,,,,,,28879 | To improve school attendance by motivating parents and children to attend school regularly | 0.8547
,,,,,,16031 | To increase parent participation in education by organizing parent meetings and creating awareness about the importance of education | 0.8492
,,,,,,4165 | To improve the morale of school children to study and play sports | 0.5967
,,,,,,4093 | To increase parental involvement in school activities and encourage children to attend school regularly | 0.8654
,,,,,,4087 | To improve school attendance by increasing interest in studies and involving parents in their children | 0.848
,,,,,,3338 | To reduce absenteeism in ZP High School by addressing the root cause of migration of parents | 0.6279
,,,,,,14596 | To improve attendance by addressing transport barriers through community partnerships | 0.592
,,,,,,"28916 | To address the issue of low attendance due to lack of transportation, by arranging vehicle facilities and ensuring parent cooperation. | 0.6872"
,,,,,,"4291 | To address the declining school attendance by engaging parents and the community, and encouraging students to attend school regularly | 0.8239"
,,,,,,14605 | To improve attendance by addressing transport barriers through community partnerships | 0.5921
,,,,,,15622 | To increase parental participation in school meetings and improve communication between parents and teachers | 0.816
,,,,,,28437 | To convince parents that extracurricular activities contribute to the mental development of children | 0.6358
,,,,,,28931 | To increase awareness about future plans among students | 0.4903
,,,,,,28936 | To increase school attendance by conducting educational outreach and discussions with parents and children | 0.8623
,,,,,,28938 | To increase the number of children attending school by conducting educational outreach and discussions with parents and children | 0.7964
,,,,,,29129 | To address the issue of poor attendance by implementing a community-based tracking and motivation system | 0.6421
,,,,,,28491 | To increase interest in studies | 0.4833
,,,,,,29265 | To increase attendance and reduce absenteeism in Hootagalli school by engaging parents and the community | 0.762
,,,,,,29269 | To improve parental care and involvement in children | 0.7303
,,,,,,29277 | To increase attendance during prayer time by making it more engaging and interactive for students | 0.6606
,,,,,,29295 | To improve education by incorporating extracurricular activities and encouraging parental involvement | 0.7458
,,,,,,29385 | To improve school attendance by raising awareness about the importance of education and addressing concerns about school safety | 0.7642
,,,,,,29451 | To increase school attendance by raising awareness about the importance of education among children and parents in Dubha Gaanv | 0.7503
,,,,,,29477 | To increase parent participation in school meetings by informing them about the importance of these meetings and ensuring they receive the meeting dates. | 0.7878
,,,,,,40391 | To improve teacher-student relationships by addressing the issue of students being angry with teachers | 0.4266
,,,,,,40504 | To improve parent-teacher communication and resolve complaints | 0.6181
,,,,,,40471 | To improve school attendance by educating parents about the benefits of daily schooling | 0.8147
,,,,,,29727 | To improve attendance and interest in studies among children by increasing awareness and introducing engaging learning activities | 0.77
,Establishing and Enhancing Reading Environments,"This theme encompasses initiatives focused on creating dedicated physical and conceptual spaces that foster reading engagement and skill development among children. It includes the establishment of reading corners in schools and homes, the provision of resources and support for these spaces, and the promotion of reading habits through conducive environments and parental involvement.","reading corners,reading environments,literacy promotion,student engagement,home-based learning,educational support",Draft,96,14892 | To improve reading skills of students through a reading aloud campaign and establishing a reading corner | 0.7181
,,,,,,14893 | To solve the problem of children wanting to read but not so much by creating a reading corner in the school and teaching them how to read | 0.8703
,,,,,,2262 | To improve students reading skills and confidence by creating inviting reading corners | 0.7796
,,,,,,15015 | To create a reading corner at home for underprivileged children despite financial constraints | 0.8899
,,,,,,13176 | To create a reading corner at home for children to improve their reading habits | 0.9535
,,,,,,15454 | To create affordable and realistic reading corner options for families to encourage regular reading and studying habits among children | 0.8707
,,,,,,15479 | To provide a safe and supportive space for children to read and learn outside of their homes | 0.7324
,,,,,,15005 | To design and provide affordable reading corner kits for families to promote reading habits among children | 0.8474
,,,,,,28647 | To create a conducive environment for children to practice and study at home by involving parents and patrons in setting up a reading corner | 0.9066
,,,,,,16541 | To create a reading corner in a small corner of the house for children and to make it in all children | 0.8698
,,,,,,16352 | To create a proper reading corner at home to support children | 0.9342
,,,,,,28687 | To improve education by convincing patrons of its importance and setting up a reading corner | 0.7744
,,,,,,28439 | To help children focus on reading by creating a distraction-free environment | 0.7979
,,,,,,28652 | To improve education by setting up a reading corner and encouraging children to practice at home | 0.8653
,,,,,,28653 | To create a reading corner and encourage children to practice reading at home | 0.9534
,,,,,,28689 | To create a reading corner for children to practice reading | 0.9129
,,,,,,22005 | To improve reading skills of children in the community by providing a supportive environment and resources | 0.7379
,,,,,,22039 | To improve the readability of the blackboard for students | 0.5424
,,,,,,"14980 | To design and implement low-cost reading corner kits for families, promoting a dedicated space for children to read and study | 0.8626"
,,,,,,"15402 | To provide a safe and supportive space for children to read and learn, addressing the lack of proper reading corners at home | 0.8756"
,,,,,,16345 | To create a reading corner at home despite limited space | 0.7733
,,,,,,28948 | To promote education and help children study at home by creating a reading nook and collaborating with community women and Anganwadi workers | 0.6373
,,,,,,4616 | To create a proper reading corner for children to study and improve their educational outcomes | 0.8714
,,,,,,4618 | To create a proper reading corner for children to study and improve their education | 0.8775
,,,,,,14995 | To create a reading corner that motivates students to read | 0.859
,,,,,,15070 | To provide affordable and realistic reading corner options for families | 0.8342
,,,,,,13177 | To create a reading corner at home for children | 0.9369
,,,,,,13181 | To create a reading corner at home for children to improve their reading habits | 0.9535
,,,,,,13183 | To create a conducive environment for children to develop a love for reading by setting up a reading corner at home | 0.8943
,,,,,,4184 | To create a conducive environment for children to study by setting up a reading corner | 0.8705
,,,,,,28962 | To encourage children to read at home | 0.8444
,,,,,,15002 | To create a reading corner at home for underprivileged children despite financial constraints | 0.8899
,,,,,,"15013 | To provide a safe and supportive environment for children to read and learn, addressing the lack of proper reading spaces at home | 0.8151"
,,,,,,"15029 | To design and provide affordable reading corners for underprivileged children, enhancing their learning environment and fostering a love for reading. | 0.8458"
,,,,,,15024 | To create a low-cost reading kit using recycled materials to help underprivileged children have a proper reading space at home | 0.752
,,,,,,"15068 | To create a functional reading corner in small, crowded homes by utilizing unused spaces and simple materials. | 0.7776"
,,,,,,15077 | To create a reading corner in small homes to improve reading habits among children | 0.9333
,,,,,,15095 | To create a reading corner at home for underprivileged children | 0.9435
,,,,,,15100 | To create a study-friendly environment at home by setting up a reading corner and guiding children and parents on its use. | 0.8988
,,,,,,15129 | To create a proper reading corner at home for students despite limited space | 0.8709
,,,,,,15135 | To create a conducive learning environment for children by establishing reading corners in homes and community spaces. | 0.8493
,,,,,,15189 | To help families create a reading corner in their homes despite limited space | 0.8892
,,,,,,15207 | To create a reading corner in small homes to encourage reading habits among children | 0.9311
,,,,,,"22723 | To address the lack of enthusiasm among children when reading by incorporating interactive and entertaining methods, such as running, to make learning more engaging and fun | 0.6508"
,,,,,,15432 | To create a conducive reading environment for children in rural areas who lack proper reading spaces at home | 0.8431
,,,,,,"15028 | To create a proper reading corner at home for underprivileged students by securing materials through contributions, donations, and recycling | 0.746"
,,,,,,15073 | To create a proper reading corner at home and establish good reading habits among children | 0.8878
,,,,,,"15102 | To provide a safe and supportive space for children to read and learn, addressing the lack of proper reading corners at home | 0.8756"
,,,,,,15109 | To create a reading corner at home for children to improve their reading habits | 0.9535
,,,,,,15162 | To create a reading corner at home for underprivileged children | 0.9435
,,,,,,15164 | To create a reading corner at home for children despite financial constraints | 0.9089
,,,,,,15181 | To create a reading corner at home for underprivileged children despite limited space | 0.928
,,,,,,"15211 | To create affordable and realistic reading corner options for families, improving focus and learning for children | 0.8881"
,,,,,,15204 | To create a proper reading corner at home for underprivileged children | 0.9513
,,,,,,15192 | To create a reading corner at home for underprivileged children despite financial constraints | 0.8899
,,,,,,11614 | To create a reading corner at home for children and motivate women to come together for education | 0.8167
,,,,,,15112 | To create a reading corner at home for underprivileged children despite financial constraints | 0.8899
,,,,,,15014 | To create a reading corner in small spaces for underprivileged children | 0.878
,,,,,,11472 | To create reading corners at home and encourage villagers to read | 0.808
,,,,,,13721 | To create a reading corner for children at home and motivate women in the education sector to come together | 0.7942
,,,,,,"15018 | To provide a safe and supportive space for children to read and learn, addressing the lack of proper reading corners at home | 0.8756"
,,,,,,15078 | To create a reading corner at home for children despite financial constraints | 0.9089
,,,,,,15097 | To create a proper reading corner at home for underprivileged children despite financial constraints | 0.8948
,,,,,,15103 | To create a distraction-free reading corner at home to improve learning outcomes | 0.8247
,,,,,,15167 | To create a proper reading corner at home for children | 0.9456
,,,,,,3913 | To enhance the education system by teaching drawing and reading to children in the village | 0.6456
,,,,,,12014 | To create reading corners for children at home to improve their reading habits | 0.9414
,,,,,,15407 | To create a reading corner at home for underprivileged children | 0.9435
,,,,,,15410 | To create a conducive reading environment for children in rural areas by setting up reading corners and providing guidance on maintaining them | 0.8767
,,,,,,"15466 | To create reading corners in small, unused spaces to promote reading and learning among families. | 0.8629"
,,,,,,15411 | To create a reading corner at home for underprivileged children | 0.9435
,,,,,,15433 | To create a reading corner at home for underprivileged children despite financial constraints | 0.8899
,,,,,,15487 | To create a comfortable and culturally appropriate reading area for children and adults | 0.7696
,,,,,,15560 | To create and maintain a proper reading corner at home for students | 0.8945
,,,,,,"15556 | To create a dedicated reading space for students in small, crowded homes by identifying unused corners and utilizing simple materials. | 0.8357"
,,,,,,15754 | To create a functional reading corner in small homes to improve reading habits among children | 0.8931
,,,,,,14988 | To create a reading corner at home for underprivileged children despite financial constraints | 0.8899
,,,,,,15391 | To create a reading corner in small homes by utilizing unused spaces and simple materials | 0.7927
,,,,,,15397 | To create a reading corner at home for children to focus on their studies without distractions | 0.91
,,,,,,13734 | To create a reading corner for children at home and motivate women in the education sector to come together | 0.7942
,,,,,,4695 | To create a dedicated reading corner for children to improve their learning environment | 0.9159
,,,,,,12004 | To create a reading corner at home for children and motivate women to come together | 0.8117
,,,,,,"15393 | To design and implement low-cost reading kits for families with financial constraints, using recycled materials and community contributions. | 0.6059"
,,,,,,15429 | To create a proper reading corner at home for students despite limited space | 0.8709
,,,,,,15423 | To create a reading corner at home for students despite limited space | 0.8602
,,,,,,15453 | To create a proper reading corner at home for students despite limited space | 0.8709
,,,,,,"15474 | To design and implement affordable reading corners for students, improving their focus and learning | 0.8149"
,,,,,,15489 | To create a proper reading corner at home for students despite limited space | 0.8709
,,,,,,15515 | To create reading corners at home for children and inspire women to take an active role in their education | 0.8294
,,,,,,14481 | To create reading corners at home for children | 0.8966
,,,,,,15999 | To create a reading corner in small homes to improve reading habits | 0.9023
,,,,,,15131 | To create a reading corner at home for children despite financial constraints | 0.9089
,,,,,,15523 | To create a reading corner in every home to inspire and educate women | 0.76
,,,,,,"15783 | To provide a dedicated space for children to read and learn, addressing the lack of proper reading corners at home | 0.9062"
,,,,,,"14883 | To create a conducive learning environment by setting up a proper reading corner for children in Kommerahalli, addressing the issue of poverty and lack of interest from parents. | 0.7525"
,,,,,,4694 | To create a proper reading corner for children and organize a disciplined study space | 0.8397
,Enhancing Mathematics and Language Proficiency,"This theme encompasses initiatives aimed at elevating both student achievement and pedagogical effectiveness in mathematics, alongside strategies to bolster English language acquisition and confidence, particularly for underserved student populations. It addresses the development of conceptual understanding, practical application, and the creation of supportive learning environments that foster engagement and overcome specific learning barriers.","mathematics education,language acquisition,student performance,teacher development,learning environment,confidence building",Draft,92,1 | Improve teacher performance in maths | 0.7166
,,,,,,129 | To help students overcome mother tongue interference and improve their pronunciation | 0.5321
,,,,,,58 | Improve math education in school | 0.7003
,,,,,,9 | Improve math performance of students | 0.729
,,,,,,128 | To enhance maths education by integrating hands-on activities that help students understand abstract concepts through real-world applications | 0.6914
,,,,,,60 | To enhance student engagement and performance in mathematics | 0.7806
,,,,,,"130 | To empower students to take ownership of their learning and promote social learning, and to provide a supportive and encouraging environment for students to overcome their shyness and lack of confidence in speaking English. | 0.5845"
,,,,,,21 | Improve math skills of grade 8 students | 0.7012
,,,,,,155 | To improve the English language skills of rural students and increase their confidence in using the language | 0.589
,,,,,,159 | To help students understand the concept of measurement and its practical applications | 0.5133
,,,,,,24 | To improve students' confidence in public speaking | 0.5197
,,,,,,33 | To improve the students performance in maths by providing teachers with worksheets to work on. | 0.7268
,,,,,,32 | Improve teacher math skills | 0.7425
,,,,,,35 | Create a more engaging and student-friendly classroom environment | 0.6269
,,,,,,66 | To improve the teaching of maths in school | 0.7711
,,,,,,147 | To improve English language skills of students in a multilingual classroom by implementing Foundational Literacy and Numeracy (FLN) activities. | 0.6157
,,,,,,156 | To improve English language skills among rural students by making learning fun and interactive | 0.5818
,,,,,,38 | To create an inclusive learning environment for students with disabilities | 0.5203
,,,,,,42 | Improve English speaking skills of students | 0.5827
,,,,,,43 | Improve math skills of students | 0.7789
,,,,,,44 | To improve student engagement and understanding of concepts through activity-based learning | 0.6778
,,,,,,45 | Improve student engagement and performance | 0.6765
,,,,,,131 | To improve student confidence and learning outcomes through innovative teaching techniques and teacher dedication. | 0.6777
,,,,,,157 | To improve teacher confidence and student engagement with digital tools | 0.6156
,,,,,,34 | Improve math education in school | 0.7003
,,,,,,53 | Improve teacher skills to enhance student performance | 0.7564
,,,,,,192 | To improve teacher performance by providing test worksheets | 0.6478
,,,,,,91 | Improve teaching capabilities and student learning | 0.6903
,,,,,,102 | Improving student communication skills | 0.6368
,,,,,,106 | Improve 10th grade pass percentage | 0.4728
,,,,,,135 | To improve student engagement and attendance by introducing Project Based Learning (PBL) and making learning more relevant and interactive | 0.6676
,,,,,,112 | To enhance maths education by providing teachers with test sheets to improve their teaching methods | 0.7263
,,,,,,136 | To increase student attendance and engagement by implementing Project Based Learning (PBL) | 0.6459
,,,,,,137 | The objective of the micro-improvement was to improve student engagement and motivation by making learning more relevant and interactive. | 0.6542
,,,,,,138 | To increase student attendance and engagement by implementing Project Based Learning | 0.6939
,,,,,,152 | To reduce math anxiety and improve student engagement and confidence in learning math | 0.6679
,,,,,,185 | To improve student engagement and attendance by introducing Project Based Learning | 0.6885
,,,,,,141 | To improve students' understanding and fluency in multiplication tables through daily practice sessions | 0.5572
,,,,,,125 | To enhance student engagement and attendance by introducing Project Based Learning | 0.6839
,,,,,,126 | To increase student engagement and motivation by introducing project-based learning | 0.6383
,,,,,,145 | To improve literacy and numeracy skills among students | 0.6381
,,,,,,"144 | To make math a fun and accessible subject for all students, regardless of their background or ability | 0.6836"
,,,,,,"150 | To improve the learning experience of students by addressing language barriers, supporting children with special needs, and creating an interactive classroom environment | 0.6038"
,,,,,,140 | To enhance conceptual understanding in Mathematics through experiential learning | 0.652
,,,,,,"196 | To enhance the learning environment by addressing challenges such as student absenteeism, lack of parental involvement, outdated teaching methods, and limited access to resources. | 0.6979"
,,,,,,28599 | To improve math skills of children by providing extra classes | 0.7889
,,,,,,162 | To improve math education by making it more engaging and interactive | 0.7971
,,,,,,28636 | To enhance the learning experience of students in Bengaluru by providing them with better educational resources and opportunities. | 0.6213
,,,,,,3354 | To enhance teacher technical knowledge and modern teaching methods | 0.661
,,,,,,3696 | To provide skills development and education to children through various activities | 0.6606
,,,,,,3648 | To improve understanding and performance in a subject despite an unsupportive teacher | 0.6462
,,,,,,14920 | To improve counting skills among children through interactive math games and activities | 0.6507
,,,,,,28663 | To enhance literacy and numeracy skills among children who have not achieved basic skills due to language barriers and lack of attendance | 0.6368
,,,,,,3779 | To enhance math education by providing proper study materials and conducting special classes | 0.7413
,,,,,,41630 | To enhance teacher skills in teaching maths | 0.7889
,,,,,,40665 | To provide materials for teaching children by doing | 0.6433
,,,,,,"40666 | To address the issue of teachers being assigned non-academic tasks, affecting their ability to focus on teaching and completing the syllabus. | 0.6537"
,,,,,,28685 | To improve math education by providing teachers with necessary skills | 0.7748
,,,,,,40680 | To improve mathematics education in rural areas by increasing awareness and interest among children and parents | 0.6667
,,,,,,14918 | To improve language skills in BPL students by educating their parents and involving the community | 0.5732
,,,,,,40784 | To improve classroom participation and develop essential 21st-century skills among students through the use of a structured task-based teaching strategy in science classrooms | 0.5721
,,,,,,28621 | To improve literacy and numeracy among students at GHPS Purnapur by engaging parents and using activity-based learning methods | 0.6009
,,,,,,21063 | To improve learning abilities of children with learning disabilities through FLN activities | 0.5739
,,,,,,3694 | To improve English skills and overall development of underprivileged children through interactive activities | 0.602
,,,,,,16341 | To make students active and engaged in their learning process | 0.7325
,,,,,,21964 | To improve the learning experience of mathematics for children by using interactive methods such as signs and numerical games | 0.6643
,,,,,,28705 | To improve language skills among students in BPS Gokul School by addressing grammar and sentence issues | 0.5716
,,,,,,28708 | To improve understanding of basic mathematical concepts among students through interactive and engaging methods | 0.7111
,,,,,,28719 | To improve the academic performance of migrant children by addressing the language barrier and promoting inclusive learning | 0.5325
,,,,,,3767 | To enhance teaching skills by providing sheets to teachers | 0.6586
,,,,,,3803 | To increase student interest in studies by introducing interactive teaching methods | 0.6752
,,,,,,"14921 | To enhance primary education by introducing practical and activity-based learning methods, addressing the lack of hands-on experience among students. | 0.677"
,,,,,,3892 | To improve academic performance and student confidence through a multi-pronged initiative | 0.5767
,,,,,,28735 | To address the challenge of children's indifference towards mathematics | 0.5709
,,,,,,28966 | To improve teaching skills by providing sheets to teachers | 0.6756
,,,,,,28785 | To enhance math teaching skills of teachers | 0.7737
,,,,,,10049 | To increase student engagement in science by making complex topics more accessible | 0.6046
,,,,,,3923 | To improve teaching skills in schools by providing necessary resources | 0.7399
,,,,,,15215 | To improve teaching skills by providing sheets to address the skill issue | 0.6619
,,,,,,"14901 | To improve learning outcomes for slow learners by providing extra time, easy explanations, and using Teaching Learning Materials (TLMs) | 0.619"
,,,,,,14902 | To improve hands-on learning in the school by implementing Project-Based Learning (PBL) and encouraging students to apply what they learn in real-life situations | 0.6075
,,,,,,4507 | To create an engaging and interactive learning environment for students by using Teaching Learning Materials (TLMs) and sharing student success stories with parents | 0.5977
,,,,,,6865 | To enhance teacher education by providing regular training sessions | 0.693
,,,,,,28831 | To enhance math education by equipping teachers with necessary skills | 0.7652
,,,,,,28832 | To enhance teaching skills in schools by providing necessary resources and training to teachers | 0.715
,,,,,,14540 | To increase student engagement in the classroom by implementing project-based learning methods | 0.6861
,,,,,,"29034 | To improve mathematics skills among children in Kalyan, Maharashtra by providing extra classes and incentivizing teachers | 0.7501"
,,,,,,28902 | To improve math education by providing necessary props for students to understand complex concepts | 0.7657
,,,,,,14917 | To enhance student learning by resolving problems | 0.785
,,,,,,28930 | To help students overcome language barriers and improve their English speaking skills | 0.6558
,,,,,,29541 | To enhance teacher skills in math to improve student learning outcomes | 0.8187
,,,,,,29551 | To improve learning outcomes by addressing inconsistent teaching quality and limited resources in schools through supplementary learning programs and external resources. | 0.5346
,Joyful and Engaging Experiential Learning,"This theme encompasses educational initiatives focused on creating highly engaging and interactive learning environments that prioritize enjoyment and active participation. It aims to foster a positive learning experience, boost student confidence, encourage exploration, and facilitate the acquisition of new skills and knowledge through diverse activities, particularly within the context of summer camps and programs for young children.","experiential learning,engaging activities,joyful learning,interactive environment,skill development,confidence building,summer camp",Draft,89,161 | To educate students through engaging activities and make learning fun | 0.7443
,,,,,,"142 | To create an engaging and interactive learning environment that encourages young children to explore and learn effectively, despite language barriers and initial lack of understanding. | 0.7128"
,,,,,,143 | To create an engaging and interactive learning environment that boosts confidence and encourages exploration in young students | 0.6273
,,,,,,3196 | To provide a platform for children to learn and gain confidence through various activities | 0.735
,,,,,,3435 | To conduct a summer camp for children and improve their skills and knowledge | 0.7021
,,,,,,3377 | To create a fun and engaging experience for children and their parents through various activities and games | 0.8039
,,,,,,3373 | To provide a fun and engaging experience for children through summer camp activities | 0.7925
,,,,,,3221 | To conduct a summer camp for children and provide them with a fun and engaging experience | 0.7398
,,,,,,"3691 | To provide a fun and engaging experience for children, helping them learn and acquire new skills through activities like puzzle solving, Jenga, storytelling, and picture reading | 0.7937"
,,,,,,3217 | To provide a platform for children to express their feelings and discover their talents | 0.7046
,,,,,,3205 | To conduct a summer camp for children and their parents in Devanoor village | 0.6044
,,,,,,3216 | To provide joyful learning experience to children | 0.7803
,,,,,,3213 | To conduct a summer camp for children in Vikarabad and provide them with a fun and learning experience | 0.6834
,,,,,,3218 | To create a joyful and engaging learning environment for children during the summer camp | 0.7739
,,,,,,3737 | To provide a fun and learning experience for children | 0.86
,,,,,,3736 | To provide a fun and educational experience for children | 0.8569
,,,,,,3734 | To provide a fun and learning experience for children through a summer camp | 0.7908
,,,,,,3721 | To provide a fun and educational experience for students during the summer break | 0.6985
,,,,,,3710 | To provide a fun and engaging learning experience for children during the summer break | 0.7903
,,,,,,3697 | To provide a fun and educational experience for children during the summer camp | 0.784
,,,,,,3690 | To provide a fun and learning experience for children during the summer break | 0.7851
,,,,,,"3686 | To improve children's skills in drawing, painting, and crafts through a 15-day summer camp | 0.6764"
,,,,,,3685 | To create a fun and engaging environment for children during summer holidays | 0.7442
,,,,,,3376 | To create a fun and engaging learning environment for children during summer break | 0.7501
,,,,,,"3683 | To improve knowledge, English speaking, and society awareness among children through a summer camp | 0.693"
,,,,,,3378 | To provide a fun and engaging experience for children through various activities | 0.8769
,,,,,,3212 | To engage children in fun activities during summer break | 0.7312
,,,,,,"3189 | To provide a platform for children to learn and develop new skills through various activities like singing, reading, crafting, and painting | 0.7066"
,,,,,,4999 | To teach Anganwadi children through activities | 0.7468
,,,,,,3209 | To create a meaningful experience for children in a summer camp | 0.7423
,,,,,,3206 | To provide a fun and engaging experience for children and parents through a summer camp | 0.7801
,,,,,,3203 | To provide a fun and interactive learning experience for children during the summer break | 0.8044
,,,,,,3170 | To create an engaging and educational summer camp experience for children | 0.7557
,,,,,,3918 | To teach children dances and games | 0.7525
,,,,,,4751 | To re-establish the Anganwadi center and provide a better environment for children | 0.627
,,,,,,41607 | To increase attendance and awareness about the importance of education among children through interactive street plays. | 0.7124
,,,,,,4518 | To help children learn and remember lessons through play | 0.8133
,,,,,,40681 | To revive rural games in Tumbakere Graama by educating children and parents about their importance and benefits | 0.707
,,,,,,40690 | To enhance self-confidence in children by providing a supportive environment and engaging activities. | 0.6615
,,,,,,40714 | To create awareness about the game of Kabaddi among children | 0.6695
,,,,,,"40719 | To revive and promote rural games like Halumane Guli among children, bridging the gap between elders and younger generations | 0.5946"
,,,,,,5002 | To teach Anganwadi children through play | 0.7662
,,,,,,40814 | To strengthen village unity and promote traditional games among children by organizing a Lagori competition | 0.6636
,,,,,,5136 | To enhance education at Anganwadi by teaching children through activities | 0.6917
,,,,,,41109 | To provide a safe environment for children to learn and grow by setting up an Anganwadi center | 0.6855
,,,,,,41215 | To engage children in a productive activity during summer holidays | 0.7045
,,,,,,5578 | To provide refreshment to Anganwadi children through games | 0.785
,,,,,,40552 | To provide a safe and supportive environment for children to learn and grow | 0.7262
,,,,,,41316 | To engage children in productive activities during summer vacations and improve their perception | 0.7331
,,,,,,41537 | To ensure ration distribution to children at the Agniwadi centre by linking Aadhaar and mobile numbers of parents | 0.3386
,,,,,,41544 | To ensure regular education for children in Anganwadi centres by encouraging the Anganwadi worker to attend daily and provide necessary facilities | 0.6145
,,,,,,48931 | To provide a clean and safe environment for children to learn and grow | 0.6703
,,,,,,15830 | To create a fun and engaging learning experience for children | 0.8145
,,,,,,"16449 | To enhance education by integrating play-based learning methods, addressing the lack of understanding among children | 0.6806"
,,,,,,4750 | To re-establish the Anganwadi in Harohalli village to provide a safe and healthy environment for young children | 0.5692
,,,,,,28722 | The objective of this micro-improvement is to improve recognition and memory in children through a fun and interactive game called Colour Pairing. | 0.4928
,,,,,,28721 | The objective of this micro-improvement is to improve recognition and memory in children through a fun and interactive game called Colour Combination. This game aims to enhance team spirit and cooperation among students while improving their cognitive skills. | 0.5778
,,,,,,5142 | To celebrate the Anganwadi festival and create awareness about its importance | 0.4717
,,,,,,28737 | To enhance perception and vitality among children through a word-pairing activity | 0.4472
,,,,,,28742 | To create awareness about the benefits of playing the Rubik's Cube | 0.3825
,,,,,,"16463 | To enhance education by integrating play-based learning, addressing the lack of understanding among children | 0.6827"
,,,,,,28986 | To improve attendance at Anganwadi centers by educating parents and providing facilities | 0.548
,,,,,,28098 | To allow children to play and engage in physical activities | 0.8187
,,,,,,14499 | To provide a safe space for children to play and engage in physical activities | 0.7728
,,,,,,"5273 | To enhance learning for Anganwadi children through activity-based methods, addressing the lack of information and engagement in traditional teaching methods. | 0.6853"
,,,,,,4746 | To introduce children to activities beyond reading and provide them with a creative outlet | 0.7853
,,,,,,5115 | To teach children through play at Anganwadi | 0.7641
,,,,,,3916 | To enhance learning experience for children through interactive games | 0.752
,,,,,,15267 | To improve education in Naati village by establishing an Anganwadi centre or school | 0.4853
,,,,,,5023 | To increase attention span and engagement in learning among 7-8 year olds by making lessons more fun and interactive | 0.6364
,,,,,,14502 | To provide a safe and enjoyable space for children to play and engage in physical activities | 0.771
,,,,,,15803 | To improve children's understanding through dance | 0.6721
,,,,,,"28886 | To introduce children to the game of chess and teach them the skills to play it, thereby promoting education and interest in the game | 0.6217"
,,,,,,13886 | To provide a facility for children to play indoor games at school | 0.7088
,,,,,,15539 | To enhance children's interest in storytelling through group discussions and interactive sessions | 0.6273
,,,,,,14497 | To provide a safe and enjoyable space for children to play and engage in physical activity | 0.7646
,,,,,,14500 | To provide a safe space for children to play and engage in physical activities | 0.7728
,,,,,,14501 | To provide a safe space for children to play and engage in physical activity | 0.7636
,,,,,,5582 | To teach children through play and make learning fun | 0.8141
,,,,,,4926 | To enhance the learning experience of Anganwadi children by introducing play-based activities | 0.7999
,,,,,,5261 | To educate Anganwadi children through activities at the education center | 0.7003
,,,,,,13888 | To increase awareness and learning of dance among children | 0.6261
,,,,,,"4967 | To revive children's interest in play by engaging them in games and activities, thereby promoting their overall development and well-being | 0.8068"
,,,,,,15836 | To bring children together and promote understanding through games and discussions | 0.7664
,,,,,,"28447 | The aim of the dance training is to develop artistic interest in students, to develop body movement, rhythm and balance, to increase self-confidence and stage courage, to introduce Indian culture and heritage. | 0.3812"
,,,,,,"28461 | To provide a space for children to play and express themselves, addressing the lack of game play in the school | 0.7322"
,,,,,,"28947 | To help children understand and speak Odia, the language used in school, by teaching them through playful conversations and linking studies to their village and festivals | 0.6454"
,,,,,,29397 | To solve the problem of a villager tying a buffalo in the courtyard of the Anganwadi centre | 0.2865
,,,,,,34405 | To address the lack of education and teachers at Anganwadi centers for children in tribal villages | 0.5738
,Child Development and Educational Enhancement,"This theme encompasses initiatives aimed at fostering the holistic development of children, with a particular focus on improving their educational experiences and outcomes. It includes strategies for enhancing learning environments, building essential life skills, and increasing engagement through community and parental involvement.","child development,education,learning,skill development,parental involvement,community engagement,holistic growth",Draft,76,107 | Complete micro improvement project | 0.1849
,,,,,,109 | To alleviate tooth pain | 0.2265
,,,,,,41552 | To get the child | 0.5461
,,,,,,3722 | To create a detailed report on the micro improvement project | 0.2334
,,,,,,28681 | To improve education by encouraging children to practice at home and creating a supportive community environment | 0.8242
,,,,,,28699 | To improve children | 0.89
,,,,,,41597 | To improve road repairs to enhance children's education | 0.575
,,,,,,28700 | To create awareness among parents about the importance of practicing at home and to involve them in creating a conducive environment for children to practice | 0.7268
,,,,,,"15006 | To develop energy and leadership qualities in children through play, by teaching them teamwork, discipline, self-confidence, and physical fitness. | 0.6579"
,,,,,,28463 | To improve children | 0.89
,,,,,,28693 | To improve children | 0.89
,,,,,,41199 | To increase children's interest in education by providing them with lectures at home and involving young people with degrees in the process | 0.7105
,,,,,,28695 | To increase children | 0.7889
,,,,,,"17406 | The objective of this micro-improvement is to improve the sports and education of government school children by developing their self-confidence, communication skills, teamwork, and increasing the prestige of the school | 0.6017"
,,,,,,41489 | To improve children | 0.89
,,,,,,41539 | To help a family get ration for their two-month-old girl | 0.4868
,,,,,,48926 | To improve the teaching skills of Deepak Sir and ensure he takes proper care of the children | 0.5927
,,,,,,"21987 | To improve the concentration of children through yoga, thereby enhancing their overall physical and mental well-being. | 0.6851"
,,,,,,10010 | To create awareness about yoga among children | 0.5941
,,,,,,28950 | To improve children | 0.89
,,,,,,15832 | To educate children about yoga | 0.7136
,,,,,,28724 | The objective of this micro-improvement is to create an environmental story for children to improve their thinking and perception skills. | 0.5756
,,,,,,4758 | To educate children about yoga and meditation | 0.705
,,,,,,"28732 | To improve skills and recognition in children through shape alignment activities, promoting teamwork, perseverance, and leadership. | 0.594"
,,,,,,6132 | To educate children about good touch and bad touch | 0.7494
,,,,,,8269 | To educate children about good and bad touch and its importance in their daily lives | 0.795
,,,,,,10223 | To educate children about yoga and its benefits | 0.7002
,,,,,,24413 | To improve the leadership skills of children through games and physical education | 0.6053
,,,,,,13676 | To educate children about the concept of good and bad touch and its importance in their daily lives | 0.7553
,,,,,,10163 | To make children practice yoga at home | 0.6875
,,,,,,16210 | To enhance children | 0.821
,,,,,,4389 | To educate children about good and bad touch and empower them to protect themselves from abuse | 0.7603
,,,,,,"27604 | To develop leadership qualities and skills in children through cooperative play and service, focusing on team spirit, discipline, self-confidence, physical fitness, patience, and courage. | 0.5803"
,,,,,,4514 | To make children aware of good and bad touch | 0.6918
,,,,,,10231 | To educate children about good and bad touch | 0.7742
,,,,,,3284 | To improve children's mental health | 0.7159
,,,,,,4968 | To educate children about the difference between good touch and bad touch and promote a safer environment | 0.683
,,,,,,28854 | To encourage children to practice at home by creating awareness among parents | 0.7936
,,,,,,28858 | To improve childrens education by encouraging practice at home | 0.825
,,,,,,13903 | To educate children about the difference between good touch and bad touch and promote a safe environment | 0.6742
,,,,,,28859 | To encourage children to practice at home by discussing education with parents and providing support through a self-help group. | 0.7958
,,,,,,28862 | To encourage children to practice at home by engaging with parents and the community | 0.8246
,,,,,,28863 | To improve education by encouraging children to practice at home | 0.8384
,,,,,,28864 | To improve children | 0.89
,,,,,,28867 | To encourage children to practice at home | 0.8542
,,,,,,28868 | To encourage children to practice at home by educating parents about the importance of education. | 0.8247
,,,,,,28871 | To improve children's education at home | 0.7925
,,,,,,28872 | To improve children's education by encouraging parents to provide a supportive environment for practicing at home | 0.8283
,,,,,,15801 | To understand children | 0.6824
,,,,,,28873 | To encourage children to practice at home by discussing education with parents and guardians under the Education umbrella | 0.7919
,,,,,,28874 | To improve children's education by encouraging them to practice at home | 0.8428
,,,,,,28876 | To encourage parents to pay attention to their children's education and ensure they practice at home | 0.8469
,,,,,,28878 | To improve children's education by ensuring they practice at home | 0.8513
,,,,,,28880 | To encourage children to practice at home and improve their educational outcomes | 0.8481
,,,,,,28881 | To improve education by encouraging children to practice at home with the help of community support | 0.7797
,,,,,,28882 | To improve education for children of shepherds by discussing education with patrons and providing a space for children to practice at home | 0.6803
,,,,,,28887 | To improve education by encouraging children to practice at home | 0.8384
,,,,,,28894 | To improve children | 0.89
,,,,,,28898 | To improve children | 0.89
,,,,,,28900 | To improve children's education by providing support and resources to help them practice at home | 0.8327
,,,,,,13742 | To provide information to children about health and discipline | 0.6681
,,,,,,4545 | To improve the educational outcomes of children by addressing the issues caused by an unhealthy home environment through private counselling sessions for parents and children. | 0.6492
,,,,,,28918 | To improve children | 0.89
,,,,,,"14243 | To enhance students' understanding of classroom lessons by providing a supportive peer-study environment, addressing the challenge of limited time for doubt clarification and lack of extra learning support at home. | 0.5257"
,,,,,,15538 | To introduce yoga to children and promote their physical and mental well-being | 0.6605
,,,,,,4927 | To educate children about good touch and bad touch | 0.7494
,,,,,,6848 | To educate children about the difference between good touch and bad touch and promote their safety and well-being | 0.7074
,,,,,,"15101 | The objective of this micro-improvement is to provide a stable and supportive environment for the children to pursue their education, by addressing the issue of alcoholism and ensuring the family's well-being. | 0.6433"
,,,,,,"28449 | To develop creative thinking in children, to stimulate imagination and new ideas, to increase children's self-confidence, to develop teamwork and communication skills, to increase interest in learning | 0.7163"
,,,,,,28452 | To educate children at home by empowering women who have studied | 0.6734
,,,,,,28462 | To improve children | 0.89
,,,,,,29274 | To improve children | 0.89
,,,,,,29281 | To empower children through education and develop their leadership qualities | 0.7069
,,,,,,36075 | To increase children | 0.7889
,,,,,,29684 | To improve English learning among children in the village by creating a home tutoring program | 0.5767
,,,,,,31924 | To create a learning environment in homes and encourage parents to take an active role in their children's education | 0.7407
,Safe and Respectful Educational Environments,"This theme encompasses initiatives aimed at fostering secure and respectful learning spaces within educational institutions. It focuses on proactive measures, including the establishment of dedicated committees and the implementation of comprehensive awareness programs, to prevent and address issues such as bullying and sexual harassment, thereby ensuring the well-being and safety of all students.","safe learning environment,respectful education,harassment prevention,bullying prevention,student safety,awareness programs,institutional committees",Draft,64,54 | To reduce bullying in school by creating awareness and guidance among students | 0.5439
,,,,,,"29197 | To establish functional sexual harassment prevention committees in schools and colleges, ensuring a safe learning environment for all students. | 0.9097"
,,,,,,29198 | To form and function sexual harassment prevention committees in schools and colleges and develop awareness programs for students | 0.9656
,,,,,,"29199 | To form and function sexual harassment prevention committees in schools and colleges, and develop awareness programs for students | 0.972"
,,,,,,28789 | To create a safe and respectful environment in schools and colleges by forming committees to prevent sexual harassment and organizing awareness programs | 0.893
,,,,,,28790 | To prevent sexual harassment in colleges and create awareness programs | 0.8942
,,,,,,28791 | To form committees and implement awareness programs to prevent sexual harassment in schools and colleges | 0.9565
,,,,,,28793 | To prevent sexual harassment in schools and colleges by forming committees and conducting awareness programs | 0.9615
,,,,,,28794 | To prevent sexual harassment in schools/colleges by forming committees and raising awareness | 0.9487
,,,,,,28795 | To form committees and conduct awareness programs to prevent sexual harassment in schools and colleges | 0.967
,,,,,,28796 | To form committees and conduct awareness programs to prevent sexual harassment in schools and colleges | 0.967
,,,,,,28797 | To form committees and conduct awareness programs to prevent sexual harassment in schools and colleges | 0.967
,,,,,,28798 | To prevent sexual harassment in schools/colleges by forming committees and conducting awareness programs | 0.961
,,,,,,28799 | To form committees and conduct awareness programs to prevent sexual harassment in schools and colleges | 0.967
,,,,,,15866 | To create awareness among students about sexual harassment and prevent incidents through the formation of committees and awareness programs | 0.9131
,,,,,,15877 | To create a safe and healthy environment in educational institutions by forming committees to prevent sexual harassment and conducting awareness programs | 0.8582
,,,,,,15963 | To create awareness about sexual harassment prevention in schools and colleges | 0.9276
,,,,,,15997 | To develop awareness programs for students and establish sexual harassment prevention committees in schools and colleges | 0.946
,,,,,,"29189 | To establish and activate sexual harassment prevention committees in schools and colleges, ensuring a safe and supportive learning environment for all students | 0.947"
,,,,,,29190 | To establish and functionalize sexual harassment prevention committees in schools and colleges | 0.949
,,,,,,29191 | To prevent sexual harassment in schools and colleges by forming committees and developing awareness programs | 0.9714
,,,,,,15855 | To create a safe and respectful environment in educational institutions by preventing sexual harassment and promoting awareness among students | 0.8442
,,,,,,15865 | To create a safe environment for students in schools and colleges by forming committees to prevent sexual harassment and creating awareness programs | 0.8851
,,,,,,15891 | To prevent sexual harassment in schools and colleges by forming and functioning committees and developing awareness programs for students | 0.9752
,,,,,,"15889 | To establish and operate sexual harassment prevention committees in schools and colleges, and develop awareness programs for students | 0.9748"
,,,,,,15892 | To form and functionalize sexual harassment prevention committees in schools and colleges | 0.9395
,,,,,,15893 | To form and functionalize sexual harassment prevention committees in schools and colleges and develop awareness programs for students | 0.967
,,,,,,15967 | To empower women through education and create awareness about sexual harassment prevention committees in schools and colleges | 0.9176
,,,,,,"29192 | To establish functional sexual harassment prevention committees in schools and colleges, and develop awareness programs for students to ensure a safe learning environment | 0.9419"
,,,,,,"15969 | To establish functional sexual harassment prevention committees in schools and colleges, ensuring a safe learning environment for students | 0.9267"
,,,,,,"15994 | To establish and maintain effective sexual harassment prevention committees in schools and colleges, ensuring a safe and supportive learning environment for all students. | 0.9229"
,,,,,,16034 | To develop awareness programs for students and establish functional sexual harassment prevention committees in schools and colleges | 0.9358
,,,,,,16035 | To establish sexual harassment prevention committees in schools and colleges and develop awareness programs for students | 0.9713
,,,,,,"16028 | To establish and maintain effective sexual harassment prevention committees in schools and colleges, promoting a safe and respectful learning environment. | 0.9197"
,,,,,,16032 | To create awareness about sexual harassment and develop prevention committees in schools and colleges | 0.9681
,,,,,,16086 | To prevent sexual harassment and create a safe environment for students | 0.8142
,,,,,,29193 | To create a safe and supportive environment for students by establishing sexual harassment prevention committees and developing awareness programs | 0.9184
,,,,,,15851 | To prevent sexual harassment and create a safe environment for students in schools and colleges | 0.8392
,,,,,,15873 | To create awareness among students and prevent sexual harassment in schools and colleges | 0.8972
,,,,,,"15890 | To establish and implement sexual harassment prevention committees in schools and colleges, promoting a safe and respectful learning environment | 0.9401"
,,,,,,15981 | To establish and functionalize sexual harassment prevention committees in schools and colleges | 0.949
,,,,,,16001 | To empower women leaders in education and promote awareness about sexual harassment prevention committees in schools and colleges | 0.8825
,,,,,,29194 | To prevent sexual harassment in schools and colleges | 0.859
,,,,,,29195 | To form and functionalize sexual harassment prevention committees in schools and colleges | 0.9395
,,,,,,29196 | To form and function sexual harassment prevention committees in schools and colleges and develop awareness programs for students | 0.9656
,,,,,,29364 | To prevent sexual harassment in schools and colleges by forming and functioning committees and developing awareness programs for students | 0.9752
,,,,,,"29366 | To form and functionalize sexual harassment prevention committees in schools and colleges, and develop awareness programs for students | 0.9717"
,,,,,,29376 | To empower women through education and create awareness about sexual harassment prevention | 0.8248
,,,,,,32796 | To create a safe environment for students by forming committees to prevent sexual harassment and conducting awareness programs | 0.8587
,,,,,,"34234 | To establish and activate sexual harassment prevention committees in schools and colleges, and to develop awareness programs for students to prevent sexual harassment and promote a safe learning environment | 0.9606"
,,,,,,34632 | To address the issue of sexual harassment in schools and colleges by forming prevention committees and developing awareness programs for students | 0.9682
,,,,,,"32759 | To establish committees and conduct awareness programs to prevent sexual harassment in schools and colleges, ensuring a safer learning environment for students | 0.9594"
,,,,,,32789 | To prevent sexual harassment in schools and colleges by forming committees and conducting awareness programs | 0.9615
,,,,,,34611 | To develop awareness programs for students to prevent sexual harassment in schools and colleges | 0.9141
,,,,,,32771 | To form committees and conduct awareness programs to prevent sexual harassment in schools and colleges | 0.967
,,,,,,34193 | To address the problem of sexual harassment in schools and colleges | 0.8307
,,,,,,34329 | To create awareness about sexual harassment prevention committees in schools and colleges | 0.9658
,,,,,,34618 | To form and function sexual harassment prevention committees in schools and colleges and develop awareness programs for students | 0.9656
,,,,,,32767 | To form committees and conduct awareness programs to prevent sexual harassment in schools and colleges | 0.967
,,,,,,32780 | To prevent sexual harassment in schools/colleges by forming committees and conducting awareness programs | 0.961
,,,,,,32787 | To prevent sexual harassment in schools and colleges by forming committees and conducting awareness programs | 0.9615
,,,,,,34370 | To develop awareness programs for students and establish sexual harassment prevention committees in schools and colleges | 0.946
,,,,,,32794 | To form committees and conduct awareness programs to prevent sexual harassment in schools and colleges | 0.967
,,,,,,32777 | To form committees and conduct awareness programs to prevent sexual harassment in schools and colleges | 0.967
,Enhancing Foundational Literacy and Reading Engagement,"This theme encompasses initiatives aimed at improving students' fundamental reading and writing abilities, with a particular focus on early to middle elementary grades. It includes strategies for fostering reading fluency, comprehension, and overall literacy, often through engaging activities, dedicated learning spaces, and collaborative efforts involving educators, families, and the community.","literacy development,reading comprehension,reading fluency,student engagement,educational interventions,foundational skills,community involvement",Draft,60,2 | To improve the reading ability of students. | 0.8069
,,,,,,"154 | To improve student participation and reading skills through cooperation from teachers, parents, and community | 0.7826"
,,,,,,16 | To improve literacy skills of Grade 3-5 students | 0.7165
,,,,,,23 | Improve literacy skills of students in grades 3-5 | 0.6548
,,,,,,52 | Improve reading ability in students | 0.7342
,,,,,,104 | Improve reading fluency and comprehension among students in Grades 3-5 | 0.6198
,,,,,,3192 | To provide quality education to children from government schools who are struggling to read and write | 0.75
,,,,,,3208 | To improve the reading and writing skills of government school children through engaging activities and sessions | 0.7741
,,,,,,3220 | To improve the quality of education for children from government schools through regular reading and writing sessions | 0.7711
,,,,,,15023 | To create a study-friendly environment and motivate children to read regularly | 0.8597
,,,,,,3703 | To attract children to the learning center by using creative methods such as poetry | 0.6277
,,,,,,28690 | To create a dedicated space for children to practice reading and improve their attention towards studies | 0.8847
,,,,,,15493 | To create a dedicated reading space for children in their homes to improve their learning outcomes | 0.9148
,,,,,,3865 | To create a dedicated reading space for children in the community | 0.8438
,,,,,,4516 | To make children more interested in reading in the morning by combining play with learning | 0.766
,,,,,,28692 | To improve the education of foster children by creating a conducive reading environment | 0.7882
,,,,,,28694 | To improve children's writing skills by organizing an essay competition and providing awareness and information about writing skills | 0.6705
,,,,,,28696 | To improve the writing skills of children by organizing an essay competition and providing them with topics to write about | 0.6464
,,,,,,48928 | To encourage children to read and improve their education | 0.864
,,,,,,14986 | To create a dedicated reading space at home and encourage children to develop a regular reading habit | 0.8975
,,,,,,"4243 | To enhance reading and writing skills among students by providing daily practice and peer support, addressing the lack of resources and confidence issues. | 0.7053"
,,,,,,15499 | To create a dedicated reading space at home and encourage children to develop a daily reading habit | 0.8902
,,,,,,3900 | To create a designated reading space for children to improve their learning experience | 0.8884
,,,,,,28958 | To create a dedicated space for reading and improve reading habits among students | 0.8283
,,,,,,28739 | To improve writing skills and knowledge of children | 0.7746
,,,,,,28738 | To improve writing skills and knowledge in understanding and writing among students | 0.5811
,,,,,,28740 | To improve drawing skills and knowledge among children | 0.5445
,,,,,,28746 | To improve writing skills and knowledge among children | 0.7393
,,,,,,28747 | To improve writing skills and knowledge of children in understanding and writing | 0.7314
,,,,,,14987 | To create a quiet and distraction-free reading space at home for children to improve their reading habits | 0.8489
,,,,,,15004 | To create a dedicated reading space for children to improve their learning outcomes | 0.9167
,,,,,,28974 | To improve homework completion among children in Mattikere by providing support and guidance | 0.5588
,,,,,,15132 | To create a dedicated reading space for children to improve their learning outcomes | 0.9167
,,,,,,15104 | To create a dedicated reading space at home and establish a daily reading routine for children | 0.8769
,,,,,,19538 | To improve the Hindi writing skills of children up to 5th grade by correcting their spelling daily and providing homework | 0.64
,,,,,,15395 | To create awareness among parents about the importance of a dedicated reading space for children and provide them with simple and affordable ways to set it up | 0.8523
,,,,,,"14985 | To create a shared community reading area that is engaging and enjoyable for children, thereby improving their reading habits and overall learning experience. | 0.8022"
,,,,,,15009 | To create a dedicated reading space at home and establish regular reading habits among children | 0.8915
,,,,,,"12120 | To create a designated reading space for children in every home, promoting a love for reading and improving literacy skills. | 0.8586"
,,,,,,28840 | To create a dedicated space for children to practice reading at home with the help of parents | 0.8815
,,,,,,"15382 | To create a dedicated reading area in small, crowded homes, despite limited space, to improve children's reading and studying habits. | 0.8656"
,,,,,,15398 | To create a dedicated reading space at home for children to improve their reading habits | 0.9049
,,,,,,15405 | To create a dedicated reading space at home for children to improve their learning outcomes | 0.8947
,,,,,,19201 | To enhance the quality of education in government schools by creating reading corners and increasing community involvement | 0.6735
,,,,,,15468 | To create a dedicated reading space at home and encourage children to develop a regular reading habit | 0.8975
,,,,,,15471 | To create a dedicated reading space at home for children to improve their focus and learning | 0.9024
,,,,,,15498 | To create a dedicated reading space for children to improve focus and learning | 0.8957
,,,,,,15554 | To create a dedicated reading space at home for students to improve their reading habits | 0.8592
,,,,,,"14421 | To create a dedicated reading space for children in every home, fostering a love for reading and improving education outcomes | 0.8715"
,,,,,,15071 | To create a quiet and distraction-free reading space for children at home by providing them with basic reading kits and improved kits | 0.7963
,,,,,,20888 | To improve reading skills in children by developing a habit of studying regularly in the morning and evening | 0.7728
,,,,,,23676 | To improve the quality of education in Harisandra by increasing children's interest in reading and writing | 0.7522
,,,,,,28919 | To improve writing skills of children by practicing on the blackboard | 0.6217
,,,,,,28920 | To enhance writing skills of children by practicing on the blackboard with the help of old students | 0.6104
,,,,,,15400 | To create a dedicated reading space at home and encourage children to develop a daily reading habit | 0.8902
,,,,,,"15486 | To create a shared reading space for the community, promoting literacy and a love for reading among children and adults alike | 0.8036"
,,,,,,15394 | To create awareness among parents about the importance of having a dedicated reading space at home and provide them with simple and affordable ways to set it up. | 0.8129
,,,,,,"28424 | To encourage children to develop a habit of reading at home, thereby improving their academic performance | 0.8654"
,,,,,,28933 | To help students overcome exam fear by providing guidance on how to read and keep running notes | 0.5943
,,,,,,28934 | To improve student reading habits by providing a supportive environment | 0.78
,Water Resource Management and Access,"This theme encompasses initiatives focused on improving the availability, quality, and management of water resources for community benefit. It addresses both the provision of essential water services, such as clean drinking water and functional drainage, and the promotion of sustainable practices like water conservation and hygiene education.","water access,water quality,water management,hygiene,infrastructure,conservation,drainage,sanitation",Draft,57,"209 | To resolve the waterlogging issue in the school playground by improving the drainage system and leveling the ground, thereby ensuring uninterrupted use of the playground for sports and other activities. | 0.5326"
,,,,,,3699 | To address the issue of water stagnation in a house due to rains | 0.5666
,,,,,,3182 | To provide shelter from rain for students to sit and learn | 0.5962
,,,,,,28645 | To provide clean drinking water for children in the village | 0.8442
,,,,,,28646 | To clean the drain in front of the school by applying to the Gram Panchayat | 0.6057
,,,,,,14971 | To create awareness about water literacy and hygiene among the community | 0.7675
,,,,,,41615 | To provide drinking water to the villagers by installing a tap water system | 0.7794
,,,,,,41616 | To provide a water facility in Bahadag village | 0.6882
,,,,,,41620 | To solve the water supply issue in the village | 0.6909
,,,,,,41621 | To provide drinking water facility in the village | 0.7912
,,,,,,41671 | To provide drinking water facility in Gaanv Technia village | 0.6868
,,,,,,"41674 | To improve water infrastructure in Adhaura, Kaimur, Bhabhua, Bihar by addressing the lack of water and infrastructure | 0.6758"
,,,,,,41675 | To provide a reliable source of water for the community by installing a hand pump | 0.6025
,,,,,,"15326 | To educate the community on the importance of water conservation and proper hygiene practices, and to reduce water waste | 0.8316"
,,,,,,15439 | To create awareness about the importance of water and reduce wastage | 0.7325
,,,,,,15441 | To create awareness about the importance of water and reduce wastage | 0.7325
,,,,,,41336 | To enhance the library facilities by addressing the water system issue | 0.6485
,,,,,,16058 | To educate people about the importance of water and promote water conservation | 0.8295
,,,,,,16121 | To educate people about the importance of water and how to use it efficiently | 0.8427
,,,,,,16101 | To create awareness about water hygiene and its importance | 0.8143
,,,,,,16126 | To educate students about the importance of water conservation and provide them with resources to teach future generations | 0.7484
,,,,,,16127 | To educate people on how to use water in a useful manner so that it can be conserved for future generations and is eco-friendly | 0.8263
,,,,,,16107 | To educate people about the importance of water hygiene and awareness | 0.835
,,,,,,16144 | To educate and raise awareness about water conservation among community members | 0.7231
,,,,,,16145 | To educate people on how to use water efficiently | 0.8333
,,,,,,16220 | To educate students about the importance of water conservation and proper water usage | 0.7894
,,,,,,16228 | To educate people about the importance of water hygiene and conservation | 0.8477
,,,,,,"16229 | To educate people on the importance of water and its proper usage, addressing the lack of knowledge and waste of water | 0.8029"
,,,,,,16231 | To educate students about the importance of water conservation and its impact on the environment | 0.7038
,,,,,,16232 | To educate people on the importance of water conservation | 0.7894
,,,,,,29179 | To address water scarcity in Kerala by implementing a solution | 0.6494
,,,,,,8064 | To improve the cleanliness and sanitation of drinking water in the village | 0.8247
,,,,,,28978 | To address the water problem in the toilet by educating patrons and collaborating with the community and Gram Panchayat | 0.7378
,,,,,,16470 | To address the issue of water filling the Anganwadi during rains and find a solution to ensure a safe learning environment for children | 0.6946
,,,,,,3818 | To provide clean drinking water to students and staff at the school by installing a purification plant | 0.7877
,,,,,,18097 | To improve access to clean drinking water in Savaar Village by addressing the issue of dirty water from the Champa Chal | 0.723
,,,,,,16211 | To provide clean drinking water units in schools and colleges | 0.8812
,,,,,,3836 | To create awareness about cleanliness in the village | 0.6028
,,,,,,"29019 | To ensure the newly constructed toilet in Mattu Kere has a functional water supply, addressing the hygiene and sanitation needs of the community. | 0.6309"
,,,,,,16209 | To provide clean drinking water units in schools and colleges | 0.8812
,,,,,,16212 | To provide clean drinking water units in schools and colleges | 0.8812
,,,,,,18300 | To provide clean water for the children at the Anganwadi centre by fixing the pump | 0.7244
,,,,,,29117 | To provide clean drinking water units in schools and colleges | 0.8812
,,,,,,"29288 | To provide clean drinking water units in schools and colleges, improving the health and well-being of students and staff. | 0.8892"
,,,,,,16104 | To provide clean drinking water units in schools and colleges to improve student health and hygiene | 0.8745
,,,,,,29121 | To provide clean drinking water units in schools and colleges | 0.8812
,,,,,,29258 | To provide clean drinking water units in schools and colleges in Karnataka | 0.824
,,,,,,29260 | To provide clean drinking water units in schools and colleges to improve the health and well-being of students | 0.8779
,,,,,,29262 | To provide clean drinking water units in schools and colleges | 0.8812
,,,,,,29263 | To provide clean drinking water units in schools and colleges | 0.8812
,,,,,,29284 | To provide clean drinking water units in schools and colleges to improve student health and well-being | 0.8668
,,,,,,29291 | To provide clean drinking water units in schools and colleges | 0.8812
,,,,,,29293 | To provide clean drinking water units in schools and colleges to improve the health and well-being of students | 0.8779
,,,,,,29332 | To establish clean drinking water units in schools and colleges to provide students with access to safe and clean drinking water | 0.8569
,,,,,,"40161 | The objective of this micro-improvement is to provide a proper toilet facility for the students, which will improve their health and well-being. | 0.5581"
,,,,,,29567 | To clean the water tank by raising awareness among the community and seeking help from the Gram Panchayat | 0.7234
,,,,,,29571 | To provide clean drinking water for school children by working with the Gram Panchayat | 0.7845
,Enhancing Educational Resource Access and Literacy,"This theme encompasses initiatives aimed at broadening students' access to diverse educational materials, both physical and digital, and fostering a culture of reading and digital literacy. It includes the establishment, improvement, and modernization of libraries and learning spaces, alongside the integration of technology and digital safety education to create enriched learning environments.","educational resources,library access,literacy,digital learning,technology integration,reading habits,learning environment",Draft,53,59 | Improve access to modern educational resources | 0.6229
,,,,,,18 | Increase storage space for library books | 0.492
,,,,,,29 | To improve access to technology and resources for students in government schools | 0.689
,,,,,,41 | To enhance library accessibility and foster a love for reading among students | 0.7041
,,,,,,118 | To improve online classes by upgrading to 5G | 0.3372
,,,,,,98 | To educate children about safe internet practices | 0.5928
,,,,,,14891 | To address the challenge by creating a conducive reading environment and promoting library hours. | 0.7165
,,,,,,14894 | To revive the school library and improve reading habits among children | 0.7479
,,,,,,14895 | To revive the school library and encourage reading among children | 0.7784
,,,,,,16565 | To establish a library at school to improve students' access to educational resources | 0.8564
,,,,,,14962 | To create a community library that provides access to educational resources and promotes youth empowerment | 0.7353
,,,,,,41600 | To provide a library system for children to improve their education | 0.8913
,,,,,,41090 | To provide a better learning environment for children by improving library facilities | 0.8405
,,,,,,41245 | To improve children's education by designing a new model of libraries in schools | 0.7813
,,,,,,"41335 | To construct a library in Kolur, Bengaluru, to provide students with access to educational resources | 0.693"
,,,,,,41473 | To implement a library system and increase awareness and interest in education | 0.8172
,,,,,,"41477 | To provide innovative library facilities for children, increasing awareness and interest in education among parents and children | 0.823"
,,,,,,41483 | To create awareness about the importance of libraries among parents and children | 0.7576
,,,,,,49001 | To allocate a room for the library to improve access to educational resources | 0.8226
,,,,,,16342 | To improve digital literacy among students and empower them with computer skills | 0.6107
,,,,,,21178 | To provide computer education and promote creativity among rural children | 0.5886
,,,,,,"4218 | To educate teenagers about cyber crime and its harmful effects, and to promote digital literacy among them | 0.6043"
,,,,,,9386 | To provide computer education to children and empower them | 0.7163
,,,,,,3808 | To address the issue of no library by informing management | 0.5773
,,,,,,28769 | To create a clean and conducive learning environment for children by revitalizing the school library | 0.7847
,,,,,,16621 | To build a library in the school to improve access to educational resources | 0.8575
,,,,,,16625 | To raise funds for a library in a community with no library due to lack of funds | 0.5751
,,,,,,28980 | To make the library accessible to children during their free time | 0.7959
,,,,,,28397 | To ensure children have access to digital resources for learning | 0.7811
,,,,,,28983 | To encourage children to visit the library | 0.8073
,,,,,,16616 | To establish a library in Bengaluru to improve access to educational resources | 0.7222
,,,,,,28100 | To provide access to laptops for children | 0.6211
,,,,,,16575 | To establish a library in Bangalore by raising funds to address the lack of educational resources | 0.7012
,,,,,,27861 | To provide computer coding education to children despite the lack of a teacher | 0.5971
,,,,,,27864 | To address the lack of a computer coding teacher by taking the initiative to teach computer coding and promote creative activities among youth | 0.5269
,,,,,,4168 | To create awareness about cyber crimes and their prevention | 0.4125
,,,,,,12178 | To enhance computer literacy among children by providing them with access to computers at home and teaching them how to use them effectively. | 0.7062
,,,,,,3949 | To create awareness about cyber crimes and their prevention in the community | 0.4173
,,,,,,16586 | To raise funds for a library in a community with no library due to lack of funds | 0.5751
,,,,,,28903 | To improve the library infrastructure by solving the paperwork delay issue. | 0.5661
,,,,,,28904 | To provide toys for children in the library to enhance their learning experience | 0.7136
,,,,,,28905 | To provide toys for children in the library and create a welcoming environment for them | 0.6916
,,,,,,28906 | To provide children with access to computer technology in the library by teaching them how to use it properly | 0.8727
,,,,,,28907 | To provide children with access to computer technology in the library | 0.8691
,,,,,,28910 | To educate children about computer technology | 0.6873
,,,,,,3786 | To provide students with access to educational resources by setting up a library in the school | 0.8562
,,,,,,3895 | To educate students about the dangers of cyber crime and how to protect themselves | 0.5408
,,,,,,4055 | To create a library in Abhinaya school to improve student access to educational resources | 0.7072
,,,,,,28399 | To allow children to use laptops in the library for learning | 0.7996
,,,,,,28409 | To allow children to use laptops in the library | 0.7448
,,,,,,"28448 | To impart basic knowledge of computers to children, make them aware of coding, develop logical thinking and problem solving ability, increase interest in digital technology | 0.6274"
,,,,,,29685 | To educate patrons about library facilities and reduce mobile phone usage | 0.7324
,,,,,,29649 | To rekindle children's interest in visiting libraries through educational presentations and workshops | 0.7196
,Child Helpline Awareness in Karnataka Schools,"This theme encompasses initiatives aimed at increasing knowledge and understanding of the Child Helpline 1098 among students and within the educational institutions of Karnataka. The primary objective is to ensure children are informed about this vital support service for their safety and protection, thereby fostering a more secure environment within schools.","Child Helpline 1098,school awareness,child safety,Karnataka,educational outreach",Draft,52,"29241 | To create awareness about the Child Helpline 1098 in all government and aided schools in Karnataka, ensuring children have access to support and protection. | 0.9541"
,,,,,,29240 | To create awareness about Child Helpline 1098 in all government and aided schools in Karnataka | 0.9967
,,,,,,29236 | To raise awareness about Child Helpline 1098 in all government and aided schools in Karnataka | 0.9936
,,,,,,29238 | To raise awareness about child safety and the importance of the Child Helpline 1098 in all government and aided schools in Karnataka | 0.9331
,,,,,,29234 | To increase awareness about Child Helpline 1098 among students in Karnataka schools | 0.9593
,,,,,,29231 | To create awareness about the Child Helpline 1098 in all government and aided schools in Karnataka | 0.9968
,,,,,,29062 | To create awareness about Child Helpline 1098 in all government and aided schools in Karnataka | 0.9967
,,,,,,29064 | To create awareness about the Child Helpline 1098 in all government and aided schools in Karnataka | 0.9968
,,,,,,29065 | To create awareness about the Child Helpline 1098 in all government and aided schools in Karnataka | 0.9968
,,,,,,29066 | To create awareness about the Child Helpline 1098 in all government and aided schools in Karnataka | 0.9968
,,,,,,29067 | To create awareness about the Child Helpline 1098 in all government and aided schools in Karnataka | 0.9968
,,,,,,29068 | To create awareness about the Child Helpline 1098 in all government and aided schools in Karnataka | 0.9968
,,,,,,29071 | To create awareness about the Child Helpline 1098 in all government and aided schools in Karnataka | 0.9968
,,,,,,29072 | To raise awareness about child safety and the importance of the Child Helpline 1098 among students in Karnataka | 0.8967
,,,,,,29073 | To improve education in D B Kuppe by creating awareness about the Child Helpline 1098 | 0.7709
,,,,,,29139 | To raise awareness about the Child Helpline 1098 in all government and aided schools in Karnataka | 0.9945
,,,,,,29140 | To create awareness about the Child Helpline 1098 in all government and aided schools in Karnataka | 0.9968
,,,,,,29141 | To raise awareness about the Child Helpline 1098 among students in Karnataka schools | 0.9669
,,,,,,29228 | To raise awareness about child safety and the importance of the Child Helpline 1098 in all government and aided schools in Karnataka | 0.9331
,,,,,,29143 | To raise awareness about the Child Helpline 1098 among students in Karnataka schools | 0.9669
,,,,,,29144 | To raise awareness about the Child Helpline 1098 in all government and aided schools in Karnataka | 0.9945
,,,,,,29145 | To create awareness about the Child Helpline 1098 in all government and aided schools in Karnataka | 0.9968
,,,,,,29146 | To create awareness about Child Helpline 1098 in all government and aided schools in Karnataka | 0.9967
,,,,,,29147 | To raise awareness about Child Helpline 1098 in all government and aided schools in Karnataka | 0.9936
,,,,,,29148 | To create awareness about Child Helpline 1098 in all government and aided schools in Karnataka | 0.9967
,,,,,,29149 | To create awareness about Child Helpline 1098 in all government and aided schools in Karnataka | 0.9967
,,,,,,29150 | To create awareness about the Child Helpline 1098 in all government and aided schools in Karnataka | 0.9968
,,,,,,15987 | To educate students about the Child Helpline 1098 and raise awareness for their protection | 0.8098
,,,,,,16138 | To improve education in Gopalpur by creating awareness about Child Helpline 1098 | 0.8103
,,,,,,29052 | To create awareness about the Child Helpline 1098 in all government and aided schools in Karnataka | 0.9968
,,,,,,29054 | To create awareness about the Child Helpline 1098 in all government and aided schools in Karnataka | 0.9968
,,,,,,29055 | To create awareness about the Child Helpline 1098 in all government and aided schools in Karnataka | 0.9968
,,,,,,29056 | To create awareness about the Child Helpline 1098 in all government and aided schools in Karnataka | 0.9968
,,,,,,29058 | To create awareness about the Child Helpline 1098 in schools | 0.8603
,,,,,,29060 | To raise awareness about the Child Helpline 1098 in all government and aided schools in Karnataka | 0.9945
,,,,,,29233 | To create awareness about Child Helpline 1098 in all government and aided schools in Karnataka | 0.9967
,,,,,,29239 | To create awareness about Child Helpline 1098 in all government and aided schools in Karnataka | 0.9967
,,,,,,29347 | To raise awareness about the Child Helpline 1098 in all government and aided schools in Karnataka | 0.9945
,,,,,,29348 | To create awareness about the Child Helpline 1098 in all government and aided schools in Karnataka | 0.9968
,,,,,,29349 | To create awareness about the Child Helpline 1098 in all government and aided schools in Karnataka | 0.9968
,,,,,,29350 | To create awareness about Child Helpline 1098 in all government and aided schools in Karnataka | 0.9967
,,,,,,29351 | To create awareness about Child Helpline 1098 in all government and aided schools in Karnataka | 0.9967
,,,,,,32128 | To create awareness about Child Helpline 1098 in all government and aided schools in Karnataka | 0.9967
,,,,,,32118 | To create awareness about the Child Helpline 1098 in all government and aided schools in Karnataka | 0.9968
,,,,,,32121 | To create awareness about Child Helpline 1098 in all government and aided schools in Karnataka | 0.9967
,,,,,,32135 | To create awareness about the Child Helpline 1098 in all government and aided schools in Karnataka | 0.9968
,,,,,,32132 | To create awareness about the Child Helpline 1098 in all government and aided schools in Karnataka | 0.9968
,,,,,,32137 | To create awareness about Child Helpline 1098 in all government and aided schools in Karnataka | 0.9967
,,,,,,32122 | To create awareness about the Child Helpline 1098 in all government and aided schools in Karnataka | 0.9968
,,,,,,32127 | To enhance education by integrating child helpline awareness in schools | 0.7298
,,,,,,32130 | To create awareness about Child Helpline 1098 in all government and aided schools in Karnataka | 0.9967
,,,,,,32124 | To create awareness about Child Helpline 1098 in all government and aided schools in Karnataka | 0.9967
,Menstrual Health and Hygiene Education and Infrastructure,"This theme encompasses initiatives aimed at improving menstrual health and hygiene practices, particularly among women and adolescent girls in rural and school settings. It includes educational interventions to raise awareness, destigmatize menstruation, and promote healthy practices, alongside efforts to enhance the physical infrastructure necessary for proper hygiene.","menstrual hygiene,health education,sanitation,women's health,adolescent girls,school hygiene,rural health,stigma reduction",Draft,52,3210 | To improve the condition of the washrooms | 0.4523
,,,,,,13934 | To educate women and children about menstrual hygiene | 0.9229
,,,,,,3935 | To improve the health and hygiene of women in rural areas by providing them with information and resources to prevent infections and diseases | 0.6803
,,,,,,41127 | To create awareness about the benefits of using menstrual cups among rural women and adolescent girls | 0.7373
,,,,,,41360 | To educate adolescent girls about menstrual hygiene and provide them with the necessary resources to maintain their health and well-being | 0.9319
,,,,,,29304 | To improve menstrual hygiene and education for girls in government and aided schools | 0.8907
,,,,,,29302 | To improve menstrual hygiene in schools | 0.8813
,,,,,,29341 | To promote hygiene and education for girls by relaunching the Sanitary Napkin Scheme in government and aided schools | 0.7888
,,,,,,4264 | To address the issue of girls having to go home during menstruation by providing a solution for menstrual hygiene in schools | 0.8675
,,,,,,4287 | To educate children about menstruation and break the stigma surrounding it | 0.8023
,,,,,,4290 | To create awareness about menstrual hygiene among girls in school | 0.8999
,,,,,,4295 | To educate adolescent girls about menstrual health and adolescence | 0.8115
,,,,,,9524 | To educate women about the importance of education and menstruation | 0.7989
,,,,,,3820 | To improve school hygiene by implementing rules and raising awareness among students and staff | 0.649
,,,,,,13755 | To educate school children and women about menstrual health and hygiene | 0.9208
,,,,,,13765 | To create awareness about menstrual health and hygiene among school children and women | 0.8959
,,,,,,9538 | To educate women and teenagers about menstruation and its importance | 0.8346
,,,,,,29089 | To relaunch the Sanitary Napkin Scheme in government and aided schools in Karnataka | 0.5835
,,,,,,15978 | To promote menstrual hygiene and provide sanitary napkins to girls in government and aided schools | 0.87
,,,,,,29092 | To improve menstrual hygiene and education among girls in government and aided schools by relaunching the Sanitary Napkin Scheme | 0.8672
,,,,,,29093 | To relaunch the Sanitary Napkin scheme in government and aided schools to promote women's health and education | 0.7534
,,,,,,4176 | To educate girls about menstruation and its importance | 0.8518
,,,,,,16100 | To improve menstrual hygiene among school girls by relaunching the Sanitary Napkin scheme | 0.8293
,,,,,,4144 | To provide adolescent girls with information about adolescent health problems and address the shortage of teachers in the school | 0.6189
,,,,,,4008 | To create a safe space for girls to discuss menstruation and take charge of their own issues | 0.7526
,,,,,,4226 | To educate women and girls about menstrual hygiene and social issues | 0.9171
,,,,,,4293 | To provide adolescent girls with information on sexuality and menstrual hygiene | 0.7852
,,,,,,"4297 | To educate and empower teenage girls about menstruation, hygiene, and cleanliness, addressing shame and hesitation related to the topic | 0.8179"
,,,,,,13759 | To educate children about menstrual health and hygiene | 0.9126
,,,,,,4199 | To educate teenage girls about the importance of menstrual hygiene and provide them with the necessary knowledge to maintain cleanliness during menstruation | 0.9016
,,,,,,13915 | To address menstrual problems of women through education | 0.8078
,,,,,,"29108 | To provide sanitary napkins to girls in government and aided schools, promoting hygiene and education | 0.758"
,,,,,,29109 | To improve menstrual hygiene and education for girls in government and aided schools | 0.8907
,,,,,,15968 | To promote menstrual hygiene and support girls | 0.8707
,,,,,,"4179 | To provide information to girls about adolescent health and menstruation, addressing the problem of lack of awareness and shame surrounding the topic | 0.7457"
,,,,,,4166 | To create a safe space for girls to discuss menstruation openly and address their hesitation | 0.7094
,,,,,,3894 | To create awareness about periods among women and adolescents in the village | 0.7384
,,,,,,13933 | To educate women about menstrual hygiene and its importance | 0.912
,,,,,,29353 | To improve menstrual hygiene and education for girls in government and aided schools | 0.8907
,,,,,,29352 | To promote menstrual hygiene and education for girls in government and aided schools by relaunching the Suchi Kit scheme | 0.7709
,,,,,,4300 | To educate girls and women about menstrual health and hygiene in rural Bihar | 0.805
,,,,,,28921 | To create awareness about menstrual hygiene in Sherghatti Village | 0.7159
,,,,,,3937 | To improve the health and hygiene of women in the community | 0.6987
,,,,,,13762 | To educate children about menstrual health and hygiene | 0.9126
,,,,,,13767 | To educate school children and women about menstrual health and hygiene | 0.9208
,,,,,,15971 | To improve menstrual hygiene and school attendance among girls | 0.8708
,,,,,,15973 | To promote menstrual hygiene and support girls | 0.8707
,,,,,,16364 | To educate girls about menstrual hygiene and promote healthy practices | 0.9416
,,,,,,4145 | To help a girl with menstrual health issues | 0.7558
,,,,,,13748 | To educate school children and women about menstrual health and hygiene | 0.9208
,,,,,,34642 | To promote menstrual hygiene and health among students in government and aided schools by relaunching the Sanitary Napkin Scheme | 0.8449
,,,,,,"32811 | To provide sanitary napkins to female students in government and aided schools, promoting menstrual hygiene and education | 0.8243"
,Empowerment and Awareness through Education for Women and Children,"This theme encompasses initiatives focused on leveraging education as a primary tool for empowering women and children, fostering their agency, and enabling them to overcome societal barriers and personal challenges. It also includes raising awareness about critical issues such as health, safety, drug use, and the broader societal importance of education, with a particular emphasis on community-level impact and participatory action.","women's empowerment,child empowerment,education advocacy,health awareness,drug prevention,community development,societal barriers,awareness campaigns",Draft,51,28616 | To empower women and children through education and raise awareness about its importance | 0.8837
,,,,,,7633 | To create awareness about the effects of drug use and promote a drug-free environment through a campaign led by women from the education center | 0.7322
,,,,,,28571 | To empower women through education and help them overcome societal barriers | 0.8775
,,,,,,4129 | To empower women through education and provide a platform for them to share their problems and find solutions | 0.8509
,,,,,,14937 | To address the lack of toilets in the community by empowering women to take action and work with local government | 0.6422
,,,,,,3764 | To create awareness about women | 0.8281
,,,,,,41447 | To discuss education with women and children | 0.7417
,,,,,,48923 | To empower women and children through education and make them aware of its importance | 0.886
,,,,,,7600 | To create awareness about the dangers of drug use and promote a drug-free community | 0.4923
,,,,,,7459 | To improve the health and safety of children and women in the community by raising awareness through a door-to-door campaign | 0.6532
,,,,,,7129 | To educate women and promote education reform | 0.836
,,,,,,9368 | To educate women about the importance of education and health | 0.8421
,,,,,,4801 | To raise awareness about physical health among women in the community | 0.6652
,,,,,,4803 | To empower women to participate and teach at children | 0.8408
,,,,,,5910 | To empower women through education and raise awareness about the importance of education in overcoming unemployment | 0.7872
,,,,,,7616 | To create a drug-free environment through awareness and community engagement | 0.4575
,,,,,,7462 | To create awareness about health issues among the community through free health check-ups and discussions | 0.4216
,,,,,,16451 | To enhance women's skills | 0.7544
,,,,,,9433 | To educate women about the importance of education and health | 0.8421
,,,,,,"9456 | To educate women, children, and adolescents about the importance of education and health, and to provide them with the necessary resources and support to improve their lives. | 0.8274"
,,,,,,16461 | To empower women by providing craft making training and enhancing their skills | 0.6888
,,,,,,9467 | To educate women about the importance of education and health | 0.8421
,,,,,,10158 | To teach women about physical safety | 0.6855
,,,,,,18297 | To empower women in the village by providing them with access to education and promoting self-reliance | 0.8075
,,,,,,4187 | To help women with their health problems | 0.7429
,,,,,,"11124 | To address the shortage of teachers by leveraging the skills of women at the education center, ensuring continuity of education for children. | 0.7254"
,,,,,,11101 | To educate and empower women against child marriage through door-to-door awareness campaigns | 0.6333
,,,,,,11113 | To educate and empower women against child marriage through door-to-door awareness campaigns | 0.6333
,,,,,,"16481 | To educate and empower women in rural areas, promoting their participation in society and improving their overall well-being | 0.8313"
,,,,,,13180 | To empower women leaders in the community to take charge of their children | 0.7246
,,,,,,9635 | To empower women through education and reduce unemployment | 0.7993
,,,,,,16462 | To educate women about government schemes and empower them | 0.7987
,,,,,,15261 | To empower women through education and support | 0.8869
,,,,,,4092 | To empower women by providing them with knowledge and skills to improve their lives and the lives of their children | 0.8755
,,,,,,3914 | To conduct a health campaign for the people of the community in our Gram Panchayat | 0.4464
,,,,,,3857 | To create awareness among women in the community about the importance of education and to dispel traditional notions that hinder their progress | 0.7972
,,,,,,15283 | To empower women through education and make them self-sufficient | 0.8457
,,,,,,13892 | To educate the community about the dangers of smoking and promote a drug-free lifestyle through awareness campaigns and programs. | 0.5446
,,,,,,7650 | To create a drug-free environment by conducting a workshop campaign | 0.345
,,,,,,12513 | To empower women through education and create a reading corner for children | 0.8012
,,,,,,"13671 | To empower women and provide separate study spaces for children, enhancing their educational experience and promoting a culture of learning. | 0.8071"
,,,,,,16024 | To empower women in the village by discussing their health issues and village sanitation | 0.7396
,,,,,,3863 | To provide job training to unemployed women and empower them to take up local job opportunities | 0.6684
,,,,,,13916 | To improve the health of the community by organizing medical camps and increasing awareness | 0.4925
,,,,,,19207 | To educate illiterate women about government schemes and help them get their children educated | 0.7245
,,,,,,22044 | To empower women and teenagers through education and awareness | 0.8565
,,,,,,4146 | To improve women's health and well-being | 0.7499
,,,,,,12806 | To create awareness about women safety among the community | 0.7119
,,,,,,29230 | To raise awareness about the importance of education and the role of women leaders in driving change | 0.6448
,,,,,,30439 | To increase awareness among women about the importance of education | 0.7931
,,,,,,40398 | To increase awareness and participation of women in their children | 0.8298
,Establishing Conducive Home Study Environments,"This theme encompasses the creation and provision of dedicated, separate, and supportive physical spaces within the home specifically designed for children's academic study and learning. It emphasizes the importance of such environments in fostering student ownership, improving academic performance, and enhancing overall educational outcomes and well-being, often involving parental awareness and participation.","study space,home learning environment,academic support,student well-being,parental involvement",Draft,51,"139 | To create a collaborative learning environment where students take ownership of their learning, with the support of teachers and parents. | 0.6449"
,,,,,,7435 | To provide a dedicated space for children to study and improve their academic performance | 0.8752
,,,,,,6863 | To provide a separate study space for children | 0.917
,,,,,,8111 | To provide a separate space for children to study | 0.928
,,,,,,3866 | To create a dedicated study space for children to improve their learning environment | 0.9237
,,,,,,6012 | To create a separate study space for children at home to improve their learning environment | 0.9178
,,,,,,"3898 | To assign a dedicated study space for all children, ensuring they have a conducive environment to learn and grow. | 0.8584"
,,,,,,6238 | To create a dedicated space for children to study at home | 0.9361
,,,,,,13206 | To create a separate space for children to study at home by raising awareness among parents | 0.8658
,,,,,,13209 | To create a dedicated space for children to study at home by informing parents and making space available | 0.9047
,,,,,,7235 | To create a separate study space for children to improve their learning environment | 0.9266
,,,,,,7287 | To create a separate and conducive space for children to study at home | 0.9269
,,,,,,"4964 | To provide a dedicated space for children to study and learn, improving their educational outcomes and overall well-being. | 0.7884"
,,,,,,6247 | To create a dedicated study space for children at home | 0.9325
,,,,,,6123 | To create a separate space for children to study at home | 0.9459
,,,,,,6240 | To create a separate space for children to study at home | 0.9459
,,,,,,14919 | To create a student-centered learning environment where each student's needs are met and they are encouraged to learn and grow | 0.6678
,,,,,,6840 | To create a separate space for children to study and improve their learning environment | 0.9337
,,,,,,6006 | To create a separate study space for children at home | 0.9352
,,,,,,"6138 | To provide a dedicated space for children to study and read, improving their learning environment and outcomes | 0.886"
,,,,,,6629 | To create a separate study space for children at home | 0.9352
,,,,,,6842 | To create a conducive environment for children to study by providing separate study spaces | 0.8943
,,,,,,"6901 | To provide a separate space for children to study, enhancing their learning experience and academic performance | 0.8907"
,,,,,,7053 | To create a separate space for children to study at home | 0.9459
,,,,,,7135 | To create a separate space for children to study at home by discussing and winning the case for it | 0.8656
,,,,,,7112 | To create a separate space for children to study at home | 0.9459
,,,,,,15011 | To create a dedicated study space in small homes for better learning outcomes | 0.8112
,,,,,,29280 | To improve science education by setting up a science lab and providing hands-on experiments for students | 0.5141
,,,,,,10016 | To create a separate study space for children at home | 0.9352
,,,,,,10160 | To provide a proper study environment for children and educate parents on guiding their children | 0.7823
,,,,,,13339 | To create a separate space for children to study | 0.9524
,,,,,,4201 | To address the lack of space in Chhapra school and improve education for students | 0.6103
,,,,,,6129 | To create a separate space for children to study in their homes | 0.9509
,,,,,,12219 | To provide a separate space for children to study | 0.928
,,,,,,8118 | To provide a separate space for children to study | 0.928
,,,,,,13945 | To create a separate space for children to study at home | 0.9459
,,,,,,15550 | To create a study-friendly environment in households by educating children and parents on the importance of dedicated study spaces and quiet time. | 0.8111
,,,,,,9397 | To create a separate study space for children in their homes | 0.9511
,,,,,,12847 | To provide a separate space for children to study by discussing and winning the case for it | 0.7832
,,,,,,4962 | To provide a dedicated space for children to study and learn | 0.8832
,,,,,,3915 | To create a designated study space for children | 0.8989
,,,,,,"3901 | To create a conducive learning environment by designating a study space for children, thereby improving their focus and academic performance. | 0.8794"
,,,,,,15389 | To create a conducive study environment for children by encouraging families to dedicate a small corner of their house for study and providing basic study materials. | 0.8445
,,,,,,13885 | To create a separate space for children to study at home and improve their learning environment | 0.9201
,,,,,,3899 | To create a designated study space for children to improve their learning experience | 0.886
,,,,,,13912 | To provide a separate space for children to study | 0.928
,,,,,,14978 | To create a dedicated study space for children from low-income families who lack proper furniture and space at home | 0.8451
,,,,,,13884 | To create a separate space for children to study at home | 0.9459
,,,,,,16025 | To create a study-friendly environment for children in the community | 0.7801
,,,,,,10021 | To create a separate study space for children | 0.9253
,,,,,,"3906 | To provide a dedicated space for children to study and learn, thereby improving their academic performance and overall development | 0.865"
,Community-Centered Educational Enhancement,"This theme encompasses initiatives aimed at improving educational quality, access, and outcomes within specific communities. It focuses on holistic development by addressing systemic issues in educational institutions, fostering community engagement, and providing targeted learning support to empower individuals and elevate overall educational standards.","educational improvement,community development,access to education,quality of education,learning environments,teacher training,student support,digital literacy,parental engagement",Draft,48,7 | To improve education | 0.8907
,,,,,,12 | To reduce the use of abusive language | 0.4052
,,,,,,158 | To improve education and digital literacy in communities | 0.6556
,,,,,,"117 | To address the challenges faced by government schools, including infrastructure, teaching quality, and access to resources, by implementing various initiatives such as infrastructure improvement, teacher training, curriculum overhaul, government schemes, and community engagement. | 0.7497"
,,,,,,"14896 | To bring the community together and provide quality education to all students, thereby improving the overall educational standards in the area | 0.8436"
,,,,,,2968 | To create a community learning hub that provides equal access to learning for all members of the community. | 0.5728
,,,,,,8946 | To improve education in the school or community. | 0.8872
,,,,,,3200 | To improve the education system by providing better infrastructure and qualified teachers | 0.8233
,,,,,,4188 | To improve the education quality in government schools and change the mindset of parents towards government schools | 0.656
,,,,,,41553 | To improve the quality of education in government schools and increase enrollment | 0.8017
,,,,,,"28684 | The objective of this micro-improvement is to address the demand for general knowledge and language subjects in the community by providing tuition classes that focus on building strong basics in these subjects. This will help students improve their awareness, confidence, and thinking skills, and also improve their reading, writing, and communication skills. The tuition classes will be conducted in a simple, patient, and student-friendly manner, with regular practice and revision given importance. | 0.6219"
,,,,,,41586 | To improve the education system by working together with teachers and the community | 0.8637
,,,,,,40631 | To improve education in the community | 0.9507
,,,,,,40661 | To enhance education by providing training and overcoming challenges | 0.7265
,,,,,,40769 | To improve education in the community by addressing the electricity problem at home. | 0.6691
,,,,,,41010 | To improve education in the community | 0.9507
,,,,,,41078 | To improve education in the community | 0.9507
,,,,,,"41142 | The objective of this micro-improvement is to increase awareness and access to education among women and children in the community, and to empower them to take charge of their own education. | 0.687"
,,,,,,41170 | To improve education by fixing roads | 0.7002
,,,,,,"41189 | To improve education in government schools by providing free education, hot meals, and English medium system, and to improve drinking water and toilet facilities. | 0.7776"
,,,,,,41289 | To improve the quality of education in government schools by increasing awareness among parents and the community about the benefits of government schools over private schools. | 0.7581
,,,,,,41443 | To promote education among community members | 0.8086
,,,,,,41504 | To improve education in the community | 0.9507
,,,,,,"24554 | To improve general knowledge and language skills of students in the community through tuition classes, addressing the lack of interest in studies and demand for language subjects. | 0.6417"
,,,,,,16517 | To improve the quality of education in government schools and increase enrollment | 0.8017
,,,,,,4552 | To improve the quality of education in government schools and increase parental trust | 0.7215
,,,,,,4720 | To improve education for children in the community by motivating them to study well | 0.8196
,,,,,,4186 | To improve the education system in government schools and increase parental involvement | 0.7222
,,,,,,6390 | To provide education to every person in the community | 0.8368
,,,,,,28743 | To address the infrastructure challenges faced by students in schools and communities through collaborative efforts and leadership skills. | 0.6648
,,,,,,7845 | To improve education in the community | 0.9507
,,,,,,16844 | To improve the quality of education in government schools in Harisandra | 0.6778
,,,,,,15185 | To improve the education of children in the community | 0.9012
,,,,,,15092 | To improve education in the community | 0.9507
,,,,,,28813 | To emphasize the importance of education in our lives and encourage community members to pursue it at least till 12th standard | 0.727
,,,,,,4124 | To improve the economic situation of the community by providing access to education | 0.8233
,,,,,,16218 | To improve education in the community | 0.9507
,,,,,,29003 | To improve road conditions in Bangalore by working with the local government and community | 0.4338
,,,,,,3304 | To improve the road to the school by working together as a community | 0.7733
,,,,,,7445 | To improve education in the community | 0.9507
,,,,,,7804 | To empower the community through education | 0.842
,,,,,,17597 | To improve the education system in government schools by ensuring teachers are present and monitoring students | 0.738
,,,,,,16344 | To improve the quality of education in government schools and change people's perceptions about it | 0.7794
,,,,,,4550 | To improve the quality of education in government schools and increase parental trust | 0.7215
,,,,,,29689 | To address the challenge through discussions and small changes | 0.3985
,,,,,,38332 | To enhance education by integrating community support and encouraging children to study hard | 0.7849
,,,,,,36313 | To improve education in the community by ensuring all children attend school | 0.8913
,,,,,,40427 | To improve education by addressing health issues | 0.6898
,Holistic Child Development Through Extracurricular Engagement,"This theme encompasses initiatives aimed at fostering well-rounded development in children by actively promoting their engagement in a diverse range of extracurricular activities. It focuses on enhancing physical, cultural, and social-emotional competencies, while also addressing barriers to participation and enriching the overall educational experience.","extracurricular activities,child development,holistic education,student engagement,cultural programs,physical activity,social-emotional learning",Draft,43,5000 | To increase children's participation in extracurricular activities | 0.7652
,,,,,,40678 | To introduce children to current sports and promote physical activity and teamwork | 0.686
,,,,,,29297 | To encourage children to participate in extracurricular activities by educating parents and teachers about its importance | 0.758
,,,,,,41128 | To promote unity and inclusivity among children of different religions during the entrance festival | 0.6444
,,,,,,5509 | To increase interest in cultural programs among students | 0.6628
,,,,,,5574 | To promote cultural awareness and education among children through organized programs | 0.809
,,,,,,"21152 | To provide equal opportunities for government school children to learn coding and dance, despite the lack of resources and teachers | 0.6242"
,,,,,,4278 | To celebrate Grandparents Day and strengthen the bond between grandparents and children | 0.6272
,,,,,,14887 | To increase children's participation in cultural programs | 0.9051
,,,,,,"4296 | To improve the school experience for children by introducing engaging activities and celebrations, addressing the issue of despondency and fear among them | 0.6955"
,,,,,,5575 | To increase cultural programs and encourage children to read | 0.7808
,,,,,,4752 | To educate children about patriotic songs and Independence Day celebrations | 0.6979
,,,,,,4757 | To improve children participation in programs | 0.7993
,,,,,,4753 | To increase participation of children in school activities | 0.8329
,,,,,,5396 | To increase participation of children in cultural programs | 0.8903
,,,,,,5409 | To organize cultural programs for children and encourage their participation | 0.8798
,,,,,,5570 | To enhance education by integrating cultural programs that encourage children to learn through the arts | 0.7415
,,,,,,16610 | To motivate children to stop playing with animals and focus on their education | 0.6572
,,,,,,5576 | To encourage children to read by organizing cultural programs and discussions | 0.7622
,,,,,,10189 | To increase interest in cultural programs among children | 0.8129
,,,,,,4084 | To promote education and community involvement by celebrating Grandparents Day | 0.7483
,,,,,,5061 | To increase children's participation in other activities | 0.8628
,,,,,,5073 | To organize a cultural program for children to promote cultural awareness and education | 0.8045
,,,,,,4268 | To organize a Grandparents Day event and promote respect for elderly grandparents | 0.5511
,,,,,,4920 | To encourage children to participate in other programs | 0.8311
,,,,,,4922 | To educate children about the importance of Independence Day and promote patriotism | 0.6532
,,,,,,5021 | To celebrate Independence Day with children and educate them about its importance | 0.6727
,,,,,,12779 | To increase participation in cultural activities by teaching children a dance for Independence Day | 0.7612
,,,,,,12790 | To increase awareness and participation in cultural activities among children | 0.8341
,,,,,,15512 | To increase children's interest in cultural programs | 0.8673
,,,,,,16017 | To celebrate Children | 0.7256
,,,,,,"28889 | To promote physical fitness, healthy habits, and holistic development among school-going children through organized sports activities | 0.6407"
,,,,,,4147 | To organize a Grandparents Day program at Middle School Harpur to increase parental involvement and community engagement | 0.6896
,,,,,,13686 | To increase cultural activity in the community by organizing events for children | 0.835
,,,,,,4069 | To celebrate Grandparents Day in school and break the hesitation among children | 0.746
,,,,,,4053 | To celebrate Grandparents Day and promote education in the community | 0.7608
,,,,,,13680 | To increase cultural activities for children by teaching them dance | 0.7448
,,,,,,15699 | To celebrate Children's Day | 0.7415
,,,,,,13881 | To increase awareness about cultural programs among children | 0.823
,,,,,,4928 | To increase children's participation in educational programs by engaging them in patriotic activities | 0.7967
,,,,,,5067 | To bring children together and encourage participation in community programs. | 0.8017
,,,,,,29272 | To enhance leadership quality in students by providing them with engaging activities and encouraging positive behavior | 0.4629
,,,,,,40467 | To provide educational and recreational activities to underprivileged children and encourage their participation in learning | 0.8016
,Community Waste Management Enhancement,"This theme encompasses initiatives and research focused on improving the systems and practices of waste management within a community setting. It aims to address the multifaceted challenges associated with waste generation, collection, processing, and disposal, with a particular emphasis on mitigating adverse health and environmental consequences.","waste management,community health,environmental impact,sustainability,public health",Draft,41,75 | Improving waste management in the community | 0.9562
,,,,,,74 | To improve waste management in the community and reduce its negative impacts on health and the environment. | 0.9199
,,,,,,76 | Improve waste management in the community | 0.9538
,,,,,,89 | To improve waste management in the community | 0.9882
,,,,,,86 | To improve waste management in the community and reduce health risks | 0.9402
,,,,,,77 | To improve waste management in the community | 0.9882
,,,,,,101 | To improve waste management in the community | 0.9882
,,,,,,78 | Improve waste management in the community | 0.9538
,,,,,,79 | To improve waste management in the community | 0.9882
,,,,,,105 | Improve waste management in the community | 0.9538
,,,,,,80 | To improve waste management in the community | 0.9882
,,,,,,81 | To improve the health and well-being of the community by addressing the issue of poor waste management. | 0.887
,,,,,,87 | To improve waste management in the community | 0.9882
,,,,,,90 | To improve waste management in the community and reduce health risks and environmental degradation. | 0.934
,,,,,,82 | To improve waste management in the community | 0.9882
,,,,,,70 | Improve waste management in the community | 0.9538
,,,,,,83 | To improve waste management in the community | 0.9882
,,,,,,71 | To improve waste management in the community | 0.9882
,,,,,,72 | To improve waste management in the community | 0.9882
,,,,,,84 | Improve waste management in the community | 0.9538
,,,,,,88 | Improve waste management in the community | 0.9538
,,,,,,73 | To improve waste management in the community | 0.9882
,,,,,,85 | To improve waste management in the community | 0.9882
,,,,,,92 | To improve waste management in the community | 0.9882
,,,,,,93 | To improve waste management in the community and create a healthier environment for the students and residents. | 0.8852
,,,,,,94 | To improve waste management in the community | 0.9882
,,,,,,95 | Improve waste management in the community | 0.9538
,,,,,,96 | To improve waste management in the community | 0.9882
,,,,,,97 | Improve waste management in the community | 0.9538
,,,,,,100 | To improve waste management in the community and reduce the health risks and environmental degradation associated with poor waste management. | 0.9264
,,,,,,"14956 | To address the issue of waste management in the village by converting waste into useful products, thereby promoting environmental conservation and community service | 0.8412"
,,,,,,14960 | To reduce the use of plastic in the community and promote a cleaner environment | 0.6325
,,,,,,14957 | To reduce plastic use in the village by educating and engaging the community | 0.6146
,,,,,,14958 | To solve the problem of plastic waste | 0.636
,,,,,,14959 | To reduce plastic waste in Ganjigatti village and promote a cleaner environment through community engagement and education | 0.7235
,,,,,,14961 | To reduce plastic waste in Ganjigatti village by collecting and reusing plastic materials | 0.6294
,,,,,,16557 | To solve the problem of garbage disposal in the city and create awareness about cleanliness | 0.7637
,,,,,,41093 | To improve school sanitation by providing a dustbin for children to throw garbage | 0.5986
,,,,,,23893 | To solve the garbage problem in front of the school by raising awareness among students and arranging garbage bins | 0.6396
,,,,,,11268 | To address the lack of understanding about proper garbage disposal in the community | 0.7048
,,,,,,17311 | To solve the problem of dirt | 0.445
,School Infrastructure Enhancement and Beautification,"This theme encompasses initiatives focused on improving the physical environment of educational institutions, primarily through aesthetic enhancements like painting and addressing structural needs such as building repairs. The overarching goal is to create a more conducive, inspiring, and functional learning space that positively impacts student engagement, attendance, and overall school development.","school infrastructure,beautification,painting,learning environment,student engagement,school development",Draft,38,28702 | To encourage the art of students by organizing a painting competition and distributing prizes | 0.6988
,,,,,,3286 | To solve the school building construction problem by discussing with the principal | 0.5419
,,,,,,3835 | To address the lack of trees around the school by planting new ones | 0.6421
,,,,,,28648 | To get the school rooms painted by involving the children in the decision-making process and finding alternative solutions when the SDMC didn't take responsibility | 0.6257
,,,,,,14936 | To improve the lighting in schools and create a better learning environment | 0.6781
,,,,,,"15378 | To improve the cleanliness and aesthetic appeal of the school, thereby increasing student enrollment and attendance, and inspiring alumni to contribute to the school's development | 0.7013"
,,,,,,28701 | To encourage the art of students by organizing a painting competition and distributing prizes | 0.6988
,,,,,,16237 | To improve the infrastructure of the government school by painting the walls in a creative way | 0.9206
,,,,,,16238 | To improve the infrastructure of a government school by painting its walls and creating a conducive learning environment for students. | 0.9214
,,,,,,16241 | To improve the infrastructure of the government school by painting its walls and making it look well-structured | 0.893
,,,,,,"16244 | To improve the infrastructure of the school by painting the walls, thereby creating a better learning environment for the students | 0.9391"
,,,,,,16310 | To improve the infrastructure of government schools by painting the walls and making the structure look better | 0.9005
,,,,,,"16312 | To improve the infrastructure of the school by painting the walls, making it more conducive for students to learn and be encouraged. | 0.9322"
,,,,,,"16316 | To improve the school infrastructure by painting and improving the walls, providing a better learning environment for students | 0.9262"
,,,,,,16317 | To improve the infrastructure of the school by painting the walls and making it look attractive to the students | 0.9621
,,,,,,16319 | To improve the infrastructure of government schools by painting the walls and making them more attractive for students | 0.9254
,,,,,,16321 | To solve the challenge of dirty walls in the government school by cleaning and painting them with creativity | 0.7984
,,,,,,16326 | To improve the infrastructure of the school by painting the walls and making it attractive for the students | 0.961
,,,,,,16327 | To clean and paint the walls of a school and create something new on them | 0.8506
,,,,,,16329 | To improve the hygiene and appearance of the school by painting the walls | 0.8385
,,,,,,"16330 | To improve the infrastructure of government schools by painting and cleaning, thereby creating a positive environment for students. | 0.8977"
,,,,,,16335 | To improve the school infrastructure and create an attractive learning environment for students | 0.7123
,,,,,,16337 | To improve the infrastructure of the government school by painting the walls in a creative manner | 0.9145
,,,,,,7442 | To improve the cleanliness and greenery around the school by planting trees and maintaining the campus | 0.6587
,,,,,,28770 | To encourage students to participate in essay and painting activities and develop their creative skills | 0.6774
,,,,,,28771 | The objective of this micro-improvement is to encourage students to develop their artistic skills through painting competitions. | 0.627
,,,,,,"22731 | To solve the challenge of preserving, protecting, and nourishing the environment by planting saplings and taking care of them. | 0.3375"
,,,,,,14471 | To improve the school infrastructure by painting the school | 0.9472
,,,,,,4706 | To educate children about painting and art | 0.7284
,,,,,,7468 | To improve the school building and make it a comfortable place for students to learn. | 0.7527
,,,,,,"14446 | To improve the school infrastructure by painting the school building, providing a conducive learning environment for students. | 0.9207"
,,,,,,14468 | To improve the educational infrastructure by painting the school | 0.934
,,,,,,14472 | To improve the school infrastructure by painting the school | 0.9472
,,,,,,14473 | To improve the school infrastructure by painting the school | 0.9472
,,,,,,8081 | To teach children about painting and promote creativity | 0.6835
,,,,,,14465 | To improve the infrastructure of the school by painting it | 0.9397
,,,,,,14444 | To improve the school infrastructure by painting the school building | 0.9359
,,,,,,"14399 | To improve the school infrastructure by painting the school walls, thus providing a better learning environment for the students. | 0.9298"
,Establishing Dedicated Children's Reading Spaces,"This theme encompasses initiatives aimed at creating specific physical environments, whether in public community spaces or within individual homes, dedicated to fostering children's reading habits. The objective is to provide accessible and conducive settings that promote literacy development, educational engagement, and a love for reading among young individuals.","reading spaces,children's literacy,home reading corners,community reading areas,educational environments",Draft,37,12518 | To create a designated reading space for children in our town | 0.9655
,,,,,,12046 | To create a designated reading space for children in every home in the town | 0.9973
,,,,,,13188 | To create a designated reading space for children in every home in the town | 0.9973
,,,,,,13239 | To create a designated reading space or reading corner for children in every home in the town | 0.9596
,,,,,,13230 | To create a designated reading space for children in every home in the town | 0.9973
,,,,,,13242 | To create a designated reading space for children in every home in the town | 0.9973
,,,,,,12510 | To create a designated reading space for children in our town | 0.9655
,,,,,,"12093 | To create a dedicated space for children to read and write in their homes, promoting literacy and education in the village | 0.8049"
,,,,,,13261 | To create a designated reading space or reading corner for children in every home in the town | 0.9596
,,,,,,"12505 | To create a designated reading space for children in the village, promoting education and literacy. | 0.8379"
,,,,,,13264 | To create a designated reading space for children in every home in the town | 0.9973
,,,,,,12514 | To create a designated reading space for children in our town | 0.9655
,,,,,,15516 | To create a designated reading space for children in every home in the town | 0.9973
,,,,,,12142 | To create a designated reading space for children in every home in the town | 0.9973
,,,,,,13707 | To create a designated reading space for children in every home in the town | 0.9973
,,,,,,14398 | To create a designated reading space for children in every home in the town | 0.9973
,,,,,,12131 | To create a designated reading space or reading corner for children in every home in the town | 0.9596
,,,,,,12139 | To create a designated reading space for children in every home in our town | 0.9907
,,,,,,"15485 | To create a reading corner in a crowded community where children can read and learn, despite the lack of available space | 0.8262"
,,,,,,15524 | To create a designated reading space or reading corner for children in every home in the town | 0.9596
,,,,,,14416 | To create a designated reading space for children in every home in the town | 0.9973
,,,,,,14423 | To create a designated reading space for children in every home in the town | 0.9973
,,,,,,14418 | To create a designated reading space for children in every home in the town | 0.9973
,,,,,,14485 | To create a designated reading space for children in every home in the town | 0.9973
,,,,,,14493 | To create a designated reading space for children in every home in the town | 0.9973
,,,,,,14419 | To create a designated reading space for children in every home in the town | 0.9973
,,,,,,13735 | To create a designated reading space for children in every home in the town | 0.9973
,,,,,,15525 | To create a designated reading space for children in every home in the town | 0.9973
,,,,,,14395 | To create a designated reading space for children in every home in the town | 0.9973
,,,,,,14400 | To create a designated reading space for children in every home in the town | 0.9973
,,,,,,14406 | To create a designated reading space for children in every home in the town | 0.9973
,,,,,,14424 | To create a designated reading space for children in every home in the town | 0.9973
,,,,,,14480 | To create a designated reading space for children in every home in the town | 0.9973
,,,,,,14490 | To create a designated reading space for children in every home in the town | 0.9973
,,,,,,13725 | To create a designated reading space for children in every home in the town | 0.9973
,,,,,,14420 | To create a designated reading space for children in every home in the town | 0.9973
,,,,,,14487 | To create a designated reading space for children in every home in the town | 0.9973
,Enhancing Child Safety and Protection in Educational Settings,"This theme encompasses initiatives and strategies aimed at improving the safety and protection of children within school environments. It includes direct interventions, policy advocacy, and collaborative efforts with governmental bodies and specialized commissions to ensure a secure and supportive educational experience for all students.","child safety,child protection,schools,educational settings,policy advocacy,governmental collaboration",Draft,35,108 | To implement a dog adoption program in the police station to support survivors of sexual violence | 0.4192
,,,,,,29219 | To strengthen child safety and protection in schools in Karnataka | 0.9848
,,,,,,29207 | To strengthen child safety and protection in schools in Karnataka by writing a request letter to the Commissioner of Social Welfare Department | 0.8972
,,,,,,29200 | To strengthen child safety and protection in schools in Karnataka | 0.9848
,,,,,,29217 | To strengthen child safety and protection in schools in Karnataka by writing a request letter to the Home Affairs Minister Dr. G. Parameshwar | 0.8708
,,,,,,29201 | To strengthen child safety and protection in schools in Karnataka by requesting the Minister of Primary and Secondary Education to take necessary actions | 0.9337
,,,,,,29151 | To strengthen child safety and protection in schools in Karnataka | 0.9848
,,,,,,29152 | To strengthen child safety and protection in schools in Karnataka | 0.9848
,,,,,,29153 | To strengthen child safety and protection in schools in Karnataka | 0.9848
,,,,,,29154 | To strengthen child safety and protection in schools in Karnataka | 0.9848
,,,,,,29202 | To strengthen child safety and protection in schools in Karnataka by working with the Women and Child Welfare Department | 0.9312
,,,,,,29155 | To strengthen child safety and protection in schools in Karnataka | 0.9848
,,,,,,29156 | To strengthen child safety and protection in schools across Karnataka by collaborating with the Karnataka State Commission for Protection of Child Rights | 0.9312
,,,,,,29157 | To strengthen child safety and protection in schools in Karnataka | 0.9848
,,,,,,29203 | To strengthen child safety and protection in schools in Karnataka by submitting a request letter to the Principal Secretary of the Department of School Education and Literacy | 0.889
,,,,,,29158 | To strengthen child safety and protection in schools across Karnataka by collaborating with the Social Welfare Department and implementing effective measures. | 0.9267
,,,,,,29159 | To strengthen child safety and protection in schools in Karnataka by requesting the Home Affairs Minister to take necessary actions | 0.9109
,,,,,,29160 | To strengthen child safety and protection in schools in Karnataka | 0.9848
,,,,,,15988 | To strengthen child safety and protection in schools in Karnataka by raising awareness and implementing safety measures | 0.9572
,,,,,,15996 | To strengthen child safety and protection in schools in Karnataka | 0.9848
,,,,,,29204 | To strengthen child safety and protection in schools in Karnataka | 0.9848
,,,,,,16215 | To strengthen child safety and protection in schools in Karnataka by addressing the lack of measures and protocols | 0.9685
,,,,,,29205 | To strengthen child safety and protection in schools in Karnataka by writing a request letter to the Chairman of the Karnataka State Commission for Protection of Child Rights | 0.8812
,,,,,,29206 | To strengthen child safety and protection in schools in Karnataka by requesting the Social Welfare Minister to implement necessary measures | 0.9308
,,,,,,32646 | To strengthen child safety and protection in schools in Karnataka by addressing the lack of safety measures and protocols | 0.9649
,,,,,,29568 | To establish a reliable bus system for children to attend school in Chakkodanahalli | 0.5557
,,,,,,32693 | To strengthen child safety and protection in schools in Karnataka by addressing the lack of safety measures and protocols | 0.9649
,,,,,,32652 | To strengthen child safety and protection in schools in Karnataka by implementing measures to prevent and respond to incidents of child abuse and neglect | 0.929
,,,,,,32687 | To strengthen child safety and protection in schools in Karnataka by addressing the main problems and implementing solutions | 0.9626
,,,,,,32638 | To strengthen child safety and protection in schools across Karnataka by addressing the lack of adequate measures and protocols. | 0.9278
,,,,,,32669 | To strengthen child safety and protection in schools in Karnataka | 0.9848
,,,,,,32675 | To strengthen child safety and protection in schools in Karnataka by requesting the Social Welfare Minister to take necessary actions | 0.9154
,,,,,,32679 | To strengthen child safety and protection in schools across Karnataka through awareness and community engagement | 0.9309
,,,,,,32658 | To strengthen child safety and protection in schools in Karnataka by addressing the lack of safety measures and protocols | 0.9649
,,,,,,32631 | To strengthen child safety and protection in schools across Karnataka through a request letter to the Chief Minister | 0.9266
,Dedicated Home Study Environments for Children,"This theme encompasses the creation and provision of distinct physical areas within a home specifically designated for children's academic pursuits. It focuses on establishing a conducive atmosphere that supports focused learning, encourages consistent study habits, and aims to positively influence educational outcomes.","home study space,dedicated learning area,children's education,study environment,academic support",Draft,34,4747 | To provide a separate place for children to study at home | 0.9602
,,,,,,4462 | To provide a separate place for children to study at home | 0.9602
,,,,,,4509 | To provide a separate space for children to study at home | 0.9921
,,,,,,13175 | To provide a separate space for children to study at home | 0.9921
,,,,,,6121 | To provide a separate space for children to study at home | 0.9921
,,,,,,28688 | To encourage children to practice at home by setting up a designated study space | 0.879
,,,,,,6894 | To provide a separate space for children to study at home | 0.9921
,,,,,,8084 | To provide a separate place for children to study at home | 0.9602
,,,,,,4404 | To provide a separate space for children to study at home | 0.9921
,,,,,,13167 | To provide a separate space for children to study at home | 0.9921
,,,,,,"13170 | To provide a dedicated space for children to study at home, thereby improving their educational outcomes | 0.9496"
,,,,,,6243 | To provide a separate place for children to study at home | 0.9602
,,,,,,6125 | To provide a separate place for children to study at home | 0.9602
,,,,,,6857 | To provide a dedicated space for children to study at home | 0.9698
,,,,,,6897 | To provide separate study spaces for children at home | 0.9522
,,,,,,6888 | To provide a separate space for children to study at home | 0.9921
,,,,,,"7226 | To create a separate space for children to study and discuss, addressing the lack of dedicated study areas at home. | 0.901"
,,,,,,13323 | To provide a separate space for children to study at home | 0.9921
,,,,,,10070 | To provide a separate place for children to study at home by empowering women to take action | 0.8272
,,,,,,"6838 | To provide a dedicated space for children to study at home, improving their focus and academic performance | 0.9296"
,,,,,,4530 | To provide a separate place for children to study at the education center | 0.804
,,,,,,4400 | To empower women and children through education by providing a separate space for children to study at home | 0.8439
,,,,,,13333 | To provide a separate space for children to study at home | 0.9921
,,,,,,6235 | To provide a separate space for children to study at home | 0.9921
,,,,,,13897 | To provide a separate space for children to study and discuss with women in the education center | 0.7444
,,,,,,6860 | To provide a dedicated space for children to study at home | 0.9698
,,,,,,6884 | To provide a separate space for children to study at home and improve their learning experience | 0.9597
,,,,,,7278 | To provide a separate space for children to study at home | 0.9921
,,,,,,14568 | To create awareness and provide a separate space for children to study at home | 0.9181
,,,,,,3300 | To provide a dedicated space for children to study and read at home | 0.9239
,,,,,,14562 | To provide a separate space for children to study at home | 0.9921
,,,,,,13936 | To provide a separate space for children to study at home | 0.9921
,,,,,,4403 | To provide a separate space for children to study at home | 0.9921
,,,,,,4449 | To provide a separate space for children to study at home | 0.9921
,Enhancing School Mental Health Services,"This theme encompasses initiatives aimed at improving the provision of mental health support within educational institutions. It specifically focuses on addressing the deficit of qualified mental health professionals, such as counselors and psychologists, through advocacy, policy change, and direct appointment to ensure student well-being.","school mental health,student well-being,mental health specialists,counselors,psychologists,advocacy,educational policy",Draft,34,29076 | To address the lack of mental health specialists in schools | 0.9374
,,,,,,28767 | To ensure the mental health and well-being of students by advocating for the appointment of counselors or psychologists in schools | 0.8536
,,,,,,28768 | To address the lack of mental health specialists in schools by advocating for the appointment of counselors or psychologists. | 0.9484
,,,,,,29081 | To provide mental health support to students in schools by appointing counselors or psychologists | 0.8974
,,,,,,28780 | To improve mental health support in schools by hiring counselors or psychologists | 0.8708
,,,,,,29085 | To address the lack of mental health specialists in schools | 0.9374
,,,,,,15710 | To address the lack of mental health specialists in schools and promote women's leadership in education | 0.7906
,,,,,,15781 | To address the lack of mental health specialists in schools | 0.9374
,,,,,,15780 | To address the lack of mental health specialists in schools | 0.9374
,,,,,,15847 | To raise awareness about the importance of mental health in schools and to advocate for the appointment of counselors or psychologists. | 0.8498
,,,,,,15875 | To improve mental health support in schools by appointing counselors or psychologists | 0.8957
,,,,,,15703 | To prioritize children's mental health | 0.666
,,,,,,15711 | To address the lack of mental health specialists in schools by advocating for the appointment of counselors or psychologists. | 0.9484
,,,,,,15716 | To improve mental health support for students by advocating for the appointment of counselors or psychologists in schools | 0.8746
,,,,,,15719 | To address the lack of mental health specialists in schools by petitioning the government and the Principal Secretary of the School Education and Literacy Department | 0.797
,,,,,,15739 | To address the lack of mental health specialists in schools | 0.9374
,,,,,,15733 | To improve mental health support in schools by appointing counselors or psychologists | 0.8957
,,,,,,"15751 | To address the lack of mental health specialists in schools, a petition was submitted to the government to appoint counselors or psychologists for the mental health of children. | 0.8123"
,,,,,,15766 | To address the lack of mental health specialists in schools | 0.9374
,,,,,,"15773 | To address the lack of mental health specialists in schools, a petition letter was submitted to the government and Honorable Madhu Bangarappa | 0.6664"
,,,,,,15802 | To address the lack of mental health specialists in schools | 0.9374
,,,,,,15806 | To address the lack of mental health specialists in schools | 0.9374
,,,,,,15885 | To address the lack of mental health specialists in schools by advocating for their appointment | 0.9268
,,,,,,15881 | To improve mental health support for students by advocating for the appointment of counselors or psychologists in schools | 0.8746
,,,,,,15886 | To address the lack of mental health specialists in schools by advocating for the appointment of counselors or psychologists | 0.9593
,,,,,,29041 | To address the lack of mental health specialists in schools by advocating for their appointment | 0.9268
,,,,,,29044 | To address the lack of mental health specialists in schools | 0.9374
,,,,,,15709 | To address the lack of mental health specialists in schools by advocating for the appointment of counselors or psychologists. | 0.9484
,,,,,,15706 | To improve mental health support in schools by appointing counselors or psychologists | 0.8957
,,,,,,15804 | To address the lack of mental health specialists in schools | 0.9374
,,,,,,15795 | To address the lack of mental health specialists in schools by advocating for the appointment of counselors or psychologists. | 0.9484
,,,,,,16083 | To provide mental health support to children in schools by appointing counselors or psychologists | 0.892
,,,,,,15767 | To improve mental health support in schools by appointing counselors or psychologists | 0.8957
,,,,,,"15785 | To address the lack of mental health specialists in schools, Women Leader Hamsaveni took initiative to solve the problem by writing letters to key officials. | 0.5341"
,Enhancing Student Learning and Support,"This theme encompasses initiatives aimed at improving the educational experience and outcomes for students, both within and outside of traditional school hours. It includes strategies to boost engagement in school activities, provide supplementary academic support, and foster student self-efficacy, ultimately contributing to improved learning and development.","student engagement,academic support,learning outcomes,student development,supplementary education,morning assembly,tuition",Draft,32,187 | To enhance student engagement and participation in morning assembly activities | 0.6818
,,,,,,188 | To make morning assembly more engaging and effective for students | 0.7015
,,,,,,163 | To improve student engagement and participation in morning assembly | 0.7012
,,,,,,184 | To improve the school infrastructure by securing funds from donors | 0.6484
,,,,,,189 | To conduct an effective morning assembly that engages all students and increases teacher responsibility | 0.713
,,,,,,190 | To engage all students and make the morning assembly more meaningful by incorporating learning outcomes based activities | 0.6913
,,,,,,3058 | To secure funding to improve education in a school or cluster | 0.6294
,,,,,,28594 | To improve attendance and encourage children to come to school on time by organizing a morning assembly program | 0.7932
,,,,,,"15459 | To ensure timely release of funds for teacher training in Anekal Taluk, Bengaluru, Karnataka, by following up with the department and conducting meetings with the accounts officer. | 0.5874"
,,,,,,28560 | To enhance students' confidence and motivation to lead morning assembly activities independently. | 0.6276
,,,,,,6022 | To provide evening tuition for children to improve their reading skills | 0.8285
,,,,,,6140 | To provide evening tuition to children | 0.8995
,,,,,,6144 | To provide evening lessons to children | 0.8174
,,,,,,"6846 | To provide evening tuition to children in Ramanahalli, Mysuru, Karnataka, by engaging women from the education center | 0.7242"
,,,,,,8091 | To provide evening tuition for children and empower women through education | 0.8274
,,,,,,4924 | To ensure children receive additional support for their education by arranging evening tuition | 0.858
,,,,,,4395 | To enhance evening learning for children by providing individualized attention and relevant teaching methods | 0.6358
,,,,,,"8077 | To provide evening tuition to children who cannot afford it, enhancing their educational opportunities and bridging the learning gap. | 0.8244"
,,,,,,8087 | To provide evening tuition for children in the community | 0.9035
,,,,,,8504 | To provide evening tuition for children in Jeeyara | 0.744
,,,,,,15540 | To provide tuition for children in the community | 0.7977
,,,,,,4215 | To address the issue of no teachers due to no on-time payment by raising funds | 0.6898
,,,,,,8115 | To provide tuition for children in the community | 0.7977
,,,,,,12840 | To provide evening lessons for children through discussions and help from women at the education center | 0.724
,,,,,,"13932 | To provide tuition for children in Pillahalli, Mysuru, Karnataka, by leveraging the resources of the education center and the collective efforts of women from the community. | 0.6978"
,,,,,,13948 | To establish a tuition system for children in the community | 0.7585
,,,,,,13930 | To provide tuition for children in the community | 0.7977
,,,,,,4401 | To provide evening education to children and help them learn with interest and activity | 0.8278
,,,,,,13928 | To provide tuition for children through discussions and arrangements by the education center women | 0.7065
,,,,,,14561 | To provide evening education to children through awareness and community involvement | 0.822
,,,,,,15535 | To provide evening tuition for children to learn their homework | 0.8677
,,,,,,"28445 | To enhance student engagement by implementing a student-led morning assembly, guided by block officials, and fostering a vibrant atmosphere in the school | 0.6765"
,Combating Educational Disengagement and Child Labor,"This theme encompasses initiatives aimed at preventing students from leaving educational institutions prematurely and addressing the multifaceted issue of child labor. It includes strategies to improve educational access, retention, and outcomes, particularly for vulnerable populations, while simultaneously raising awareness and enforcing legal frameworks against child labor to ensure all children receive an education.","dropout prevention,child labor,educational access,student retention,vulnerable populations,awareness campaigns,prohibition of child labor",Draft,32,62 | To reduce dropout rates at the local high school | 0.7189
,,,,,,26 | Reduce school dropout rate | 0.6545
,,,,,,28 | Reduce school drop out rate | 0.6437
,,,,,,67 | Reduce dropout rates among students from marginalized communities or economically disadvantaged backgrounds | 0.6445
,,,,,,119 | To address the issue of increasing drop-out rates and decreasing academic performances by improving the school infrastructure | 0.6772
,,,,,,3330 | To decrease dropout rates by providing personalized learning pathways and real-world learning experiences | 0.4785
,,,,,,40519 | To reduce child labour by creating awareness about the importance of education and providing free admission to children | 0.8244
,,,,,,4369 | To improve the health and education of migrant children by addressing poor hygiene and nutrition | 0.5739
,,,,,,4371 | To provide educational support to migrant children and reduce dropout rates | 0.8213
,,,,,,28726 | To create awareness about child labor and its effects on education | 0.784
,,,,,,28728 | To raise awareness about the importance of education and the prohibition of child labor | 0.8138
,,,,,,4986 | To reduce child labour by providing education and convincing parents of its importance | 0.7839
,,,,,,28731 | To create awareness about the Child Labor Prohibition Act and its importance in preventing child labor | 0.6799
,,,,,,28733 | To raise awareness about the Child Labor Prohibition Act and ensure all children in the village attend school daily | 0.7672
,,,,,,28734 | To reduce child labor by educating people about the Child Labor Prohibition Act | 0.7826
,,,,,,28736 | To create awareness about the importance of education and the prohibition of child labor | 0.798
,,,,,,6709 | To reduce dropout rates by raising awareness about the importance of education | 0.7987
,,,,,,28745 | To eradicate child labor in Beummasanahalli village by raising awareness about the Child Labor Prohibition Act | 0.5991
,,,,,,28774 | To eradicate child labor by educating the community about the Child Labor Prohibition Act | 0.7076
,,,,,,15056 | To inspire children to attend school and reduce dropout rates through community engagement and motivation | 0.7411
,,,,,,3769 | To ensure children of migrant workers have access to education and are not forced into child labor | 0.7464
,,,,,,4380 | To reduce child labor by providing access to education and creating awareness about its importance | 0.8526
,,,,,,4359 | To educate migrant children and reduce child labor by creating awareness among parents and employers about the benefits of schooling and the harm caused by child labor | 0.7719
,,,,,,4316 | To increase school attendance among migrant family children by addressing health issues and promoting hygiene | 0.6401
,,,,,,3897 | To continue studying after dropping out of school | 0.4401
,,,,,,15669 | To educate laborers | 0.5869
,,,,,,28899 | To increase school attendance and reduce dropout rates in rural areas | 0.7659
,,,,,,4985 | To reduce school dropout rates in Kannali village by addressing poverty and gender bias | 0.6746
,,,,,,19914 | To ensure children attend school regularly and receive scholarships | 0.6596
,,,,,,15805 | To reduce dropout rates by providing bus services for students with working parents | 0.6856
,,,,,,4357 | To improve children's education by spreading awareness about the negative impact of child labour | 0.768
,,,,,,28945 | To reduce dropout rates after 8th grade by raising awareness about the importance of education and providing support to students | 0.7905
,Enhancing Rural Education and Community Empowerment,"This theme encompasses multifaceted strategies aimed at improving educational access, quality, and outcomes within rural communities. It focuses on increasing enrollment and participation through awareness campaigns, parental engagement, and infrastructural development, while also emphasizing the broader impact of education on youth empowerment, community development, and individual life improvement.","rural education,community empowerment,educational access,enrollment,parental engagement,youth development,infrastructure",Draft,31,19 | Improve rural school infrastructure | 0.7898
,,,,,,40588 | To improve education in rural areas by encouraging parents to send their children to school | 0.9386
,,,,,,40676 | To improve education in rural areas by raising awareness about its importance and enrolling children in schools | 0.9332
,,,,,,40679 | To educate rural children about science and its importance | 0.7678
,,,,,,40683 | To promote rural development by empowering youth through sports and encouraging their participation in community activities | 0.6995
,,,,,,40930 | To empower rural communities through education and raise awareness about its importance | 0.8537
,,,,,,10897 | To improve education in rural areas by encouraging parents to send their children to school and providing support to students | 0.9252
,,,,,,5558 | To increase awareness about the importance of education in rural areas and encourage guardians to send their children to school | 0.8987
,,,,,,41264 | To educate children in rural areas and empower them to improve their lives | 0.8925
,,,,,,41269 | To improve education in rural areas by increasing interest and enrollment in schools | 0.8644
,,,,,,40544 | To improve education in rural areas by convincing parents to send their children to school | 0.9349
,,,,,,40556 | To educate rural children about nursery rhymes and concentration activities | 0.6819
,,,,,,41440 | To improve education in rural areas by raising awareness and supporting families | 0.9016
,,,,,,41526 | To improve education in rural areas by encouraging parents to pursue learning and ensuring children attend school on time | 0.9217
,,,,,,22014 | To provide proper coaching to rural government school children and help them become winners in sports competitions | 0.6889
,,,,,,28723 | To improve education in rural areas by raising awareness about its importance and engaging children in educational activities | 0.9135
,,,,,,18928 | To educate rural communities about the importance of education and encourage them to send their children to school | 0.9366
,,,,,,5838 | To improve education in rural areas by increasing awareness and accessibility | 0.8211
,,,,,,6527 | To improve education in rural areas by setting up Education Chaupal and encouraging parents to send their children to school | 0.9169
,,,,,,11020 | To improve education in rural areas by increasing awareness and encouraging parents to send their children to school | 0.9571
,,,,,,11406 | To improve education in rural areas by promoting community involvement and support | 0.8721
,,,,,,10875 | To improve education in rural areas by engaging the community and providing resources for children to learn and play | 0.9045
,,,,,,4115 | To improve the quality of education in rural areas by encouraging parents to send their children to school and creating a separate education system for children | 0.9232
,,,,,,4943 | To improve rural education by addressing the challenges faced by children and families in accessing quality education | 0.8379
,,,,,,27800 | To provide free tuition to children in rural areas and make them aware of education | 0.8441
,,,,,,27887 | To address the lack of moral education and financial constraints affecting rural children by providing free tuition and enhancing their learning experience. | 0.7528
,,,,,,14903 | To enhance education in rural areas by making it more engaging and relevant to the community | 0.9016
,,,,,,28926 | To improve education in rural areas by discussing with parents and children | 0.8798
,,,,,,"28932 | To improve the education of rural students by providing them with digital tools and a clean environment, and to increase their interest in learning new things | 0.7796"
,,,,,,32164 | To improve education in rural areas by engaging the community and providing necessary documents for children to attend school | 0.9265
,,,,,,33936 | To increase school enrollment and attendance among rural children by promoting the importance of education through community engagement | 0.8313
,Ensuring Educational Access Through Documentation and Enrollment,"This theme encompasses the multifaceted efforts to facilitate children's access to education by addressing critical documentation requirements and overcoming enrollment barriers. It includes initiatives focused on obtaining essential civil documents like birth certificates, correcting inaccuracies, and navigating bureaucratic processes to ensure all children can be admitted to and remain in school, thereby promoting their right to education and access to associated social benefits.","educational access,birth certificates,school enrollment,documentation,child welfare,social benefits",Draft,31,40580 | To improve education by obtaining necessary documents for school enrollment | 0.7958
,,,,,,"40582 | To help Kirti get a birth certificate, which is essential for accessing government schemes and benefits. | 0.6384"
,,,,,,"40595 | To encourage parents to obtain birth certificates for their children, addressing the issue of lack of birth certificates among children in the community | 0.7537"
,,,,,,40613 | To improve school enrollment by obtaining birth dates for children | 0.7552
,,,,,,40652 | To ensure children are admitted to school and receive proper education | 0.8274
,,,,,,41676 | To ensure a small child receives ration in Aagin Vani by providing necessary documents | 0.5628
,,,,,,41678 | To correct the birth certificate of a child to get ration from the Anganwadi centre | 0.5985
,,,,,,40864 | To address the issue of schools demanding unnecessary fees for transfer certificates and ensure that students can obtain these documents without paying bribes | 0.6668
,,,,,,40915 | To enroll 15 children of Nat Tola who had left their studies midway back into school | 0.6056
,,,,,,41179 | To increase awareness among parents about the importance of birth certificates for their children | 0.6932
,,,,,,41313 | To enroll children in school who were not previously enrolled | 0.7215
,,,,,,41406 | To ensure all children can enroll in school by correcting their birth dates with the help of Asha Didi and Anganwadi Didi. | 0.6883
,,,,,,41474 | To enroll a child in a government school who was unable to do so due to not having a transfer certificate (TC) from their previous private school. | 0.7408
,,,,,,41528 | To get a birth certificate for a child from another village | 0.6684
,,,,,,41533 | To help children get birth certificates and increase school enrollment | 0.8602
,,,,,,41549 | To help her daughter get admission in school by obtaining necessary documents | 0.7626
,,,,,,48925 | To enroll Ankit in school despite his mother | 0.6181
,,,,,,49019 | To re-enroll children who had dropped out of school due to various reasons and provide them with access to education | 0.7739
,,,,,,28630 | To improve education by obtaining birth certificates for children without them | 0.8693
,,,,,,14899 | To ensure the safety of his daughter while she attends school | 0.6336
,,,,,,28995 | To help children get admitted to school by obtaining necessary documents | 0.8582
,,,,,,7052 | To get birth certificates made for children and register them in school | 0.7926
,,,,,,"15347 | To improve education in the community by ensuring all children, including girls, have access to schooling and necessary documents like birth certificates. | 0.8022"
,,,,,,29215 | To ensure all children in the village have the necessary documents for school admission | 0.7968
,,,,,,4392 | To help a student who dropped out of school return to education and understand its value | 0.5866
,,,,,,17691 | To ensure all children in the village have access to education by obtaining birth certificates | 0.8605
,,,,,,4132 | To enroll two children in school who were dropped out due to lack of original documents | 0.738
,,,,,,28428 | To increase school enrollment by assisting families in obtaining birth certificates for their children | 0.8702
,,,,,,"29388 | To address the issue of children not having birth certificates, which was a barrier to their school enrollment, by facilitating the creation of these documents and thus enabling their education. | 0.8178"
,,,,,,"30828 | To improve access to birth certificates for children in Musepur, Bihta, Patna, Bihar, thereby enhancing their educational and social opportunities | 0.7763"
,,,,,,30299 | To improve education for women and children by helping them obtain necessary documents and enroll in school | 0.7467
,Establishing Dedicated Children's Reading Spaces,"This theme encompasses initiatives aimed at establishing designated and accessible reading environments specifically for children within home settings. It addresses the creation of these spaces, particularly in contexts of limited physical area, to foster a culture of reading and provide children with a dedicated area for literacy engagement.","children's reading spaces,home literacy environments,dedicated reading areas,family reading,literacy promotion",Draft,28,15506 | To create a dedicated reading space for children in small households | 0.9205
,,,,,,13191 | To create a designated reading space for children in every home | 0.9958
,,,,,,13171 | To create a designated reading space for children | 0.9313
,,,,,,15032 | To help families create dedicated reading spaces in their homes despite limited space | 0.8973
,,,,,,12081 | To create a designated reading space for children in every home | 0.9958
,,,,,,12150 | To create a designated reading space in every home for children | 0.9929
,,,,,,14984 | To help families create a dedicated reading space in their small homes | 0.8773
,,,,,,14496 | To create a designated reading space for children in every home | 0.9958
,,,,,,12062 | To create a designated reading space for children in homes by making reading calendars | 0.883
,,,,,,15521 | To create a designated reading space for children in every home | 0.9958
,,,,,,15526 | To create a designated reading space for children in every home | 0.9958
,,,,,,15522 | To create a designated reading space for children in every home | 0.9958
,,,,,,15518 | To create a designated reading space for children in every home | 0.9958
,,,,,,14405 | To create a designated reading space for children in every home | 0.9958
,,,,,,14427 | To create a designated reading space for children in every home | 0.9958
,,,,,,15403 | To create a dedicated reading space for children despite limited space at home | 0.9178
,,,,,,14414 | To create a designated reading space for children in every home | 0.9958
,,,,,,14489 | To create a designated reading space for children in every home | 0.9958
,,,,,,14422 | To create a designated reading space for children in every home | 0.9958
,,,,,,14397 | To create a designated reading space for children in every home | 0.9958
,,,,,,14479 | To create a designated reading space for children in every home | 0.9958
,,,,,,14425 | To create a designated reading space for children at home | 0.9769
,,,,,,14495 | To create a designated reading space for children in every home | 0.9958
,,,,,,14492 | To create a designated reading space for children in every home | 0.9958
,,,,,,12037 | To create a designated reading space in every home for children | 0.9929
,,,,,,14491 | To create a designated reading space for children in every home | 0.9958
,,,,,,"15541 | To create a dedicated reading space for children in their homes, despite limited space, by surveying families and identifying common constraints to design around. | 0.8736"
,,,,,,14494 | To create a designated reading space for children in every home | 0.9958
,Empowerment and Engagement of Girls through Community-Based Platforms,"This theme encompasses initiatives focused on strengthening community-based platforms, such as Meena Manch and Kishori Manch, to foster the empowerment and active engagement of adolescent girls. It highlights the creation of safe spaces for self-expression, the promotion of awareness on critical social and health issues, and the development of leadership skills, ultimately aiming for improved personal development and advocacy for their rights.","Girls' Empowerment,Adolescent Development,Community Platforms,Safe Spaces,Social Awareness,Rights Advocacy,Meena Manch,Kishori Manch",Draft,24,3928 | To ensure the continuation of Meena Manch activities despite the transfer of the previous facilitator | 0.7061
,,,,,,41099 | To empower girls to speak openly and share their problems with each other through Meena Manch meetings | 0.8003
,,,,,,"41147 | To empower girls in Bihar through Meena Manch, a platform that provides a safe space for them to express themselves and raise their voices for their rights | 0.7939"
,,,,,,41379 | To activate the Meena Manch and raise awareness about menstrual hygiene and gender among school girls | 0.8082
,,,,,,41501 | To empower adolescent girls through Kishori Manch meetings and improve their overall development | 0.6765
,,,,,,48956 | To reorganize Meena Manch and increase child participation | 0.8521
,,,,,,4225 | To empower adolescent girls and create awareness on social issues through regular meetings of Meena Manch | 0.8522
,,,,,,4233 | To improve attendance in Meena Manch by making it easier to track and record attendance | 0.6903
,,,,,,"3992 | To empower children, especially girls, through Meena Manch activities and Grandparents | 0.8526"
,,,,,,29086 | To improve school attendance by strengthening Meena Manch and conducting regular parent meetings | 0.8042
,,,,,,4209 | To help girls of Meena Manch understand the concept of institutional patriarchy | 0.7435
,,,,,,3861 | To address the shortage of good teachers in the village government school by creating a system for women to teach children lessons | 0.5586
,,,,,,4174 | To empower school children and bring about a positive change in their lives through Meena Manch | 0.8457
,,,,,,4097 | To prepare girls of Meena Manch for Grandparents | 0.7991
,,,,,,"4011 | To empower girls and provide them with a comfortable environment to discuss their issues, especially related to menstruation, by removing male teachers and boys from the meeting and assigning responsibilities to Meena Prerak or President Treasurer. | 0.7978"
,,,,,,4170 | To form a Meena Manch in Ratauli High School with the help of Sulekha Kumari and Gayatri Madam | 0.7366
,,,,,,3926 | To establish regular Meena Manch meetings and ensure active participation from the school administration | 0.8315
,,,,,,16300 | To encourage Meena to attend school regularly | 0.7271
,,,,,,4203 | To spread awareness about human trafficking and transform human trafficking incidents through Meena Manch | 0.59
,,,,,,4238 | To create awareness about Meena Manch among girls and boys and to empower them to take decisions and solve problems | 0.9144
,,,,,,4263 | To improve education and awareness among girls in the community through Meena Manch | 0.8511
,,,,,,4299 | To increase awareness and participation of girls in Kishori Manch meetings | 0.6634
,,,,,,4195 | To promote unity and discipline among children through regular Meena Manch meetings and activities | 0.7914
,,,,,,29427 | To improve the understanding of Meena Manch among children | 0.8019
,Establishing Home-Based Reading Environments for Children,"This theme focuses on the establishment and provision of dedicated physical spaces within households designed to foster a reading culture among children. It encompasses the creation of accessible and conducive reading areas in every home within a specific community, aiming to promote literacy and a love for reading through accessible, personalized environments.","home reading spaces,child literacy,community development,reading environments,early childhood education",Draft,23,"13174 | To create designated reading spaces for children in Nagawala, Mysuru, Karnataka | 0.9716"
,,,,,,"13246 | To create a designated reading space for children in every home in Nagawala, Mysuru, Karnataka | 0.9991"
,,,,,,"13252 | To create a designated reading space for children in every home in Nagawala, Mysuru, Karnataka | 0.9991"
,,,,,,"14396 | To create a designated reading space for children in every home in Nagawala, Mysuru, Karnataka | 0.9991"
,,,,,,"12111 | To create a designated reading area for children in every home in Nagawala, Mysuru, Karnataka | 0.9634"
,,,,,,"12155 | To create a designated reading area for children in every home in Nagawala, Mysuru, Karnataka | 0.9634"
,,,,,,"12168 | To create a designated reading space for children in every home in Nagawala, Mysuru, Karnataka | 0.9991"
,,,,,,"13711 | To create a designated reading space for children in every home in Nagawala, Mysuru, Karnataka | 0.9991"
,,,,,,"13713 | To create a designated reading space for children in every home in Nagawala, Mysuru, Karnataka | 0.9991"
,,,,,,"13729 | To create a designated reading space for children in every home in Nagawala, Mysuru, Karnataka | 0.9991"
,,,,,,"15517 | To create a designated reading space for children in every home in Nagawala, Mysuru, Karnataka | 0.9991"
,,,,,,"15519 | To create a designated reading space for children in every home in Nagawala, Mysuru, Karnataka | 0.9991"
,,,,,,"15520 | To create a designated reading space for children in every home in Nagawala, Mysuru, Karnataka | 0.9991"
,,,,,,"15527 | To create a designated reading space for children in every home in Nagawala, Mysore, Karnataka | 0.9737"
,,,,,,"14483 | To create a designated reading space for children in every home in Nagawala, Mysuru, Karnataka | 0.9991"
,,,,,,"14426 | To create a designated reading space for children in every home in Nagawala, Mysuru, Karnataka, by inspiring and motivating women to take action. | 0.9112"
,,,,,,"14484 | To create a designated reading space for children in every home in Nagawala, Mysuru, Karnataka | 0.9991"
,,,,,,"12158 | To create a dedicated reading space for children in every home in Nagawala, Mysuru, Karnataka | 0.9802"
,,,,,,"13719 | To create a designated reading space for children in every home in Nagawala, Mysuru, Karnataka | 0.9991"
,,,,,,"14482 | To create a designated reading space for children in every home in Nagawala, Mysuru, Karnataka | 0.9991"
,,,,,,"14417 | To create a designated reading space for children in every home in Nagawala, Mysuru, Karnataka | 0.9991"
,,,,,,"14488 | To create a designated reading space for children in every home in Nagawala, Mysuru, Karnataka | 0.9991"
,,,,,,"14486 | To create a designated reading space for children in every home in Nagawala, Mysuru, Karnataka, and inspire women to take an active role in their children's education. | 0.9249"
,Financial Literacy and Empowerment,"This theme encompasses initiatives aimed at increasing knowledge and understanding of financial principles and practices, with a particular focus on empowering women and the broader community to make informed financial decisions. It includes educational efforts to improve financial literacy, enhance financial well-being, and support individuals in achieving their financial goals, including educational pursuits.","financial literacy,financial education,empowerment,women's empowerment,community education,financial well-being,informed decision-making",Draft,18,14050 | To educate women about financial literacy and its importance | 0.9546
,,,,,,5082 | To educate the community about financial literacy and its importance | 0.9298
,,,,,,5001 | To educate women in the community about financial literacy and its importance | 0.9497
,,,,,,5511 | To educate the community about financial literacy and its importance | 0.9298
,,,,,,13890 | To educate the community about financial literacy and its importance | 0.9298
,,,,,,14086 | To educate women about financial literacy | 0.9413
,,,,,,14038 | To educate the community about financial literacy and its importance | 0.9298
,,,,,,14044 | To enhance financial literacy among women in Pillana Halli by providing information and education | 0.8169
,,,,,,14043 | To educate women in the community about financial literacy and empower them to make informed decisions. | 0.8805
,,,,,,14053 | To educate women about financial literacy and its importance | 0.9546
,,,,,,14088 | To improve financial literacy among women in Salundi by providing information and education | 0.8387
,,,,,,29164 | To strengthen financial situation | 0.6315
,,,,,,29165 | To improve the financial situation and support studies | 0.7062
,,,,,,29166 | To improve financial condition and pursue studies | 0.684
,,,,,,14477 | To educate women about financial literacy and its importance | 0.9546
,,,,,,14046 | To educate women about financial literacy and its importance | 0.9546
,,,,,,14087 | To improve financial literacy among the community by raising awareness | 0.8388
,,,,,,14048 | To educate women about financial literacy and its importance | 0.9546
